graph_id,family,n,method,depth,budget,query_index,source,objective_exact,incumbent_objective,theta_json,coordinate_index,step_sign,step_size,eta,incumbent_theta_json,elapsed_ms,direction_index
er_n10_s464970455,er,10,Random,3,24,1,random,0.7414825362576115,0.7414825362576115,,,,,,,,
er_n10_s464970455,er,10,Random,3,24,2,random,0.7137787811831462,0.7414825362576115,,,,,,,,
er_n10_s464970455,er,10,Random,3,24,3,random,0.6953536750633279,0.7414825362576115,,,,,,,,
er_n10_s464970455,er,10,Random,3,24,4,random,0.7281403707898788,0.7414825362576115,,,,,,,,
er_n10_s464970455,er,10,Random,3,24,5,random,0.7704054053878057,0.7704054053878057,,,,,,,,
er_n10_s464970455,er,10,Random,3,24,6,random,0.6890252898730345,0.7704054053878057,,,,,,,,
er_n10_s464970455,er,10,Random,3,24,7,random,0.7595037628618397,0.7704054053878057,,,,,,,,
er_n10_s464970455,er,10,Random,3,24,8,random,0.7482259687232107,0.7704054053878057,,,,,,,,
er_n10_s464970455,er,10,Random,3,24,9,random,0.6035475727255992,0.7704054053878057,,,,,,,,
er_n10_s464970455,er,10,Random,3,24,10,random,0.7062729769788988,0.7704054053878057,,,,,,,,
er_n10_s464970455,er,10,Random,3,24,11,random,0.5018256989628747,0.7704054053878057,,,,,,,,
er_n10_s464970455,er,10,Random,3,24,12,random,0.7426727590053963,0.7704054053878057,,,,,,,,
er_n10_s464970455,er,10,Random,3,24,13,random,0.6992813144591532,0.7704054053878057,,,,,,,,
er_n10_s464970455,er,10,Random,3,24,14,random,0.5928236201251651,0.7704054053878057,,,,,,,,
er_n10_s464970455,er,10,Random,3,24,15,random,0.7304652731743084,0.7704054053878057,,,,,,,,
er_n10_s464970455,er,10,Random,3,24,16,random,0.664313928772936,0.7704054053878057,,,,,,,,
er_n10_s464970455,er,10,Random,3,24,17,random,0.7271359107442079,0.7704054053878057,,,,,,,,
er_n10_s464970455,er,10,Random,3,24,18,random,0.6541916858116485,0.7704054053878057,,,,,,,,
er_n10_s464970455,er,10,Random,3,24,19,random,0.6765685963414323,0.7704054053878057,,,,,,,,
er_n10_s464970455,er,10,Random,3,24,20,random,0.7450692567478403,0.7704054053878057,,,,,,,,
er_n10_s464970455,er,10,Random,3,24,21,random,0.6874043926595732,0.7704054053878057,,,,,,,,
er_n10_s464970455,er,10,Random,3,24,22,random,0.7192273883091969,0.7704054053878057,,,,,,,,
er_n10_s464970455,er,10,Random,3,24,23,random,0.7826000139611774,0.7826000139611774,,,,,,,,
er_n10_s464970455,er,10,Random,3,24,24,random,0.7008417188810105,0.7826000139611774,,,,,,,,
er_n10_s464970455,er,10,TQA,3,24,1,anchor:tqa,0.7253779863960299,0.7253779863960299,"[0.7853981633974483, 1.5707963267948966, 2.356194490192345, 2.356194490192345, 1.5707963267948966, 0.7853981633974483]",,,,,"[0.7853981633974483, 1.5707963267948966, 2.356194490192345, 2.356194490192345, 1.5707963267948966, 0.7853981633974483]",12.318750000000378,
er_n10_s464970455,er,10,TQA+coordinate,3,24,1,anchor:tqa,0.7253779863960299,0.7253779863960299,"[0.7853981633974483, 1.5707963267948966, 2.356194490192345, 2.356194490192345, 1.5707963267948966, 0.7853981633974483]",,,,,"[0.7853981633974483, 1.5707963267948966, 2.356194490192345, 2.356194490192345, 1.5707963267948966, 0.7853981633974483]",12.266500000000846,
er_n10_s464970455,er,10,TQA+coordinate,3,24,2,coordinate_refine,0.7157768377770997,0.7253779863960299,"[1.2853981633974483, 1.5707963267948966, 2.356194490192345, 2.356194490192345, 1.5707963267948966, 0.7853981633974483]",0,1,0.5,1.0,"[0.7853981633974483, 1.5707963267948966, 2.356194490192345, 2.356194490192345, 1.5707963267948966, 0.7853981633974483]",11.917750000000282,
er_n10_s464970455,er,10,TQA+coordinate,3,24,3,coordinate_refine,0.7330847275838113,0.7330847275838113,"[0.2853981633974483, 1.5707963267948966, 2.356194490192345, 2.356194490192345, 1.5707963267948966, 0.7853981633974483]",0,-1,0.5,1.0,"[0.2853981633974483, 1.5707963267948966, 2.356194490192345, 2.356194490192345, 1.5707963267948966, 0.7853981633974483]",11.876792000000691,
er_n10_s464970455,er,10,TQA+coordinate,3,24,4,coordinate_refine,0.7253779863960299,0.7330847275838113,"[0.7853981633974483, 1.5707963267948966, 2.356194490192345, 2.356194490192345, 1.5707963267948966, 0.7853981633974483]",0,1,0.5,1.0,"[0.2853981633974483, 1.5707963267948966, 2.356194490192345, 2.356194490192345, 1.5707963267948966, 0.7853981633974483]",11.868333000000675,
er_n10_s464970455,er,10,TQA+coordinate,3,24,5,coordinate_refine,0.7310239672801981,0.7330847275838113,"[0.0, 1.5707963267948966, 2.356194490192345, 2.356194490192345, 1.5707963267948966, 0.7853981633974483]",0,-1,0.5,1.0,"[0.2853981633974483, 1.5707963267948966, 2.356194490192345, 2.356194490192345, 1.5707963267948966, 0.7853981633974483]",11.845582999999493,
er_n10_s464970455,er,10,TQA+coordinate,3,24,6,coordinate_refine,0.7155300398744129,0.7330847275838113,"[0.2853981633974483, 2.0707963267948966, 2.356194490192345, 2.356194490192345, 1.5707963267948966, 0.7853981633974483]",1,1,0.5,1.0,"[0.2853981633974483, 1.5707963267948966, 2.356194490192345, 2.356194490192345, 1.5707963267948966, 0.7853981633974483]",11.85345900000101,
er_n10_s464970455,er,10,TQA+coordinate,3,24,7,coordinate_refine,0.7114241834736899,0.7330847275838113,"[0.2853981633974483, 1.0707963267948966, 2.356194490192345, 2.356194490192345, 1.5707963267948966, 0.7853981633974483]",1,-1,0.5,1.0,"[0.2853981633974483, 1.5707963267948966, 2.356194490192345, 2.356194490192345, 1.5707963267948966, 0.7853981633974483]",11.839916999999645,
er_n10_s464970455,er,10,TQA+coordinate,3,24,8,coordinate_refine,0.7155300398744124,0.7330847275838113,"[0.2853981633974483, 1.5707963267948966, 2.856194490192345, 2.356194490192345, 1.5707963267948966, 0.7853981633974483]",2,1,0.5,1.0,"[0.2853981633974483, 1.5707963267948966, 2.356194490192345, 2.356194490192345, 1.5707963267948966, 0.7853981633974483]",11.810542000000979,
er_n10_s464970455,er,10,TQA+coordinate,3,24,9,coordinate_refine,0.7114241834736897,0.7330847275838113,"[0.2853981633974483, 1.5707963267948966, 1.8561944901923448, 2.356194490192345, 1.5707963267948966, 0.7853981633974483]",2,-1,0.5,1.0,"[0.2853981633974483, 1.5707963267948966, 2.356194490192345, 2.356194490192345, 1.5707963267948966, 0.7853981633974483]",11.826792000000808,
er_n10_s464970455,er,10,TQA+coordinate,3,24,10,coordinate_refine,0.7205829389830363,0.7330847275838113,"[0.2853981633974483, 1.5707963267948966, 2.356194490192345, 2.856194490192345, 1.5707963267948966, 0.7853981633974483]",3,1,0.5,1.0,"[0.2853981633974483, 1.5707963267948966, 2.356194490192345, 2.356194490192345, 1.5707963267948966, 0.7853981633974483]",11.811959000000982,
er_n10_s464970455,er,10,TQA+coordinate,3,24,11,coordinate_refine,0.7219736431786399,0.7330847275838113,"[0.2853981633974483, 1.5707963267948966, 2.356194490192345, 1.8561944901923448, 1.5707963267948966, 0.7853981633974483]",3,-1,0.5,1.0,"[0.2853981633974483, 1.5707963267948966, 2.356194490192345, 2.356194490192345, 1.5707963267948966, 0.7853981633974483]",12.231124999999565,
er_n10_s464970455,er,10,TQA+coordinate,3,24,12,coordinate_refine,0.7174526175842564,0.7330847275838113,"[0.2853981633974483, 1.5707963267948966, 2.356194490192345, 2.356194490192345, 2.0707963267948966, 0.7853981633974483]",4,1,0.5,1.0,"[0.2853981633974483, 1.5707963267948966, 2.356194490192345, 2.356194490192345, 1.5707963267948966, 0.7853981633974483]",12.152374999999438,
er_n10_s464970455,er,10,TQA+coordinate,3,24,13,coordinate_refine,0.7196423475815539,0.7330847275838113,"[0.2853981633974483, 1.5707963267948966, 2.356194490192345, 2.356194490192345, 1.0707963267948966, 0.7853981633974483]",4,-1,0.5,1.0,"[0.2853981633974483, 1.5707963267948966, 2.356194490192345, 2.356194490192345, 1.5707963267948966, 0.7853981633974483]",12.190708000000328,
er_n10_s464970455,er,10,TQA+coordinate,3,24,14,coordinate_refine,0.7027981197168971,0.7330847275838113,"[0.2853981633974483, 1.5707963267948966, 2.356194490192345, 2.356194490192345, 1.5707963267948966, 1.2853981633974483]",5,1,0.5,1.0,"[0.2853981633974483, 1.5707963267948966, 2.356194490192345, 2.356194490192345, 1.5707963267948966, 0.7853981633974483]",12.19954100000109,
er_n10_s464970455,er,10,TQA+coordinate,3,24,15,coordinate_refine,0.6140949482126485,0.7330847275838113,"[0.2853981633974483, 1.5707963267948966, 2.356194490192345, 2.356194490192345, 1.5707963267948966, 0.2853981633974483]",5,-1,0.5,1.0,"[0.2853981633974483, 1.5707963267948966, 2.356194490192345, 2.356194490192345, 1.5707963267948966, 0.7853981633974483]",12.219666000000018,
er_n10_s464970455,er,10,TQA+coordinate,3,24,16,coordinate_refine,0.7352571391140007,0.7352571391140007,"[0.5353981633974483, 1.5707963267948966, 2.356194490192345, 2.356194490192345, 1.5707963267948966, 0.7853981633974483]",0,1,0.25,0.5,"[0.5353981633974483, 1.5707963267948966, 2.356194490192345, 2.356194490192345, 1.5707963267948966, 0.7853981633974483]",12.225291000000027,
er_n10_s464970455,er,10,TQA+coordinate,3,24,17,coordinate_refine,0.7253779863960299,0.7352571391140007,"[0.7853981633974483, 1.5707963267948966, 2.356194490192345, 2.356194490192345, 1.5707963267948966, 0.7853981633974483]",0,1,0.25,0.5,"[0.5353981633974483, 1.5707963267948966, 2.356194490192345, 2.356194490192345, 1.5707963267948966, 0.7853981633974483]",12.1146250000006,
er_n10_s464970455,er,10,TQA+coordinate,3,24,18,coordinate_refine,0.7330847275838113,0.7352571391140007,"[0.2853981633974483, 1.5707963267948966, 2.356194490192345, 2.356194490192345, 1.5707963267948966, 0.7853981633974483]",0,-1,0.25,0.5,"[0.5353981633974483, 1.5707963267948966, 2.356194490192345, 2.356194490192345, 1.5707963267948966, 0.7853981633974483]",12.184540999999882,
er_n10_s464970455,er,10,TQA+coordinate,3,24,19,coordinate_refine,0.7325408855731514,0.7352571391140007,"[0.5353981633974483, 1.8207963267948966, 2.356194490192345, 2.356194490192345, 1.5707963267948966, 0.7853981633974483]",1,1,0.25,0.5,"[0.5353981633974483, 1.5707963267948966, 2.356194490192345, 2.356194490192345, 1.5707963267948966, 0.7853981633974483]",12.13195800000122,
er_n10_s464970455,er,10,TQA+coordinate,3,24,20,coordinate_refine,0.7202124913220308,0.7352571391140007,"[0.5353981633974483, 1.3207963267948966, 2.356194490192345, 2.356194490192345, 1.5707963267948966, 0.7853981633974483]",1,-1,0.25,0.5,"[0.5353981633974483, 1.5707963267948966, 2.356194490192345, 2.356194490192345, 1.5707963267948966, 0.7853981633974483]",12.14825000000097,
er_n10_s464970455,er,10,TQA+coordinate,3,24,21,coordinate_refine,0.7325408855731512,0.7352571391140007,"[0.5353981633974483, 1.5707963267948966, 2.606194490192345, 2.356194490192345, 1.5707963267948966, 0.7853981633974483]",2,1,0.25,0.5,"[0.5353981633974483, 1.5707963267948966, 2.356194490192345, 2.356194490192345, 1.5707963267948966, 0.7853981633974483]",12.140125000000168,
er_n10_s464970455,er,10,TQA+coordinate,3,24,22,coordinate_refine,0.7202124913220308,0.7352571391140007,"[0.5353981633974483, 1.5707963267948966, 2.106194490192345, 2.356194490192345, 1.5707963267948966, 0.7853981633974483]",2,-1,0.25,0.5,"[0.5353981633974483, 1.5707963267948966, 2.356194490192345, 2.356194490192345, 1.5707963267948966, 0.7853981633974483]",12.068291999998593,
er_n10_s464970455,er,10,TQA+coordinate,3,24,23,coordinate_refine,0.7211896226571053,0.7352571391140007,"[0.5353981633974483, 1.5707963267948966, 2.356194490192345, 2.606194490192345, 1.5707963267948966, 0.7853981633974483]",3,1,0.25,0.5,"[0.5353981633974483, 1.5707963267948966, 2.356194490192345, 2.356194490192345, 1.5707963267948966, 0.7853981633974483]",12.118707999999145,
er_n10_s464970455,er,10,TQA+coordinate,3,24,24,coordinate_refine,0.7064074609161108,0.7352571391140007,"[0.5353981633974483, 1.5707963267948966, 2.356194490192345, 2.106194490192345, 1.5707963267948966, 0.7853981633974483]",3,-1,0.25,0.5,"[0.5353981633974483, 1.5707963267948966, 2.356194490192345, 2.356194490192345, 1.5707963267948966, 0.7853981633974483]",12.148332999998956,
er_n10_s464970455,er,10,kNN+coordinate,3,24,1,anchor:tqa,0.7253779863960299,0.7253779863960299,,,,0.0,,,,-1.0
er_n10_s464970455,er,10,kNN+coordinate,3,24,2,anchor:knn_mean,0.7022864135176141,0.7253779863960299,,,,0.0,,,,-1.0
er_n10_s464970455,er,10,kNN+coordinate,3,24,3,anchor:global,0.71875,0.7253779863960299,,,,0.0,,,,-1.0
er_n10_s464970455,er,10,kNN+coordinate,3,24,4,operator_refine,0.7177578250988208,0.7253779863960299,,,,0.5812917111571198,,,,0.0
er_n10_s464970455,er,10,kNN+coordinate,3,24,5,operator_refine,0.7333646607892026,0.7333646607892026,,,,-0.5812917111571198,,,,0.0
er_n10_s464970455,er,10,kNN+coordinate,3,24,6,operator_refine,0.710145130411637,0.7333646607892026,,,,0.5715602988178234,,,,1.0
er_n10_s464970455,er,10,kNN+coordinate,3,24,7,operator_refine,0.6433361652810989,0.7333646607892026,,,,-0.5715602988178234,,,,1.0
er_n10_s464970455,er,10,kNN+coordinate,3,24,8,operator_refine,0.7172007408329517,0.7333646607892026,,,,0.5386685343432321,,,,2.0
er_n10_s464970455,er,10,kNN+coordinate,3,24,9,operator_refine,0.714692350493872,0.7333646607892026,,,,-0.5386685343432321,,,,2.0
er_n10_s464970455,er,10,kNN+coordinate,3,24,10,operator_refine,0.7246106977036356,0.7333646607892026,,,,0.5264680890267971,,,,3.0
er_n10_s464970455,er,10,kNN+coordinate,3,24,11,operator_refine,0.7246065295486204,0.7333646607892026,,,,-0.5264680890267971,,,,3.0
er_n10_s464970455,er,10,kNN+coordinate,3,24,12,operator_refine,0.717549039397552,0.7333646607892026,,,,0.4868812799391484,,,,4.0
er_n10_s464970455,er,10,kNN+coordinate,3,24,13,operator_refine,0.7176953121863017,0.7333646607892026,,,,-0.4868812799391484,,,,4.0
er_n10_s464970455,er,10,kNN+coordinate,3,24,14,operator_refine,0.7173820096604733,0.7333646607892026,,,,0.48065887274148095,,,,5.0
er_n10_s464970455,er,10,kNN+coordinate,3,24,15,operator_refine,0.7161687373378207,0.7333646607892026,,,,-0.48065887274148095,,,,5.0
er_n10_s464970455,er,10,kNN+coordinate,3,24,16,operator_refine,0.7352742540600132,0.7352742540600132,,,,0.3197104411364159,,,,0.0
er_n10_s464970455,er,10,kNN+coordinate,3,24,17,operator_refine,0.7230939117239,0.7352742540600132,,,,0.3143581643498029,,,,1.0
er_n10_s464970455,er,10,kNN+coordinate,3,24,18,operator_refine,0.6303888524888966,0.7352742540600132,,,,-0.3143581643498029,,,,1.0
er_n10_s464970455,er,10,kNN+coordinate,3,24,19,operator_refine,0.7288963707847809,0.7352742540600132,,,,0.2962676938887777,,,,2.0
er_n10_s464970455,er,10,kNN+coordinate,3,24,20,operator_refine,0.7167837235478016,0.7352742540600132,,,,-0.2962676938887777,,,,2.0
er_n10_s464970455,er,10,kNN+coordinate,3,24,21,operator_refine,0.718479776819617,0.7352742540600132,,,,0.28955744896473845,,,,3.0
er_n10_s464970455,er,10,kNN+coordinate,3,24,22,operator_refine,0.7057659929918678,0.7352742540600132,,,,-0.28955744896473845,,,,3.0
er_n10_s464970455,er,10,kNN+coordinate,3,24,23,operator_refine,0.7322228068521233,0.7352742540600132,,,,0.26778470396653165,,,,4.0
er_n10_s464970455,er,10,kNN+coordinate,3,24,24,operator_refine,0.723903194178165,0.7352742540600132,,,,-0.26778470396653165,,,,4.0
er_n10_s464970455,er,10,OST diagonal,3,24,1,anchor:tqa,0.7253779863960299,0.7253779863960299,,,,0.0,,,,-1.0
er_n10_s464970455,er,10,OST diagonal,3,24,2,anchor:operator_mean,0.7171251563461036,0.7253779863960299,,,,0.0,,,,-1.0
er_n10_s464970455,er,10,OST diagonal,3,24,3,anchor:nearest_operator_neighbor,0.8420611840839929,0.8420611840839929,,,,0.0,,,,-1.0
er_n10_s464970455,er,10,OST diagonal,3,24,4,anchor:global,0.71875,0.8420611840839929,,,,0.0,,,,-1.0
er_n10_s464970455,er,10,OST diagonal,3,24,5,operator_refine,0.7666754998322172,0.8420611840839929,,,,0.5591966325854226,,,,0.0
er_n10_s464970455,er,10,OST diagonal,3,24,6,operator_refine,0.7316729817944466,0.8420611840839929,,,,-0.5591966325854226,,,,0.0
er_n10_s464970455,er,10,OST diagonal,3,24,7,operator_refine,0.8114870400342811,0.8420611840839929,,,,0.5503439208623055,,,,1.0
er_n10_s464970455,er,10,OST diagonal,3,24,8,operator_refine,0.7242441281023126,0.8420611840839929,,,,-0.5503439208623055,,,,1.0
er_n10_s464970455,er,10,OST diagonal,3,24,9,operator_refine,0.8402303694908104,0.8420611840839929,,,,0.5123912182537799,,,,2.0
er_n10_s464970455,er,10,OST diagonal,3,24,10,operator_refine,0.831516177570283,0.8420611840839929,,,,-0.5123912182537799,,,,2.0
er_n10_s464970455,er,10,OST diagonal,3,24,11,operator_refine,0.6101722247691792,0.8420611840839929,,,,0.5048014092746268,,,,3.0
er_n10_s464970455,er,10,OST diagonal,3,24,12,operator_refine,0.635441780408598,0.8420611840839929,,,,-0.5048014092746268,,,,3.0
er_n10_s464970455,er,10,OST diagonal,3,24,13,operator_refine,0.7868695743142599,0.8420611840839929,,,,0.46117860088394985,,,,4.0
er_n10_s464970455,er,10,OST diagonal,3,24,14,operator_refine,0.7266574871994407,0.8420611840839929,,,,-0.46117860088394985,,,,4.0
er_n10_s464970455,er,10,OST diagonal,3,24,15,operator_refine,0.840045902691595,0.8420611840839929,,,,0.4520683240534653,,,,5.0
er_n10_s464970455,er,10,OST diagonal,3,24,16,operator_refine,0.8341817847264748,0.8420611840839929,,,,-0.4520683240534653,,,,5.0
er_n10_s464970455,er,10,OST diagonal,3,24,17,operator_refine,0.8124752959627488,0.8420611840839929,,,,0.3075581479219825,,,,0.0
er_n10_s464970455,er,10,OST diagonal,3,24,18,operator_refine,0.792782378383984,0.8420611840839929,,,,-0.3075581479219825,,,,0.0
er_n10_s464970455,er,10,OST diagonal,3,24,19,operator_refine,0.8623752457982201,0.8623752457982201,,,,0.3026891564742681,,,,1.0
er_n10_s464970455,er,10,OST diagonal,3,24,20,operator_refine,0.8623293985166249,0.8623752457982201,,,,0.28181517003957895,,,,2.0
er_n10_s464970455,er,10,OST diagonal,3,24,21,operator_refine,0.8627466395670819,0.8627466395670819,,,,-0.28181517003957895,,,,2.0
er_n10_s464970455,er,10,OST diagonal,3,24,22,operator_refine,0.7571157729972556,0.8627466395670819,,,,0.2776407751010448,,,,3.0
er_n10_s464970455,er,10,OST diagonal,3,24,23,operator_refine,0.7263938400461125,0.8627466395670819,,,,-0.2776407751010448,,,,3.0
er_n10_s464970455,er,10,OST diagonal,3,24,24,operator_refine,0.8706826881605284,0.8706826881605284,,,,0.25364823048617247,,,,4.0
er_n10_s464970455,er,10,OST-QAOA,3,24,1,anchor:tqa,0.7253779863960299,0.7253779863960299,,,,0.0,,,,-1.0
er_n10_s464970455,er,10,OST-QAOA,3,24,2,anchor:operator_mean,0.7171251563461036,0.7253779863960299,,,,0.0,,,,-1.0
er_n10_s464970455,er,10,OST-QAOA,3,24,3,anchor:nearest_operator_neighbor,0.8420611840839929,0.8420611840839929,,,,0.0,,,,-1.0
er_n10_s464970455,er,10,OST-QAOA,3,24,4,anchor:global,0.71875,0.8420611840839929,,,,0.0,,,,-1.0
er_n10_s464970455,er,10,OST-QAOA,3,24,5,operator_refine,0.7127495500468652,0.8420611840839929,,,,0.8181097672059201,,,,0.0
er_n10_s464970455,er,10,OST-QAOA,3,24,6,operator_refine,0.7425242425711581,0.8420611840839929,,,,-0.8181097672059201,,,,0.0
er_n10_s464970455,er,10,OST-QAOA,3,24,7,operator_refine,0.7491354108553799,0.8420611840839929,,,,0.626081591428456,,,,1.0
er_n10_s464970455,er,10,OST-QAOA,3,24,8,operator_refine,0.6532460503719499,0.8420611840839929,,,,-0.626081591428456,,,,1.0
er_n10_s464970455,er,10,OST-QAOA,3,24,9,operator_refine,0.8343242101832379,0.8420611840839929,,,,0.4507187897411171,,,,2.0
er_n10_s464970455,er,10,OST-QAOA,3,24,10,operator_refine,0.7543669056746587,0.8420611840839929,,,,-0.4507187897411171,,,,2.0
er_n10_s464970455,er,10,OST-QAOA,3,24,11,operator_refine,0.8148684456257987,0.8420611840839929,,,,0.35962410357664,,,,3.0
er_n10_s464970455,er,10,OST-QAOA,3,24,12,operator_refine,0.8118761989210087,0.8420611840839929,,,,-0.35962410357664,,,,3.0
er_n10_s464970455,er,10,OST-QAOA,3,24,13,operator_refine,0.8168666908294175,0.8420611840839929,,,,0.3402221029244294,,,,4.0
er_n10_s464970455,er,10,OST-QAOA,3,24,14,operator_refine,0.7791420003850908,0.8420611840839929,,,,-0.3402221029244294,,,,4.0
er_n10_s464970455,er,10,OST-QAOA,3,24,15,operator_refine,0.8267760513433753,0.8420611840839929,,,,0.20122188514018183,,,,5.0
er_n10_s464970455,er,10,OST-QAOA,3,24,16,operator_refine,0.8105900037518501,0.8420611840839929,,,,-0.20122188514018183,,,,5.0
er_n10_s464970455,er,10,OST-QAOA,3,24,17,operator_refine,0.7411738425743113,0.8420611840839929,,,,0.4499603719632561,,,,0.0
er_n10_s464970455,er,10,OST-QAOA,3,24,18,operator_refine,0.8216196292794953,0.8420611840839929,,,,-0.4499603719632561,,,,0.0
er_n10_s464970455,er,10,OST-QAOA,3,24,19,operator_refine,0.7687649007180002,0.8420611840839929,,,,0.34434487528565083,,,,1.0
er_n10_s464970455,er,10,OST-QAOA,3,24,20,operator_refine,0.7866042379384526,0.8420611840839929,,,,-0.34434487528565083,,,,1.0
er_n10_s464970455,er,10,OST-QAOA,3,24,21,operator_refine,0.8501977715296092,0.8501977715296092,,,,0.24789533435761443,,,,2.0
er_n10_s464970455,er,10,OST-QAOA,3,24,22,operator_refine,0.8454200390359579,0.8501977715296092,,,,0.197793256967152,,,,3.0
er_n10_s464970455,er,10,OST-QAOA,3,24,23,operator_refine,0.8283761602676946,0.8501977715296092,,,,-0.197793256967152,,,,3.0
er_n10_s464970455,er,10,OST-QAOA,3,24,24,operator_refine,0.8396680306455546,0.8501977715296092,,,,0.18712215660843617,,,,4.0
er_n8_s1002201122,er,8,Random,3,24,1,random,0.6094079344533123,0.6094079344533123,,,,,,,,
er_n8_s1002201122,er,8,Random,3,24,2,random,0.597825873791236,0.6094079344533123,,,,,,,,
er_n8_s1002201122,er,8,Random,3,24,3,random,0.6005286122932932,0.6094079344533123,,,,,,,,
er_n8_s1002201122,er,8,Random,3,24,4,random,0.6011607310349579,0.6094079344533123,,,,,,,,
er_n8_s1002201122,er,8,Random,3,24,5,random,0.6050477934897399,0.6094079344533123,,,,,,,,
er_n8_s1002201122,er,8,Random,3,24,6,random,0.5832746025151748,0.6094079344533123,,,,,,,,
er_n8_s1002201122,er,8,Random,3,24,7,random,0.5502200335189883,0.6094079344533123,,,,,,,,
er_n8_s1002201122,er,8,Random,3,24,8,random,0.6126462052999081,0.6126462052999081,,,,,,,,
er_n8_s1002201122,er,8,Random,3,24,9,random,0.6099802347226851,0.6126462052999081,,,,,,,,
er_n8_s1002201122,er,8,Random,3,24,10,random,0.5746058402084742,0.6126462052999081,,,,,,,,
er_n8_s1002201122,er,8,Random,3,24,11,random,0.5644992781680288,0.6126462052999081,,,,,,,,
er_n8_s1002201122,er,8,Random,3,24,12,random,0.6053726854776393,0.6126462052999081,,,,,,,,
er_n8_s1002201122,er,8,Random,3,24,13,random,0.5136911246444676,0.6126462052999081,,,,,,,,
er_n8_s1002201122,er,8,Random,3,24,14,random,0.5929967048294019,0.6126462052999081,,,,,,,,
er_n8_s1002201122,er,8,Random,3,24,15,random,0.5697324768915332,0.6126462052999081,,,,,,,,
er_n8_s1002201122,er,8,Random,3,24,16,random,0.612667255343171,0.612667255343171,,,,,,,,
er_n8_s1002201122,er,8,Random,3,24,17,random,0.6101692320765787,0.612667255343171,,,,,,,,
er_n8_s1002201122,er,8,Random,3,24,18,random,0.6237378401088255,0.6237378401088255,,,,,,,,
er_n8_s1002201122,er,8,Random,3,24,19,random,0.5987254853837399,0.6237378401088255,,,,,,,,
er_n8_s1002201122,er,8,Random,3,24,20,random,0.5283601104461354,0.6237378401088255,,,,,,,,
er_n8_s1002201122,er,8,Random,3,24,21,random,0.5865385073473127,0.6237378401088255,,,,,,,,
er_n8_s1002201122,er,8,Random,3,24,22,random,0.6322747494065847,0.6322747494065847,,,,,,,,
er_n8_s1002201122,er,8,Random,3,24,23,random,0.30136976993109144,0.6322747494065847,,,,,,,,
er_n8_s1002201122,er,8,Random,3,24,24,random,0.5927105200390879,0.6322747494065847,,,,,,,,
er_n8_s1002201122,er,8,TQA,3,24,1,anchor:tqa,0.6287045304021917,0.6287045304021917,"[0.7853981633974483, 1.5707963267948966, 2.356194490192345, 2.356194490192345, 1.5707963267948966, 0.7853981633974483]",,,,,"[0.7853981633974483, 1.5707963267948966, 2.356194490192345, 2.356194490192345, 1.5707963267948966, 0.7853981633974483]",2.9380420000002516,
er_n8_s1002201122,er,8,TQA+coordinate,3,24,1,anchor:tqa,0.6287045304021917,0.6287045304021917,"[0.7853981633974483, 1.5707963267948966, 2.356194490192345, 2.356194490192345, 1.5707963267948966, 0.7853981633974483]",,,,,"[0.7853981633974483, 1.5707963267948966, 2.356194490192345, 2.356194490192345, 1.5707963267948966, 0.7853981633974483]",2.9431249999998244,
er_n8_s1002201122,er,8,TQA+coordinate,3,24,2,coordinate_refine,0.6281870168649875,0.6287045304021917,"[1.2853981633974483, 1.5707963267948966, 2.356194490192345, 2.356194490192345, 1.5707963267948966, 0.7853981633974483]",0,1,0.5,1.0,"[0.7853981633974483, 1.5707963267948966, 2.356194490192345, 2.356194490192345, 1.5707963267948966, 0.7853981633974483]",2.9368329999996945,
er_n8_s1002201122,er,8,TQA+coordinate,3,24,3,coordinate_refine,0.6224788927167982,0.6287045304021917,"[0.2853981633974483, 1.5707963267948966, 2.356194490192345, 2.356194490192345, 1.5707963267948966, 0.7853981633974483]",0,-1,0.5,1.0,"[0.7853981633974483, 1.5707963267948966, 2.356194490192345, 2.356194490192345, 1.5707963267948966, 0.7853981633974483]",3.0459160000013696,
er_n8_s1002201122,er,8,TQA+coordinate,3,24,4,coordinate_refine,0.6061511214015665,0.6287045304021917,"[0.7853981633974483, 2.0707963267948966, 2.356194490192345, 2.356194490192345, 1.5707963267948966, 0.7853981633974483]",1,1,0.5,1.0,"[0.7853981633974483, 1.5707963267948966, 2.356194490192345, 2.356194490192345, 1.5707963267948966, 0.7853981633974483]",3.047415999999359,
er_n8_s1002201122,er,8,TQA+coordinate,3,24,5,coordinate_refine,0.596561186172838,0.6287045304021917,"[0.7853981633974483, 1.0707963267948966, 2.356194490192345, 2.356194490192345, 1.5707963267948966, 0.7853981633974483]",1,-1,0.5,1.0,"[0.7853981633974483, 1.5707963267948966, 2.356194490192345, 2.356194490192345, 1.5707963267948966, 0.7853981633974483]",3.0032090000009504,
er_n8_s1002201122,er,8,TQA+coordinate,3,24,6,coordinate_refine,0.6061511214015666,0.6287045304021917,"[0.7853981633974483, 1.5707963267948966, 2.856194490192345, 2.356194490192345, 1.5707963267948966, 0.7853981633974483]",2,1,0.5,1.0,"[0.7853981633974483, 1.5707963267948966, 2.356194490192345, 2.356194490192345, 1.5707963267948966, 0.7853981633974483]",2.994208000000498,
er_n8_s1002201122,er,8,TQA+coordinate,3,24,7,coordinate_refine,0.5965611861728379,0.6287045304021917,"[0.7853981633974483, 1.5707963267948966, 1.8561944901923448, 2.356194490192345, 1.5707963267948966, 0.7853981633974483]",2,-1,0.5,1.0,"[0.7853981633974483, 1.5707963267948966, 2.356194490192345, 2.356194490192345, 1.5707963267948966, 0.7853981633974483]",3.0127499999998975,
er_n8_s1002201122,er,8,TQA+coordinate,3,24,8,coordinate_refine,0.5787180181367921,0.6287045304021917,"[0.7853981633974483, 1.5707963267948966, 2.356194490192345, 2.856194490192345, 1.5707963267948966, 0.7853981633974483]",3,1,0.5,1.0,"[0.7853981633974483, 1.5707963267948966, 2.356194490192345, 2.356194490192345, 1.5707963267948966, 0.7853981633974483]",2.9877080000009215,
er_n8_s1002201122,er,8,TQA+coordinate,3,24,9,coordinate_refine,0.5726034878119829,0.6287045304021917,"[0.7853981633974483, 1.5707963267948966, 2.356194490192345, 1.8561944901923448, 1.5707963267948966, 0.7853981633974483]",3,-1,0.5,1.0,"[0.7853981633974483, 1.5707963267948966, 2.356194490192345, 2.356194490192345, 1.5707963267948966, 0.7853981633974483]",2.9929170000002614,
er_n8_s1002201122,er,8,TQA+coordinate,3,24,10,coordinate_refine,0.6205765005172694,0.6287045304021917,"[0.7853981633974483, 1.5707963267948966, 2.356194490192345, 2.356194490192345, 2.0707963267948966, 0.7853981633974483]",4,1,0.5,1.0,"[0.7853981633974483, 1.5707963267948966, 2.356194490192345, 2.356194490192345, 1.5707963267948966, 0.7853981633974483]",2.9713339999997146,
er_n8_s1002201122,er,8,TQA+coordinate,3,24,11,coordinate_refine,0.5995345543430906,0.6287045304021917,"[0.7853981633974483, 1.5707963267948966, 2.356194490192345, 2.356194490192345, 1.0707963267948966, 0.7853981633974483]",4,-1,0.5,1.0,"[0.7853981633974483, 1.5707963267948966, 2.356194490192345, 2.356194490192345, 1.5707963267948966, 0.7853981633974483]",2.978999999999843,
er_n8_s1002201122,er,8,TQA+coordinate,3,24,12,coordinate_refine,0.5679076206372611,0.6287045304021917,"[0.7853981633974483, 1.5707963267948966, 2.356194490192345, 2.356194490192345, 1.5707963267948966, 1.2853981633974483]",5,1,0.5,1.0,"[0.7853981633974483, 1.5707963267948966, 2.356194490192345, 2.356194490192345, 1.5707963267948966, 0.7853981633974483]",2.933541000000872,
er_n8_s1002201122,er,8,TQA+coordinate,3,24,13,coordinate_refine,0.520643576527092,0.6287045304021917,"[0.7853981633974483, 1.5707963267948966, 2.356194490192345, 2.356194490192345, 1.5707963267948966, 0.2853981633974483]",5,-1,0.5,1.0,"[0.7853981633974483, 1.5707963267948966, 2.356194490192345, 2.356194490192345, 1.5707963267948966, 0.7853981633974483]",2.9420000000008883,
er_n8_s1002201122,er,8,TQA+coordinate,3,24,14,coordinate_refine,0.626118536102409,0.6287045304021917,"[1.0353981633974483, 1.5707963267948966, 2.356194490192345, 2.356194490192345, 1.5707963267948966, 0.7853981633974483]",0,1,0.25,0.5,"[0.7853981633974483, 1.5707963267948966, 2.356194490192345, 2.356194490192345, 1.5707963267948966, 0.7853981633974483]",2.9231250000005815,
er_n8_s1002201122,er,8,TQA+coordinate,3,24,15,coordinate_refine,0.6296712169783779,0.6296712169783779,"[0.5353981633974483, 1.5707963267948966, 2.356194490192345, 2.356194490192345, 1.5707963267948966, 0.7853981633974483]",0,-1,0.25,0.5,"[0.5353981633974483, 1.5707963267948966, 2.356194490192345, 2.356194490192345, 1.5707963267948966, 0.7853981633974483]",2.9940419999991974,
er_n8_s1002201122,er,8,TQA+coordinate,3,24,16,coordinate_refine,0.6287045304021917,0.6296712169783779,"[0.7853981633974483, 1.5707963267948966, 2.356194490192345, 2.356194490192345, 1.5707963267948966, 0.7853981633974483]",0,1,0.25,0.5,"[0.5353981633974483, 1.5707963267948966, 2.356194490192345, 2.356194490192345, 1.5707963267948966, 0.7853981633974483]",2.9347920000013517,
er_n8_s1002201122,er,8,TQA+coordinate,3,24,17,coordinate_refine,0.6224788927167982,0.6296712169783779,"[0.2853981633974483, 1.5707963267948966, 2.356194490192345, 2.356194490192345, 1.5707963267948966, 0.7853981633974483]",0,-1,0.25,0.5,"[0.5353981633974483, 1.5707963267948966, 2.356194490192345, 2.356194490192345, 1.5707963267948966, 0.7853981633974483]",2.9563340000002825,
er_n8_s1002201122,er,8,TQA+coordinate,3,24,18,coordinate_refine,0.6067280032547016,0.6296712169783779,"[0.5353981633974483, 1.8207963267948966, 2.356194490192345, 2.356194490192345, 1.5707963267948966, 0.7853981633974483]",1,1,0.25,0.5,"[0.5353981633974483, 1.5707963267948966, 2.356194490192345, 2.356194490192345, 1.5707963267948966, 0.7853981633974483]",2.969207999999668,
er_n8_s1002201122,er,8,TQA+coordinate,3,24,19,coordinate_refine,0.6145214012320147,0.6296712169783779,"[0.5353981633974483, 1.3207963267948966, 2.356194490192345, 2.356194490192345, 1.5707963267948966, 0.7853981633974483]",1,-1,0.25,0.5,"[0.5353981633974483, 1.5707963267948966, 2.356194490192345, 2.356194490192345, 1.5707963267948966, 0.7853981633974483]",2.9778340000010672,
er_n8_s1002201122,er,8,TQA+coordinate,3,24,20,coordinate_refine,0.6067280032547016,0.6296712169783779,"[0.5353981633974483, 1.5707963267948966, 2.606194490192345, 2.356194490192345, 1.5707963267948966, 0.7853981633974483]",2,1,0.25,0.5,"[0.5353981633974483, 1.5707963267948966, 2.356194490192345, 2.356194490192345, 1.5707963267948966, 0.7853981633974483]",2.956709000001112,
er_n8_s1002201122,er,8,TQA+coordinate,3,24,21,coordinate_refine,0.6145214012320148,0.6296712169783779,"[0.5353981633974483, 1.5707963267948966, 2.106194490192345, 2.356194490192345, 1.5707963267948966, 0.7853981633974483]",2,-1,0.25,0.5,"[0.5353981633974483, 1.5707963267948966, 2.356194490192345, 2.356194490192345, 1.5707963267948966, 0.7853981633974483]",2.94137500000069,
er_n8_s1002201122,er,8,TQA+coordinate,3,24,22,coordinate_refine,0.5823782302151626,0.6296712169783779,"[0.5353981633974483, 1.5707963267948966, 2.356194490192345, 2.606194490192345, 1.5707963267948966, 0.7853981633974483]",3,1,0.25,0.5,"[0.5353981633974483, 1.5707963267948966, 2.356194490192345, 2.356194490192345, 1.5707963267948966, 0.7853981633974483]",2.9540000000007893,
er_n8_s1002201122,er,8,TQA+coordinate,3,24,23,coordinate_refine,0.6122596326931633,0.6296712169783779,"[0.5353981633974483, 1.5707963267948966, 2.356194490192345, 2.106194490192345, 1.5707963267948966, 0.7853981633974483]",3,-1,0.25,0.5,"[0.5353981633974483, 1.5707963267948966, 2.356194490192345, 2.356194490192345, 1.5707963267948966, 0.7853981633974483]",2.9657919999994675,
er_n8_s1002201122,er,8,TQA+coordinate,3,24,24,coordinate_refine,0.6184121969675545,0.6296712169783779,"[0.5353981633974483, 1.5707963267948966, 2.356194490192345, 2.356194490192345, 1.8207963267948966, 0.7853981633974483]",4,1,0.25,0.5,"[0.5353981633974483, 1.5707963267948966, 2.356194490192345, 2.356194490192345, 1.5707963267948966, 0.7853981633974483]",2.936124999999734,
er_n8_s1002201122,er,8,kNN+coordinate,3,24,1,anchor:tqa,0.6287045304021917,0.6287045304021917,,,,0.0,,,,-1.0
er_n8_s1002201122,er,8,kNN+coordinate,3,24,2,anchor:knn_mean,0.589457374104514,0.6287045304021917,,,,0.0,,,,-1.0
er_n8_s1002201122,er,8,kNN+coordinate,3,24,3,anchor:global,0.6,0.6287045304021917,,,,0.0,,,,-1.0
er_n8_s1002201122,er,8,kNN+coordinate,3,24,4,operator_refine,0.5421788852725449,0.6287045304021917,,,,0.6021037371973311,,,,0.0
er_n8_s1002201122,er,8,kNN+coordinate,3,24,5,operator_refine,0.5073930009076715,0.6287045304021917,,,,-0.6021037371973311,,,,0.0
er_n8_s1002201122,er,8,kNN+coordinate,3,24,6,operator_refine,0.6262879700178882,0.6287045304021917,,,,0.6021017680552934,,,,1.0
er_n8_s1002201122,er,8,kNN+coordinate,3,24,7,operator_refine,0.6195393298420934,0.6287045304021917,,,,-0.6021017680552934,,,,1.0
er_n8_s1002201122,er,8,kNN+coordinate,3,24,8,operator_refine,0.6055940678943593,0.6287045304021917,,,,0.5382147627727483,,,,2.0
er_n8_s1002201122,er,8,kNN+coordinate,3,24,9,operator_refine,0.5976078246742955,0.6287045304021917,,,,-0.5382147627727483,,,,2.0
er_n8_s1002201122,er,8,kNN+coordinate,3,24,10,operator_refine,0.6205427468323018,0.6287045304021917,,,,0.5003340698642094,,,,3.0
er_n8_s1002201122,er,8,kNN+coordinate,3,24,11,operator_refine,0.5995330351070504,0.6287045304021917,,,,-0.5003340698642094,,,,3.0
er_n8_s1002201122,er,8,kNN+coordinate,3,24,12,operator_refine,0.6063050938252508,0.6287045304021917,,,,0.47521290569119146,,,,4.0
er_n8_s1002201122,er,8,kNN+coordinate,3,24,13,operator_refine,0.5962022644875821,0.6287045304021917,,,,-0.47521290569119146,,,,4.0
er_n8_s1002201122,er,8,kNN+coordinate,3,24,14,operator_refine,0.5791140431619328,0.6287045304021917,,,,0.4572832081859363,,,,5.0
er_n8_s1002201122,er,8,kNN+coordinate,3,24,15,operator_refine,0.5768751883321478,0.6287045304021917,,,,-0.4572832081859363,,,,5.0
er_n8_s1002201122,er,8,kNN+coordinate,3,24,16,operator_refine,0.6088200508248536,0.6287045304021917,,,,0.33115705545853213,,,,0.0
er_n8_s1002201122,er,8,kNN+coordinate,3,24,17,operator_refine,0.5584083930895632,0.6287045304021917,,,,-0.33115705545853213,,,,0.0
er_n8_s1002201122,er,8,kNN+coordinate,3,24,18,operator_refine,0.6271742277005127,0.6287045304021917,,,,0.3311559724304114,,,,1.0
er_n8_s1002201122,er,8,kNN+coordinate,3,24,19,operator_refine,0.6279229276587633,0.6287045304021917,,,,-0.3311559724304114,,,,1.0
er_n8_s1002201122,er,8,kNN+coordinate,3,24,20,operator_refine,0.6082502015167054,0.6287045304021917,,,,0.29601811952501156,,,,2.0
er_n8_s1002201122,er,8,kNN+coordinate,3,24,21,operator_refine,0.6056690182944092,0.6287045304021917,,,,-0.29601811952501156,,,,2.0
er_n8_s1002201122,er,8,kNN+coordinate,3,24,22,operator_refine,0.6314446271094201,0.6314446271094201,,,,0.2751837384253152,,,,3.0
er_n8_s1002201122,er,8,kNN+coordinate,3,24,23,operator_refine,0.6219487765756481,0.6314446271094201,,,,0.2613670981301553,,,,4.0
er_n8_s1002201122,er,8,kNN+coordinate,3,24,24,operator_refine,0.5992407740277857,0.6314446271094201,,,,-0.2613670981301553,,,,4.0
er_n8_s1002201122,er,8,OST diagonal,3,24,1,anchor:tqa,0.6287045304021917,0.6287045304021917,,,,0.0,,,,-1.0
er_n8_s1002201122,er,8,OST diagonal,3,24,2,anchor:operator_mean,0.5803766582177903,0.6287045304021917,,,,0.0,,,,-1.0
er_n8_s1002201122,er,8,OST diagonal,3,24,3,anchor:nearest_operator_neighbor,0.7126342558008664,0.7126342558008664,,,,0.0,,,,-1.0
er_n8_s1002201122,er,8,OST diagonal,3,24,4,anchor:global,0.6,0.7126342558008664,,,,0.0,,,,-1.0
er_n8_s1002201122,er,8,OST diagonal,3,24,5,operator_refine,0.3894664611708726,0.7126342558008664,,,,0.5821844907398327,,,,0.0
er_n8_s1002201122,er,8,OST diagonal,3,24,6,operator_refine,0.44949406340760967,0.7126342558008664,,,,-0.5821844907398327,,,,0.0
er_n8_s1002201122,er,8,OST diagonal,3,24,7,operator_refine,0.6309525144656056,0.7126342558008664,,,,0.581676894372392,,,,1.0
er_n8_s1002201122,er,8,OST diagonal,3,24,8,operator_refine,0.5383673115118803,0.7126342558008664,,,,-0.581676894372392,,,,1.0
er_n8_s1002201122,er,8,OST diagonal,3,24,9,operator_refine,0.6427513181312808,0.7126342558008664,,,,0.511772992226571,,,,2.0
er_n8_s1002201122,er,8,OST diagonal,3,24,10,operator_refine,0.582555949862482,0.7126342558008664,,,,-0.511772992226571,,,,2.0
er_n8_s1002201122,er,8,OST diagonal,3,24,11,operator_refine,0.5975552125721407,0.7126342558008664,,,,0.4753639348768691,,,,3.0
er_n8_s1002201122,er,8,OST diagonal,3,24,12,operator_refine,0.6542487982612296,0.7126342558008664,,,,0.4472226744742959,,,,4.0
er_n8_s1002201122,er,8,OST diagonal,3,24,13,operator_refine,0.6185165426914806,0.7126342558008664,,,,-0.4472226744742959,,,,4.0
er_n8_s1002201122,er,8,OST diagonal,3,24,14,operator_refine,0.6923641463920366,0.7126342558008664,,,,0.42991001683746616,,,,5.0
er_n8_s1002201122,er,8,OST diagonal,3,24,15,operator_refine,0.6054958476779276,0.7126342558008664,,,,-0.42991001683746616,,,,5.0
er_n8_s1002201122,er,8,OST diagonal,3,24,16,operator_refine,0.5489809533151571,0.7126342558008664,,,,0.320201469906908,,,,0.0
er_n8_s1002201122,er,8,OST diagonal,3,24,17,operator_refine,0.628183770765152,0.7126342558008664,,,,-0.320201469906908,,,,0.0
er_n8_s1002201122,er,8,OST diagonal,3,24,18,operator_refine,0.6776889259418328,0.7126342558008664,,,,0.31992229190481564,,,,1.0
er_n8_s1002201122,er,8,OST diagonal,3,24,19,operator_refine,0.675148915062145,0.7126342558008664,,,,-0.31992229190481564,,,,1.0
er_n8_s1002201122,er,8,OST diagonal,3,24,20,operator_refine,0.6826664997629341,0.7126342558008664,,,,0.2814751457246141,,,,2.0
er_n8_s1002201122,er,8,OST diagonal,3,24,21,operator_refine,0.6848749066448097,0.7126342558008664,,,,-0.2814751457246141,,,,2.0
er_n8_s1002201122,er,8,OST diagonal,3,24,22,operator_refine,0.6348824140293533,0.7126342558008664,,,,0.261450164182278,,,,3.0
er_n8_s1002201122,er,8,OST diagonal,3,24,23,operator_refine,0.6881006392742752,0.7126342558008664,,,,0.24597247096086278,,,,4.0
er_n8_s1002201122,er,8,OST diagonal,3,24,24,operator_refine,0.6936836668987059,0.7126342558008664,,,,-0.24597247096086278,,,,4.0
er_n8_s1002201122,er,8,OST-QAOA,3,24,1,anchor:tqa,0.6287045304021917,0.6287045304021917,,,,0.0,,,,-1.0
er_n8_s1002201122,er,8,OST-QAOA,3,24,2,anchor:operator_mean,0.5803766582177903,0.6287045304021917,,,,0.0,,,,-1.0
er_n8_s1002201122,er,8,OST-QAOA,3,24,3,anchor:nearest_operator_neighbor,0.7126342558008664,0.7126342558008664,,,,0.0,,,,-1.0
er_n8_s1002201122,er,8,OST-QAOA,3,24,4,anchor:global,0.6,0.7126342558008664,,,,0.0,,,,-1.0
er_n8_s1002201122,er,8,OST-QAOA,3,24,5,operator_refine,0.6064740765458908,0.7126342558008664,,,,0.8410527727741313,,,,0.0
er_n8_s1002201122,er,8,OST-QAOA,3,24,6,operator_refine,0.5894178551830329,0.7126342558008664,,,,-0.8410527727741313,,,,0.0
er_n8_s1002201122,er,8,OST-QAOA,3,24,7,operator_refine,0.6275078639150713,0.7126342558008664,,,,0.6008111225665,,,,1.0
er_n8_s1002201122,er,8,OST-QAOA,3,24,8,operator_refine,0.5958338529145538,0.7126342558008664,,,,-0.6008111225665,,,,1.0
er_n8_s1002201122,er,8,OST-QAOA,3,24,9,operator_refine,0.5907608237031383,0.7126342558008664,,,,0.4883883638320093,,,,2.0
er_n8_s1002201122,er,8,OST-QAOA,3,24,10,operator_refine,0.6488343603736689,0.7126342558008664,,,,-0.4883883638320093,,,,2.0
er_n8_s1002201122,er,8,OST-QAOA,3,24,11,operator_refine,0.6330396720391932,0.7126342558008664,,,,0.35862469317397244,,,,3.0
er_n8_s1002201122,er,8,OST-QAOA,3,24,12,operator_refine,0.7080833390104964,0.7126342558008664,,,,-0.35862469317397244,,,,3.0
er_n8_s1002201122,er,8,OST-QAOA,3,24,13,operator_refine,0.6653820694892033,0.7126342558008664,,,,0.28407297624066075,,,,4.0
er_n8_s1002201122,er,8,OST-QAOA,3,24,14,operator_refine,0.7036717441885312,0.7126342558008664,,,,-0.28407297624066075,,,,4.0
er_n8_s1002201122,er,8,OST-QAOA,3,24,15,operator_refine,0.6781341371764007,0.7126342558008664,,,,0.18391277307046336,,,,5.0
er_n8_s1002201122,er,8,OST-QAOA,3,24,16,operator_refine,0.7200293748382507,0.7200293748382507,,,,-0.18391277307046336,,,,5.0
er_n8_s1002201122,er,8,OST-QAOA,3,24,17,operator_refine,0.5606650760842229,0.7200293748382507,,,,0.46257902502577225,,,,0.0
er_n8_s1002201122,er,8,OST-QAOA,3,24,18,operator_refine,0.5540421441610154,0.7200293748382507,,,,-0.46257902502577225,,,,0.0
er_n8_s1002201122,er,8,OST-QAOA,3,24,19,operator_refine,0.7003710275464762,0.7200293748382507,,,,0.33044611741157504,,,,1.0
er_n8_s1002201122,er,8,OST-QAOA,3,24,20,operator_refine,0.6408472283674967,0.7200293748382507,,,,-0.33044611741157504,,,,1.0
er_n8_s1002201122,er,8,OST-QAOA,3,24,21,operator_refine,0.6515964313713558,0.7200293748382507,,,,0.26861360010760515,,,,2.0
er_n8_s1002201122,er,8,OST-QAOA,3,24,22,operator_refine,0.6920535587113115,0.7200293748382507,,,,-0.26861360010760515,,,,2.0
er_n8_s1002201122,er,8,OST-QAOA,3,24,23,operator_refine,0.6711565219802388,0.7200293748382507,,,,0.19724358124568486,,,,3.0
er_n8_s1002201122,er,8,OST-QAOA,3,24,24,operator_refine,0.7377418864841675,0.7377418864841675,,,,-0.19724358124568486,,,,3.0
er_n10_s241744268,er,10,Random,3,24,1,random,0.677530977889502,0.677530977889502,,,,,,,,
er_n10_s241744268,er,10,Random,3,24,2,random,0.6591386667358133,0.677530977889502,,,,,,,,
er_n10_s241744268,er,10,Random,3,24,3,random,0.6717385250924037,0.677530977889502,,,,,,,,
er_n10_s241744268,er,10,Random,3,24,4,random,0.6454936469108734,0.677530977889502,,,,,,,,
er_n10_s241744268,er,10,Random,3,24,5,random,0.6763407592043024,0.677530977889502,,,,,,,,
er_n10_s241744268,er,10,Random,3,24,6,random,0.6586108819720689,0.677530977889502,,,,,,,,
er_n10_s241744268,er,10,Random,3,24,7,random,0.6467052628837355,0.677530977889502,,,,,,,,
er_n10_s241744268,er,10,Random,3,24,8,random,0.666575341908335,0.677530977889502,,,,,,,,
er_n10_s241744268,er,10,Random,3,24,9,random,0.6711835918929946,0.677530977889502,,,,,,,,
er_n10_s241744268,er,10,Random,3,24,10,random,0.20400772817849422,0.677530977889502,,,,,,,,
er_n10_s241744268,er,10,Random,3,24,11,random,0.7171950054615209,0.7171950054615209,,,,,,,,
er_n10_s241744268,er,10,Random,3,24,12,random,0.640266993316561,0.7171950054615209,,,,,,,,
er_n10_s241744268,er,10,Random,3,24,13,random,0.6415980564340721,0.7171950054615209,,,,,,,,
er_n10_s241744268,er,10,Random,3,24,14,random,0.6769537940578253,0.7171950054615209,,,,,,,,
er_n10_s241744268,er,10,Random,3,24,15,random,0.686301073827332,0.7171950054615209,,,,,,,,
er_n10_s241744268,er,10,Random,3,24,16,random,0.6658047254739943,0.7171950054615209,,,,,,,,
er_n10_s241744268,er,10,Random,3,24,17,random,0.6597822796741312,0.7171950054615209,,,,,,,,
er_n10_s241744268,er,10,Random,3,24,18,random,0.6723158515339257,0.7171950054615209,,,,,,,,
er_n10_s241744268,er,10,Random,3,24,19,random,0.70113540548455,0.7171950054615209,,,,,,,,
er_n10_s241744268,er,10,Random,3,24,20,random,0.6553196528490073,0.7171950054615209,,,,,,,,
er_n10_s241744268,er,10,Random,3,24,21,random,0.825051263800843,0.825051263800843,,,,,,,,
er_n10_s241744268,er,10,Random,3,24,22,random,0.5691779621387568,0.825051263800843,,,,,,,,
er_n10_s241744268,er,10,Random,3,24,23,random,0.6728555481936616,0.825051263800843,,,,,,,,
er_n10_s241744268,er,10,Random,3,24,24,random,0.4788825768733954,0.825051263800843,,,,,,,,
er_n10_s241744268,er,10,TQA,3,24,1,anchor:tqa,0.6715750910339972,0.6715750910339972,"[0.7853981633974483, 1.5707963267948966, 2.356194490192345, 2.356194490192345, 1.5707963267948966, 0.7853981633974483]",,,,,"[0.7853981633974483, 1.5707963267948966, 2.356194490192345, 2.356194490192345, 1.5707963267948966, 0.7853981633974483]",11.980749999999318,
er_n10_s241744268,er,10,TQA+coordinate,3,24,1,anchor:tqa,0.6715750910339972,0.6715750910339972,"[0.7853981633974483, 1.5707963267948966, 2.356194490192345, 2.356194490192345, 1.5707963267948966, 0.7853981633974483]",,,,,"[0.7853981633974483, 1.5707963267948966, 2.356194490192345, 2.356194490192345, 1.5707963267948966, 0.7853981633974483]",11.880874999999236,
er_n10_s241744268,er,10,TQA+coordinate,3,24,2,coordinate_refine,0.6767156900179201,0.6767156900179201,"[1.2853981633974483, 1.5707963267948966, 2.356194490192345, 2.356194490192345, 1.5707963267948966, 0.7853981633974483]",0,1,0.5,1.0,"[1.2853981633974483, 1.5707963267948966, 2.356194490192345, 2.356194490192345, 1.5707963267948966, 0.7853981633974483]",11.864375000000038,
er_n10_s241744268,er,10,TQA+coordinate,3,24,3,coordinate_refine,0.6763639662257919,0.6767156900179201,"[1.7853981633974483, 1.5707963267948966, 2.356194490192345, 2.356194490192345, 1.5707963267948966, 0.7853981633974483]",0,1,0.5,1.0,"[1.2853981633974483, 1.5707963267948966, 2.356194490192345, 2.356194490192345, 1.5707963267948966, 0.7853981633974483]",11.870291999999338,
er_n10_s241744268,er,10,TQA+coordinate,3,24,4,coordinate_refine,0.6715750910339972,0.6767156900179201,"[0.7853981633974483, 1.5707963267948966, 2.356194490192345, 2.356194490192345, 1.5707963267948966, 0.7853981633974483]",0,-1,0.5,1.0,"[1.2853981633974483, 1.5707963267948966, 2.356194490192345, 2.356194490192345, 1.5707963267948966, 0.7853981633974483]",12.009750000000707,
er_n10_s241744268,er,10,TQA+coordinate,3,24,5,coordinate_refine,0.6748776858915078,0.6767156900179201,"[1.2853981633974483, 2.0707963267948966, 2.356194490192345, 2.356194490192345, 1.5707963267948966, 0.7853981633974483]",1,1,0.5,1.0,"[1.2853981633974483, 1.5707963267948966, 2.356194490192345, 2.356194490192345, 1.5707963267948966, 0.7853981633974483]",12.151958000000462,
er_n10_s241744268,er,10,TQA+coordinate,3,24,6,coordinate_refine,0.674087516902459,0.6767156900179201,"[1.2853981633974483, 1.0707963267948966, 2.356194490192345, 2.356194490192345, 1.5707963267948966, 0.7853981633974483]",1,-1,0.5,1.0,"[1.2853981633974483, 1.5707963267948966, 2.356194490192345, 2.356194490192345, 1.5707963267948966, 0.7853981633974483]",12.094124999999067,
er_n10_s241744268,er,10,TQA+coordinate,3,24,7,coordinate_refine,0.6748776858915078,0.6767156900179201,"[1.2853981633974483, 1.5707963267948966, 2.856194490192345, 2.356194490192345, 1.5707963267948966, 0.7853981633974483]",2,1,0.5,1.0,"[1.2853981633974483, 1.5707963267948966, 2.356194490192345, 2.356194490192345, 1.5707963267948966, 0.7853981633974483]",12.082625000001457,
er_n10_s241744268,er,10,TQA+coordinate,3,24,8,coordinate_refine,0.6740875169024588,0.6767156900179201,"[1.2853981633974483, 1.5707963267948966, 1.8561944901923448, 2.356194490192345, 1.5707963267948966, 0.7853981633974483]",2,-1,0.5,1.0,"[1.2853981633974483, 1.5707963267948966, 2.356194490192345, 2.356194490192345, 1.5707963267948966, 0.7853981633974483]",12.127165999999079,
er_n10_s241744268,er,10,TQA+coordinate,3,24,9,coordinate_refine,0.666181993830176,0.6767156900179201,"[1.2853981633974483, 1.5707963267948966, 2.356194490192345, 2.856194490192345, 1.5707963267948966, 0.7853981633974483]",3,1,0.5,1.0,"[1.2853981633974483, 1.5707963267948966, 2.356194490192345, 2.356194490192345, 1.5707963267948966, 0.7853981633974483]",12.042124999998904,
er_n10_s241744268,er,10,TQA+coordinate,3,24,10,coordinate_refine,0.6648027912833834,0.6767156900179201,"[1.2853981633974483, 1.5707963267948966, 2.356194490192345, 1.8561944901923448, 1.5707963267948966, 0.7853981633974483]",3,-1,0.5,1.0,"[1.2853981633974483, 1.5707963267948966, 2.356194490192345, 2.356194490192345, 1.5707963267948966, 0.7853981633974483]",12.083125000000194,
er_n10_s241744268,er,10,TQA+coordinate,3,24,11,coordinate_refine,0.676247470616587,0.6767156900179201,"[1.2853981633974483, 1.5707963267948966, 2.356194490192345, 2.356194490192345, 2.0707963267948966, 0.7853981633974483]",4,1,0.5,1.0,"[1.2853981633974483, 1.5707963267948966, 2.356194490192345, 2.356194490192345, 1.5707963267948966, 0.7853981633974483]",12.078416000001369,
er_n10_s241744268,er,10,TQA+coordinate,3,24,12,coordinate_refine,0.6750214185889689,0.6767156900179201,"[1.2853981633974483, 1.5707963267948966, 2.356194490192345, 2.356194490192345, 1.0707963267948966, 0.7853981633974483]",4,-1,0.5,1.0,"[1.2853981633974483, 1.5707963267948966, 2.356194490192345, 2.356194490192345, 1.5707963267948966, 0.7853981633974483]",12.044291000000484,
er_n10_s241744268,er,10,TQA+coordinate,3,24,13,coordinate_refine,0.6709972487452449,0.6767156900179201,"[1.2853981633974483, 1.5707963267948966, 2.356194490192345, 2.356194490192345, 1.5707963267948966, 1.2853981633974483]",5,1,0.5,1.0,"[1.2853981633974483, 1.5707963267948966, 2.356194490192345, 2.356194490192345, 1.5707963267948966, 0.7853981633974483]",12.058166999999287,
er_n10_s241744268,er,10,TQA+coordinate,3,24,14,coordinate_refine,0.6758871741415373,0.6767156900179201,"[1.2853981633974483, 1.5707963267948966, 2.356194490192345, 2.356194490192345, 1.5707963267948966, 0.2853981633974483]",5,-1,0.5,1.0,"[1.2853981633974483, 1.5707963267948966, 2.356194490192345, 2.356194490192345, 1.5707963267948966, 0.7853981633974483]",12.052792000000423,
er_n10_s241744268,er,10,TQA+coordinate,3,24,15,coordinate_refine,0.679747805141413,0.679747805141413,"[1.5353981633974483, 1.5707963267948966, 2.356194490192345, 2.356194490192345, 1.5707963267948966, 0.7853981633974483]",0,1,0.25,0.5,"[1.5353981633974483, 1.5707963267948966, 2.356194490192345, 2.356194490192345, 1.5707963267948966, 0.7853981633974483]",12.041124999999653,
er_n10_s241744268,er,10,TQA+coordinate,3,24,16,coordinate_refine,0.6763639662257919,0.679747805141413,"[1.7853981633974483, 1.5707963267948966, 2.356194490192345, 2.356194490192345, 1.5707963267948966, 0.7853981633974483]",0,1,0.25,0.5,"[1.5353981633974483, 1.5707963267948966, 2.356194490192345, 2.356194490192345, 1.5707963267948966, 0.7853981633974483]",12.023415999999898,
er_n10_s241744268,er,10,TQA+coordinate,3,24,17,coordinate_refine,0.6767156900179201,0.679747805141413,"[1.2853981633974483, 1.5707963267948966, 2.356194490192345, 2.356194490192345, 1.5707963267948966, 0.7853981633974483]",0,-1,0.25,0.5,"[1.5353981633974483, 1.5707963267948966, 2.356194490192345, 2.356194490192345, 1.5707963267948966, 0.7853981633974483]",12.0307920000009,
er_n10_s241744268,er,10,TQA+coordinate,3,24,18,coordinate_refine,0.6795259746130924,0.679747805141413,"[1.5353981633974483, 1.8207963267948966, 2.356194490192345, 2.356194490192345, 1.5707963267948966, 0.7853981633974483]",1,1,0.25,0.5,"[1.5353981633974483, 1.5707963267948966, 2.356194490192345, 2.356194490192345, 1.5707963267948966, 0.7853981633974483]",11.956624999999832,
er_n10_s241744268,er,10,TQA+coordinate,3,24,19,coordinate_refine,0.6802320104678221,0.6802320104678221,"[1.5353981633974483, 1.3207963267948966, 2.356194490192345, 2.356194490192345, 1.5707963267948966, 0.7853981633974483]",1,-1,0.25,0.5,"[1.5353981633974483, 1.3207963267948966, 2.356194490192345, 2.356194490192345, 1.5707963267948966, 0.7853981633974483]",11.926750000000652,
er_n10_s241744268,er,10,TQA+coordinate,3,24,20,coordinate_refine,0.6731173170138488,0.6802320104678221,"[1.7853981633974483, 1.3207963267948966, 2.356194490192345, 2.356194490192345, 1.5707963267948966, 0.7853981633974483]",0,1,0.25,0.5,"[1.5353981633974483, 1.3207963267948966, 2.356194490192345, 2.356194490192345, 1.5707963267948966, 0.7853981633974483]",12.01374999999949,
er_n10_s241744268,er,10,TQA+coordinate,3,24,21,coordinate_refine,0.6777593496431118,0.6802320104678221,"[1.2853981633974483, 1.3207963267948966, 2.356194490192345, 2.356194490192345, 1.5707963267948966, 0.7853981633974483]",0,-1,0.25,0.5,"[1.5353981633974483, 1.3207963267948966, 2.356194490192345, 2.356194490192345, 1.5707963267948966, 0.7853981633974483]",12.089207999999019,
er_n10_s241744268,er,10,TQA+coordinate,3,24,22,coordinate_refine,0.679747805141413,0.6802320104678221,"[1.5353981633974483, 1.5707963267948966, 2.356194490192345, 2.356194490192345, 1.5707963267948966, 0.7853981633974483]",1,1,0.25,0.5,"[1.5353981633974483, 1.3207963267948966, 2.356194490192345, 2.356194490192345, 1.5707963267948966, 0.7853981633974483]",12.009708000000785,
er_n10_s241744268,er,10,TQA+coordinate,3,24,23,coordinate_refine,0.6762417692061942,0.6802320104678221,"[1.5353981633974483, 1.0707963267948966, 2.356194490192345, 2.356194490192345, 1.5707963267948966, 0.7853981633974483]",1,-1,0.25,0.5,"[1.5353981633974483, 1.3207963267948966, 2.356194490192345, 2.356194490192345, 1.5707963267948966, 0.7853981633974483]",12.039375000000518,
er_n10_s241744268,er,10,TQA+coordinate,3,24,24,coordinate_refine,0.6797478051414129,0.6802320104678221,"[1.5353981633974483, 1.3207963267948966, 2.606194490192345, 2.356194490192345, 1.5707963267948966, 0.7853981633974483]",2,1,0.25,0.5,"[1.5353981633974483, 1.3207963267948966, 2.356194490192345, 2.356194490192345, 1.5707963267948966, 0.7853981633974483]",11.958249999999282,
er_n10_s241744268,er,10,kNN+coordinate,3,24,1,anchor:tqa,0.6715750910339972,0.6715750910339972,,,,0.0,,,,-1.0
er_n10_s241744268,er,10,kNN+coordinate,3,24,2,anchor:knn_mean,0.6743197205773921,0.6743197205773921,,,,0.0,,,,-1.0
er_n10_s241744268,er,10,kNN+coordinate,3,24,3,anchor:global,0.675,0.675,,,,0.0,,,,-1.0
er_n10_s241744268,er,10,kNN+coordinate,3,24,4,operator_refine,0.675,0.675,,,,0.5889918647767567,,,,0.0
er_n10_s241744268,er,10,kNN+coordinate,3,24,5,operator_refine,0.675,0.675,,,,-0.5889918647767567,,,,0.0
er_n10_s241744268,er,10,kNN+coordinate,3,24,6,operator_refine,0.675,0.675,,,,0.5750337915795827,,,,1.0
er_n10_s241744268,er,10,kNN+coordinate,3,24,7,operator_refine,0.6749999999999999,0.675,,,,-0.5750337915795827,,,,1.0
er_n10_s241744268,er,10,kNN+coordinate,3,24,8,operator_refine,0.6749999999999998,0.675,,,,0.5206581699064287,,,,2.0
er_n10_s241744268,er,10,kNN+coordinate,3,24,9,operator_refine,0.6750000000000007,0.6750000000000007,,,,-0.5206581699064287,,,,2.0
er_n10_s241744268,er,10,kNN+coordinate,3,24,10,operator_refine,0.6750000000000008,0.6750000000000008,,,,0.5164263996638963,,,,3.0
er_n10_s241744268,er,10,kNN+coordinate,3,24,11,operator_refine,0.670430877220005,0.6750000000000008,,,,0.5091903324712831,,,,4.0
er_n10_s241744268,er,10,kNN+coordinate,3,24,12,operator_refine,0.6720507473921196,0.6750000000000008,,,,-0.5091903324712831,,,,4.0
er_n10_s241744268,er,10,kNN+coordinate,3,24,13,operator_refine,0.6750000000000007,0.6750000000000008,,,,0.47473020856699877,,,,5.0
er_n10_s241744268,er,10,kNN+coordinate,3,24,14,operator_refine,0.6750000000000007,0.6750000000000008,,,,-0.47473020856699877,,,,5.0
er_n10_s241744268,er,10,kNN+coordinate,3,24,15,operator_refine,0.6760790407045137,0.6760790407045137,,,,0.3239455256272162,,,,0.0
er_n10_s241744268,er,10,kNN+coordinate,3,24,16,operator_refine,0.6739426273434657,0.6760790407045137,,,,0.3162685853687705,,,,1.0
er_n10_s241744268,er,10,kNN+coordinate,3,24,17,operator_refine,0.6781220310854248,0.6781220310854248,,,,-0.3162685853687705,,,,1.0
er_n10_s241744268,er,10,kNN+coordinate,3,24,18,operator_refine,0.6616587421075583,0.6781220310854248,,,,0.2863619934485358,,,,2.0
er_n10_s241744268,er,10,kNN+coordinate,3,24,19,operator_refine,0.673394938900487,0.6781220310854248,,,,-0.2863619934485358,,,,2.0
er_n10_s241744268,er,10,kNN+coordinate,3,24,20,operator_refine,0.6729769107462269,0.6781220310854248,,,,0.28403451981514294,,,,3.0
er_n10_s241744268,er,10,kNN+coordinate,3,24,21,operator_refine,0.683597601406092,0.683597601406092,,,,-0.28403451981514294,,,,3.0
er_n10_s241744268,er,10,kNN+coordinate,3,24,22,operator_refine,0.6734650284337969,0.683597601406092,,,,0.2800546828592057,,,,4.0
er_n10_s241744268,er,10,kNN+coordinate,3,24,23,operator_refine,0.6836524861378279,0.6836524861378279,,,,-0.2800546828592057,,,,4.0
er_n10_s241744268,er,10,kNN+coordinate,3,24,24,operator_refine,0.6864022802938403,0.6864022802938403,,,,0.26110161471184934,,,,5.0
er_n10_s241744268,er,10,OST diagonal,3,24,1,anchor:tqa,0.6715750910339972,0.6715750910339972,,,,0.0,,,,-1.0
er_n10_s241744268,er,10,OST diagonal,3,24,2,anchor:operator_mean,0.6790965252579986,0.6790965252579986,,,,0.0,,,,-1.0
er_n10_s241744268,er,10,OST diagonal,3,24,3,anchor:nearest_operator_neighbor,0.7736250939645596,0.7736250939645596,,,,0.0,,,,-1.0
er_n10_s241744268,er,10,OST diagonal,3,24,4,anchor:global,0.675,0.7736250939645596,,,,0.0,,,,-1.0
er_n10_s241744268,er,10,OST diagonal,3,24,5,operator_refine,0.7386180222146586,0.7736250939645596,,,,0.5617059107499854,,,,0.0
er_n10_s241744268,er,10,OST diagonal,3,24,6,operator_refine,0.6636431505011502,0.7736250939645596,,,,-0.5617059107499854,,,,0.0
er_n10_s241744268,er,10,OST diagonal,3,24,7,operator_refine,0.7115837660348598,0.7736250939645596,,,,-0.5450045593840164,,,,1.0
er_n10_s241744268,er,10,OST diagonal,3,24,8,operator_refine,0.5613207761522825,0.7736250939645596,,,,0.5026844606606776,,,,2.0
er_n10_s241744268,er,10,OST diagonal,3,24,9,operator_refine,0.6665627706557349,0.7736250939645596,,,,-0.5026844606606776,,,,2.0
er_n10_s241744268,er,10,OST diagonal,3,24,10,operator_refine,0.7845623770254997,0.7845623770254997,,,,0.493106902770548,,,,3.0
er_n10_s241744268,er,10,OST diagonal,3,24,11,operator_refine,0.6764031905442852,0.7845623770254997,,,,-0.493106902770548,,,,3.0
er_n10_s241744268,er,10,OST diagonal,3,24,12,operator_refine,0.7845623770254996,0.7845623770254997,,,,0.4865085902272875,,,,4.0
er_n10_s241744268,er,10,OST diagonal,3,24,13,operator_refine,0.7845623770254996,0.7845623770254997,,,,-0.4865085902272875,,,,4.0
er_n10_s241744268,er,10,OST diagonal,3,24,14,operator_refine,0.7845623770254997,0.7845623770254997,,,,0.45268069007253,,,,5.0
er_n10_s241744268,er,10,OST diagonal,3,24,15,operator_refine,0.7845623770254998,0.7845623770254998,,,,-0.45268069007253,,,,5.0
er_n10_s241744268,er,10,OST diagonal,3,24,16,operator_refine,0.7896027638448656,0.7896027638448656,,,,0.308938250912492,,,,0.0
er_n10_s241744268,er,10,OST diagonal,3,24,17,operator_refine,0.7526394577837836,0.7896027638448656,,,,-0.29975250766120903,,,,1.0
er_n10_s241744268,er,10,OST diagonal,3,24,18,operator_refine,0.6623245332786778,0.7896027638448656,,,,0.27647645336337273,,,,2.0
er_n10_s241744268,er,10,OST diagonal,3,24,19,operator_refine,0.7150551632999769,0.7896027638448656,,,,-0.27647645336337273,,,,2.0
er_n10_s241744268,er,10,OST diagonal,3,24,20,operator_refine,0.7527029780341753,0.7896027638448656,,,,-0.2712087965238014,,,,3.0
er_n10_s241744268,er,10,OST diagonal,3,24,21,operator_refine,0.7896027638448656,0.7896027638448656,,,,0.2675797246250081,,,,4.0
er_n10_s241744268,er,10,OST diagonal,3,24,22,operator_refine,0.7896027638448655,0.7896027638448656,,,,-0.2675797246250081,,,,4.0
er_n10_s241744268,er,10,OST diagonal,3,24,23,operator_refine,0.7896027638448656,0.7896027638448656,,,,0.24897437953989152,,,,5.0
er_n10_s241744268,er,10,OST diagonal,3,24,24,operator_refine,0.7896027638448655,0.7896027638448656,,,,-0.24897437953989152,,,,5.0
er_n10_s241744268,er,10,OST-QAOA,3,24,1,anchor:tqa,0.6715750910339972,0.6715750910339972,,,,0.0,,,,-1.0
er_n10_s241744268,er,10,OST-QAOA,3,24,2,anchor:operator_mean,0.6790965252579986,0.6790965252579986,,,,0.0,,,,-1.0
er_n10_s241744268,er,10,OST-QAOA,3,24,3,anchor:nearest_operator_neighbor,0.7736250939645596,0.7736250939645596,,,,0.0,,,,-1.0
er_n10_s241744268,er,10,OST-QAOA,3,24,4,anchor:global,0.675,0.7736250939645596,,,,0.0,,,,-1.0
er_n10_s241744268,er,10,OST-QAOA,3,24,5,operator_refine,0.6748113457797913,0.7736250939645596,,,,0.817014723773685,,,,0.0
er_n10_s241744268,er,10,OST-QAOA,3,24,6,operator_refine,0.6204964314546811,0.7736250939645596,,,,-0.817014723773685,,,,0.0
er_n10_s241744268,er,10,OST-QAOA,3,24,7,operator_refine,0.6624677239294827,0.7736250939645596,,,,0.616691467719779,,,,1.0
er_n10_s241744268,er,10,OST-QAOA,3,24,8,operator_refine,0.675,0.7736250939645596,,,,-0.616691467719779,,,,1.0
er_n10_s241744268,er,10,OST-QAOA,3,24,9,operator_refine,0.7338586887719307,0.7736250939645596,,,,0.45154715690331615,,,,2.0
er_n10_s241744268,er,10,OST-QAOA,3,24,10,operator_refine,0.667309147786101,0.7736250939645596,,,,-0.45154715690331615,,,,2.0
er_n10_s241744268,er,10,OST-QAOA,3,24,11,operator_refine,0.8013962624447061,0.8013962624447061,,,,0.4317277000609686,,,,3.0
er_n10_s241744268,er,10,OST-QAOA,3,24,12,operator_refine,0.7640342432350085,0.8013962624447061,,,,-0.4317277000609686,,,,3.0
er_n10_s241744268,er,10,OST-QAOA,3,24,13,operator_refine,0.7877378821483567,0.8013962624447061,,,,0.28254291339175713,,,,4.0
er_n10_s241744268,er,10,OST-QAOA,3,24,14,operator_refine,0.7907740766083571,0.8013962624447061,,,,-0.28254291339175713,,,,4.0
er_n10_s241744268,er,10,OST-QAOA,3,24,15,operator_refine,0.7705819079800273,0.8013962624447061,,,,0.1790654488262046,,,,5.0
er_n10_s241744268,er,10,OST-QAOA,3,24,16,operator_refine,0.7931310205540872,0.8013962624447061,,,,-0.1790654488262046,,,,5.0
er_n10_s241744268,er,10,OST-QAOA,3,24,17,operator_refine,0.7274999834025977,0.8013962624447061,,,,0.4493580980755268,,,,0.0
er_n10_s241744268,er,10,OST-QAOA,3,24,18,operator_refine,0.7513441846005035,0.8013962624447061,,,,-0.4493580980755268,,,,0.0
er_n10_s241744268,er,10,OST-QAOA,3,24,19,operator_refine,0.7543469558453012,0.8013962624447061,,,,0.3391803072458785,,,,1.0
er_n10_s241744268,er,10,OST-QAOA,3,24,20,operator_refine,0.7297517211183264,0.8013962624447061,,,,-0.3391803072458785,,,,1.0
er_n10_s241744268,er,10,OST-QAOA,3,24,21,operator_refine,0.7685407329386037,0.8013962624447061,,,,0.2483509362968239,,,,2.0
er_n10_s241744268,er,10,OST-QAOA,3,24,22,operator_refine,0.7825225909721546,0.8013962624447061,,,,-0.2483509362968239,,,,2.0
er_n10_s241744268,er,10,OST-QAOA,3,24,23,operator_refine,0.7963612437278896,0.8013962624447061,,,,0.23745023503353274,,,,3.0
er_n10_s241744268,er,10,OST-QAOA,3,24,24,operator_refine,0.7900211603298971,0.8013962624447061,,,,-0.23745023503353274,,,,3.0
er_n8_s302958912,er,8,Random,3,24,1,random,0.5903156760673507,0.5903156760673507,,,,,,,,
er_n8_s302958912,er,8,Random,3,24,2,random,0.605108987426773,0.605108987426773,,,,,,,,
er_n8_s302958912,er,8,Random,3,24,3,random,0.500427964440197,0.605108987426773,,,,,,,,
er_n8_s302958912,er,8,Random,3,24,4,random,0.5648563327681457,0.605108987426773,,,,,,,,
er_n8_s302958912,er,8,Random,3,24,5,random,0.6382143472139448,0.6382143472139448,,,,,,,,
er_n8_s302958912,er,8,Random,3,24,6,random,0.6142320592190155,0.6382143472139448,,,,,,,,
er_n8_s302958912,er,8,Random,3,24,7,random,0.5431623233668532,0.6382143472139448,,,,,,,,
er_n8_s302958912,er,8,Random,3,24,8,random,0.6364210353199271,0.6382143472139448,,,,,,,,
er_n8_s302958912,er,8,Random,3,24,9,random,0.6165322222418917,0.6382143472139448,,,,,,,,
er_n8_s302958912,er,8,Random,3,24,10,random,0.5605836952799998,0.6382143472139448,,,,,,,,
er_n8_s302958912,er,8,Random,3,24,11,random,0.5608004225822578,0.6382143472139448,,,,,,,,
er_n8_s302958912,er,8,Random,3,24,12,random,0.6066853764034494,0.6382143472139448,,,,,,,,
er_n8_s302958912,er,8,Random,3,24,13,random,0.37033838840178035,0.6382143472139448,,,,,,,,
er_n8_s302958912,er,8,Random,3,24,14,random,0.6147870497655489,0.6382143472139448,,,,,,,,
er_n8_s302958912,er,8,Random,3,24,15,random,0.3394211212903124,0.6382143472139448,,,,,,,,
er_n8_s302958912,er,8,Random,3,24,16,random,0.6277043863325248,0.6382143472139448,,,,,,,,
er_n8_s302958912,er,8,Random,3,24,17,random,0.6236835530815756,0.6382143472139448,,,,,,,,
er_n8_s302958912,er,8,Random,3,24,18,random,0.452564292940635,0.6382143472139448,,,,,,,,
er_n8_s302958912,er,8,Random,3,24,19,random,0.637397428416874,0.6382143472139448,,,,,,,,
er_n8_s302958912,er,8,Random,3,24,20,random,0.6163839680551236,0.6382143472139448,,,,,,,,
er_n8_s302958912,er,8,Random,3,24,21,random,0.6293760760952452,0.6382143472139448,,,,,,,,
er_n8_s302958912,er,8,Random,3,24,22,random,0.6149344274664509,0.6382143472139448,,,,,,,,
er_n8_s302958912,er,8,Random,3,24,23,random,0.623617047072351,0.6382143472139448,,,,,,,,
er_n8_s302958912,er,8,Random,3,24,24,random,0.3642583601040194,0.6382143472139448,,,,,,,,
er_n8_s302958912,er,8,TQA,3,24,1,anchor:tqa,0.6395084949661846,0.6395084949661846,"[0.7853981633974483, 1.5707963267948966, 2.356194490192345, 2.356194490192345, 1.5707963267948966, 0.7853981633974483]",,,,,"[0.7853981633974483, 1.5707963267948966, 2.356194490192345, 2.356194490192345, 1.5707963267948966, 0.7853981633974483]",3.0114580000013547,
er_n8_s302958912,er,8,TQA+coordinate,3,24,1,anchor:tqa,0.6395084949661846,0.6395084949661846,"[0.7853981633974483, 1.5707963267948966, 2.356194490192345, 2.356194490192345, 1.5707963267948966, 0.7853981633974483]",,,,,"[0.7853981633974483, 1.5707963267948966, 2.356194490192345, 2.356194490192345, 1.5707963267948966, 0.7853981633974483]",2.961334000000093,
er_n8_s302958912,er,8,TQA+coordinate,3,24,2,coordinate_refine,0.6094338323304653,0.6395084949661846,"[1.2853981633974483, 1.5707963267948966, 2.356194490192345, 2.356194490192345, 1.5707963267948966, 0.7853981633974483]",0,1,0.5,1.0,"[0.7853981633974483, 1.5707963267948966, 2.356194490192345, 2.356194490192345, 1.5707963267948966, 0.7853981633974483]",2.984416000000323,
er_n8_s302958912,er,8,TQA+coordinate,3,24,3,coordinate_refine,0.6562554406517482,0.6562554406517482,"[0.2853981633974483, 1.5707963267948966, 2.356194490192345, 2.356194490192345, 1.5707963267948966, 0.7853981633974483]",0,-1,0.5,1.0,"[0.2853981633974483, 1.5707963267948966, 2.356194490192345, 2.356194490192345, 1.5707963267948966, 0.7853981633974483]",3.0103750000005647,
er_n8_s302958912,er,8,TQA+coordinate,3,24,4,coordinate_refine,0.6395084949661846,0.6562554406517482,"[0.7853981633974483, 1.5707963267948966, 2.356194490192345, 2.356194490192345, 1.5707963267948966, 0.7853981633974483]",0,1,0.5,1.0,"[0.2853981633974483, 1.5707963267948966, 2.356194490192345, 2.356194490192345, 1.5707963267948966, 0.7853981633974483]",2.981124999999807,
er_n8_s302958912,er,8,TQA+coordinate,3,24,5,coordinate_refine,0.6463222540506942,0.6562554406517482,"[0.0, 1.5707963267948966, 2.356194490192345, 2.356194490192345, 1.5707963267948966, 0.7853981633974483]",0,-1,0.5,1.0,"[0.2853981633974483, 1.5707963267948966, 2.356194490192345, 2.356194490192345, 1.5707963267948966, 0.7853981633974483]",2.9775829999998393,
er_n8_s302958912,er,8,TQA+coordinate,3,24,6,coordinate_refine,0.6305414025834521,0.6562554406517482,"[0.2853981633974483, 2.0707963267948966, 2.356194490192345, 2.356194490192345, 1.5707963267948966, 0.7853981633974483]",1,1,0.5,1.0,"[0.2853981633974483, 1.5707963267948966, 2.356194490192345, 2.356194490192345, 1.5707963267948966, 0.7853981633974483]",2.990375000001322,
er_n8_s302958912,er,8,TQA+coordinate,3,24,7,coordinate_refine,0.6110397308314217,0.6562554406517482,"[0.2853981633974483, 1.0707963267948966, 2.356194490192345, 2.356194490192345, 1.5707963267948966, 0.7853981633974483]",1,-1,0.5,1.0,"[0.2853981633974483, 1.5707963267948966, 2.356194490192345, 2.356194490192345, 1.5707963267948966, 0.7853981633974483]",3.0009169999996033,
er_n8_s302958912,er,8,TQA+coordinate,3,24,8,coordinate_refine,0.630541402583452,0.6562554406517482,"[0.2853981633974483, 1.5707963267948966, 2.856194490192345, 2.356194490192345, 1.5707963267948966, 0.7853981633974483]",2,1,0.5,1.0,"[0.2853981633974483, 1.5707963267948966, 2.356194490192345, 2.356194490192345, 1.5707963267948966, 0.7853981633974483]",2.9904579999993075,
er_n8_s302958912,er,8,TQA+coordinate,3,24,9,coordinate_refine,0.6110397308314217,0.6562554406517482,"[0.2853981633974483, 1.5707963267948966, 1.8561944901923448, 2.356194490192345, 1.5707963267948966, 0.7853981633974483]",2,-1,0.5,1.0,"[0.2853981633974483, 1.5707963267948966, 2.356194490192345, 2.356194490192345, 1.5707963267948966, 0.7853981633974483]",2.991874999999311,
er_n8_s302958912,er,8,TQA+coordinate,3,24,10,coordinate_refine,0.6376423166704831,0.6562554406517482,"[0.2853981633974483, 1.5707963267948966, 2.356194490192345, 2.856194490192345, 1.5707963267948966, 0.7853981633974483]",3,1,0.5,1.0,"[0.2853981633974483, 1.5707963267948966, 2.356194490192345, 2.356194490192345, 1.5707963267948966, 0.7853981633974483]",3.019291999999396,
er_n8_s302958912,er,8,TQA+coordinate,3,24,11,coordinate_refine,0.6360227547914256,0.6562554406517482,"[0.2853981633974483, 1.5707963267948966, 2.356194490192345, 1.8561944901923448, 1.5707963267948966, 0.7853981633974483]",3,-1,0.5,1.0,"[0.2853981633974483, 1.5707963267948966, 2.356194490192345, 2.356194490192345, 1.5707963267948966, 0.7853981633974483]",3.0123339999992282,
er_n8_s302958912,er,8,TQA+coordinate,3,24,12,coordinate_refine,0.6165677412939039,0.6562554406517482,"[0.2853981633974483, 1.5707963267948966, 2.356194490192345, 2.356194490192345, 2.0707963267948966, 0.7853981633974483]",4,1,0.5,1.0,"[0.2853981633974483, 1.5707963267948966, 2.356194490192345, 2.356194490192345, 1.5707963267948966, 0.7853981633974483]",3.027250000000592,
er_n8_s302958912,er,8,TQA+coordinate,3,24,13,coordinate_refine,0.6347642677362975,0.6562554406517482,"[0.2853981633974483, 1.5707963267948966, 2.356194490192345, 2.356194490192345, 1.0707963267948966, 0.7853981633974483]",4,-1,0.5,1.0,"[0.2853981633974483, 1.5707963267948966, 2.356194490192345, 2.356194490192345, 1.5707963267948966, 0.7853981633974483]",2.9881669999998195,
er_n8_s302958912,er,8,TQA+coordinate,3,24,14,coordinate_refine,0.5799104272627782,0.6562554406517482,"[0.2853981633974483, 1.5707963267948966, 2.356194490192345, 2.356194490192345, 1.5707963267948966, 1.2853981633974483]",5,1,0.5,1.0,"[0.2853981633974483, 1.5707963267948966, 2.356194490192345, 2.356194490192345, 1.5707963267948966, 0.7853981633974483]",2.9999580000001913,
er_n8_s302958912,er,8,TQA+coordinate,3,24,15,coordinate_refine,0.5986982441743032,0.6562554406517482,"[0.2853981633974483, 1.5707963267948966, 2.356194490192345, 2.356194490192345, 1.5707963267948966, 0.2853981633974483]",5,-1,0.5,1.0,"[0.2853981633974483, 1.5707963267948966, 2.356194490192345, 2.356194490192345, 1.5707963267948966, 0.7853981633974483]",3.0040840000005176,
er_n8_s302958912,er,8,TQA+coordinate,3,24,16,coordinate_refine,0.6553118230717516,0.6562554406517482,"[0.5353981633974483, 1.5707963267948966, 2.356194490192345, 2.356194490192345, 1.5707963267948966, 0.7853981633974483]",0,1,0.25,0.5,"[0.2853981633974483, 1.5707963267948966, 2.356194490192345, 2.356194490192345, 1.5707963267948966, 0.7853981633974483]",2.9741670000014153,
er_n8_s302958912,er,8,TQA+coordinate,3,24,17,coordinate_refine,0.6478199267827919,0.6562554406517482,"[0.03539816339744828, 1.5707963267948966, 2.356194490192345, 2.356194490192345, 1.5707963267948966, 0.7853981633974483]",0,-1,0.25,0.5,"[0.2853981633974483, 1.5707963267948966, 2.356194490192345, 2.356194490192345, 1.5707963267948966, 0.7853981633974483]",3.006249999998545,
er_n8_s302958912,er,8,TQA+coordinate,3,24,18,coordinate_refine,0.6403675293131562,0.6562554406517482,"[0.2853981633974483, 1.8207963267948966, 2.356194490192345, 2.356194490192345, 1.5707963267948966, 0.7853981633974483]",1,1,0.25,0.5,"[0.2853981633974483, 1.5707963267948966, 2.356194490192345, 2.356194490192345, 1.5707963267948966, 0.7853981633974483]",2.9791250000013036,
er_n8_s302958912,er,8,TQA+coordinate,3,24,19,coordinate_refine,0.6438537121851168,0.6562554406517482,"[0.2853981633974483, 1.3207963267948966, 2.356194490192345, 2.356194490192345, 1.5707963267948966, 0.7853981633974483]",1,-1,0.25,0.5,"[0.2853981633974483, 1.5707963267948966, 2.356194490192345, 2.356194490192345, 1.5707963267948966, 0.7853981633974483]",3.0072079999996504,
er_n8_s302958912,er,8,TQA+coordinate,3,24,20,coordinate_refine,0.6403675293131563,0.6562554406517482,"[0.2853981633974483, 1.5707963267948966, 2.606194490192345, 2.356194490192345, 1.5707963267948966, 0.7853981633974483]",2,1,0.25,0.5,"[0.2853981633974483, 1.5707963267948966, 2.356194490192345, 2.356194490192345, 1.5707963267948966, 0.7853981633974483]",3.0077080000001644,
er_n8_s302958912,er,8,TQA+coordinate,3,24,21,coordinate_refine,0.6438537121851167,0.6562554406517482,"[0.2853981633974483, 1.5707963267948966, 2.106194490192345, 2.356194490192345, 1.5707963267948966, 0.7853981633974483]",2,-1,0.25,0.5,"[0.2853981633974483, 1.5707963267948966, 2.356194490192345, 2.356194490192345, 1.5707963267948966, 0.7853981633974483]",3.007874999999771,
er_n8_s302958912,er,8,TQA+coordinate,3,24,22,coordinate_refine,0.6544728089949114,0.6562554406517482,"[0.2853981633974483, 1.5707963267948966, 2.356194490192345, 2.606194490192345, 1.5707963267948966, 0.7853981633974483]",3,1,0.25,0.5,"[0.2853981633974483, 1.5707963267948966, 2.356194490192345, 2.356194490192345, 1.5707963267948966, 0.7853981633974483]",3.0094159999993764,
er_n8_s302958912,er,8,TQA+coordinate,3,24,23,coordinate_refine,0.633420080439811,0.6562554406517482,"[0.2853981633974483, 1.5707963267948966, 2.356194490192345, 2.106194490192345, 1.5707963267948966, 0.7853981633974483]",3,-1,0.25,0.5,"[0.2853981633974483, 1.5707963267948966, 2.356194490192345, 2.356194490192345, 1.5707963267948966, 0.7853981633974483]",3.003291999998936,
er_n8_s302958912,er,8,TQA+coordinate,3,24,24,coordinate_refine,0.6566106474478459,0.6566106474478459,"[0.2853981633974483, 1.5707963267948966, 2.356194490192345, 2.356194490192345, 1.8207963267948966, 0.7853981633974483]",4,1,0.25,0.5,"[0.2853981633974483, 1.5707963267948966, 2.356194490192345, 2.356194490192345, 1.8207963267948966, 0.7853981633974483]",2.9980840000014553,
er_n8_s302958912,er,8,kNN+coordinate,3,24,1,anchor:tqa,0.6395084949661846,0.6395084949661846,,,,0.0,,,,-1.0
er_n8_s302958912,er,8,kNN+coordinate,3,24,2,anchor:knn_mean,0.6430314983348342,0.6430314983348342,,,,0.0,,,,-1.0
er_n8_s302958912,er,8,kNN+coordinate,3,24,3,anchor:global,0.6153846153846153,0.6430314983348342,,,,0.0,,,,-1.0
er_n8_s302958912,er,8,kNN+coordinate,3,24,4,operator_refine,0.49189139364409706,0.6430314983348342,,,,0.5759622891816121,,,,0.0
er_n8_s302958912,er,8,kNN+coordinate,3,24,5,operator_refine,0.6489577386398897,0.6489577386398897,,,,-0.5759622891816121,,,,0.0
er_n8_s302958912,er,8,kNN+coordinate,3,24,6,operator_refine,0.6337560958195686,0.6489577386398897,,,,0.5747230816851338,,,,1.0
er_n8_s302958912,er,8,kNN+coordinate,3,24,7,operator_refine,0.6455775893188744,0.6489577386398897,,,,-0.5747230816851338,,,,1.0
er_n8_s302958912,er,8,kNN+coordinate,3,24,8,operator_refine,0.6268719515963777,0.6489577386398897,,,,0.556777204325476,,,,2.0
er_n8_s302958912,er,8,kNN+coordinate,3,24,9,operator_refine,0.592106338468765,0.6489577386398897,,,,-0.556777204325476,,,,2.0
er_n8_s302958912,er,8,kNN+coordinate,3,24,10,operator_refine,0.6192175375231221,0.6489577386398897,,,,0.5473026136690462,,,,3.0
er_n8_s302958912,er,8,kNN+coordinate,3,24,11,operator_refine,0.6290877261075217,0.6489577386398897,,,,-0.5473026136690462,,,,3.0
er_n8_s302958912,er,8,kNN+coordinate,3,24,12,operator_refine,0.6231344532574092,0.6489577386398897,,,,0.4765403377550011,,,,4.0
er_n8_s302958912,er,8,kNN+coordinate,3,24,13,operator_refine,0.6370146116685238,0.6489577386398897,,,,-0.4765403377550011,,,,4.0
er_n8_s302958912,er,8,kNN+coordinate,3,24,14,operator_refine,0.6234418384692026,0.6489577386398897,,,,0.44869713741666284,,,,5.0
er_n8_s302958912,er,8,kNN+coordinate,3,24,15,operator_refine,0.6409333926797676,0.6489577386398897,,,,-0.44869713741666284,,,,5.0
er_n8_s302958912,er,8,kNN+coordinate,3,24,16,operator_refine,0.7126367790331464,0.7126367790331464,,,,0.3167792590498867,,,,0.0
er_n8_s302958912,er,8,kNN+coordinate,3,24,17,operator_refine,0.7022471867300345,0.7126367790331464,,,,0.3160976949268236,,,,1.0
er_n8_s302958912,er,8,kNN+coordinate,3,24,18,operator_refine,0.6958533386619271,0.7126367790331464,,,,-0.3160976949268236,,,,1.0
er_n8_s302958912,er,8,kNN+coordinate,3,24,19,operator_refine,0.7591614513740457,0.7591614513740457,,,,0.30622746237901177,,,,2.0
er_n8_s302958912,er,8,kNN+coordinate,3,24,20,operator_refine,0.7487281409114345,0.7591614513740457,,,,0.3010164375179754,,,,3.0
er_n8_s302958912,er,8,kNN+coordinate,3,24,21,operator_refine,0.7467679694776395,0.7591614513740457,,,,-0.3010164375179754,,,,3.0
er_n8_s302958912,er,8,kNN+coordinate,3,24,22,operator_refine,0.7513509425374237,0.7591614513740457,,,,0.26209718576525065,,,,4.0
er_n8_s302958912,er,8,kNN+coordinate,3,24,23,operator_refine,0.7634132264171419,0.7634132264171419,,,,-0.26209718576525065,,,,4.0
er_n8_s302958912,er,8,kNN+coordinate,3,24,24,operator_refine,0.7317136723277794,0.7634132264171419,,,,0.24678342557916458,,,,5.0
er_n8_s302958912,er,8,OST diagonal,3,24,1,anchor:tqa,0.6395084949661846,0.6395084949661846,,,,0.0,,,,-1.0
er_n8_s302958912,er,8,OST diagonal,3,24,2,anchor:operator_mean,0.7352798191916805,0.7352798191916805,,,,0.0,,,,-1.0
er_n8_s302958912,er,8,OST diagonal,3,24,3,anchor:nearest_operator_neighbor,0.6232266800015147,0.7352798191916805,,,,0.0,,,,-1.0
er_n8_s302958912,er,8,OST diagonal,3,24,4,anchor:global,0.6153846153846153,0.7352798191916805,,,,0.0,,,,-1.0
er_n8_s302958912,er,8,OST diagonal,3,24,5,operator_refine,0.730904387828239,0.7352798191916805,,,,0.5563422657860218,,,,0.0
er_n8_s302958912,er,8,OST diagonal,3,24,6,operator_refine,0.7019695252819749,0.7352798191916805,,,,-0.5563422657860218,,,,0.0
er_n8_s302958912,er,8,OST diagonal,3,24,7,operator_refine,0.4027596695356986,0.7352798191916805,,,,0.5511108437032453,,,,1.0
er_n8_s302958912,er,8,OST diagonal,3,24,8,operator_refine,0.5041069718377088,0.7352798191916805,,,,-0.5511108437032453,,,,1.0
er_n8_s302958912,er,8,OST diagonal,3,24,9,operator_refine,0.6059931986157783,0.7352798191916805,,,,0.5362290871956767,,,,2.0
er_n8_s302958912,er,8,OST diagonal,3,24,10,operator_refine,0.6087178090763442,0.7352798191916805,,,,-0.5362290871956767,,,,2.0
er_n8_s302958912,er,8,OST diagonal,3,24,11,operator_refine,0.7369391858201031,0.7369391858201031,,,,0.5181751063677971,,,,3.0
er_n8_s302958912,er,8,OST diagonal,3,24,12,operator_refine,0.7003650202276129,0.7369391858201031,,,,0.4526246506556084,,,,4.0
er_n8_s302958912,er,8,OST diagonal,3,24,13,operator_refine,0.745295923340408,0.745295923340408,,,,-0.4526246506556084,,,,4.0
er_n8_s302958912,er,8,OST diagonal,3,24,14,operator_refine,0.6407961964653955,0.745295923340408,,,,0.4193375395283315,,,,5.0
er_n8_s302958912,er,8,OST diagonal,3,24,15,operator_refine,0.7171240703307219,0.745295923340408,,,,-0.4193375395283315,,,,5.0
er_n8_s302958912,er,8,OST diagonal,3,24,16,operator_refine,0.6778032075438,0.745295923340408,,,,0.30598824618231196,,,,0.0
er_n8_s302958912,er,8,OST diagonal,3,24,17,operator_refine,0.7529350741272067,0.7529350741272067,,,,-0.30598824618231196,,,,0.0
er_n8_s302958912,er,8,OST diagonal,3,24,18,operator_refine,0.5617772351764577,0.7529350741272067,,,,0.3031109640367849,,,,1.0
er_n8_s302958912,er,8,OST diagonal,3,24,19,operator_refine,0.7055178211426877,0.7529350741272067,,,,-0.3031109640367849,,,,1.0
er_n8_s302958912,er,8,OST diagonal,3,24,20,operator_refine,0.6792443243772813,0.7529350741272067,,,,0.29492599795762225,,,,2.0
er_n8_s302958912,er,8,OST diagonal,3,24,21,operator_refine,0.6737685593356427,0.7529350741272067,,,,-0.29492599795762225,,,,2.0
er_n8_s302958912,er,8,OST diagonal,3,24,22,operator_refine,0.7499546267976224,0.7529350741272067,,,,0.2849963085022884,,,,3.0
er_n8_s302958912,er,8,OST diagonal,3,24,23,operator_refine,0.7279435736964892,0.7529350741272067,,,,-0.2849963085022884,,,,3.0
er_n8_s302958912,er,8,OST diagonal,3,24,24,operator_refine,0.748855089977689,0.7529350741272067,,,,0.24894355786058464,,,,4.0
er_n8_s302958912,er,8,OST-QAOA,3,24,1,anchor:tqa,0.6395084949661846,0.6395084949661846,,,,0.0,,,,-1.0
er_n8_s302958912,er,8,OST-QAOA,3,24,2,anchor:operator_mean,0.7352798191916805,0.7352798191916805,,,,0.0,,,,-1.0
er_n8_s302958912,er,8,OST-QAOA,3,24,3,anchor:nearest_operator_neighbor,0.6232266800015147,0.7352798191916805,,,,0.0,,,,-1.0
er_n8_s302958912,er,8,OST-QAOA,3,24,4,anchor:global,0.6153846153846153,0.7352798191916805,,,,0.0,,,,-1.0
er_n8_s302958912,er,8,OST-QAOA,3,24,5,operator_refine,0.6232883593278784,0.7352798191916805,,,,0.8249494519100861,,,,0.0
er_n8_s302958912,er,8,OST-QAOA,3,24,6,operator_refine,0.6740400193785978,0.7352798191916805,,,,-0.8249494519100861,,,,0.0
er_n8_s302958912,er,8,OST-QAOA,3,24,7,operator_refine,0.6070107762968241,0.7352798191916805,,,,0.6437534554392307,,,,1.0
er_n8_s302958912,er,8,OST-QAOA,3,24,8,operator_refine,0.6217627068204782,0.7352798191916805,,,,-0.6437534554392307,,,,1.0
er_n8_s302958912,er,8,OST-QAOA,3,24,9,operator_refine,0.6593632458490141,0.7352798191916805,,,,0.43022346121403676,,,,2.0
er_n8_s302958912,er,8,OST-QAOA,3,24,10,operator_refine,0.7591053907486103,0.7591053907486103,,,,-0.43022346121403676,,,,2.0
er_n8_s302958912,er,8,OST-QAOA,3,24,11,operator_refine,0.7468671495533875,0.7591053907486103,,,,0.36724058575318513,,,,3.0
er_n8_s302958912,er,8,OST-QAOA,3,24,12,operator_refine,0.701029819767974,0.7591053907486103,,,,-0.36724058575318513,,,,3.0
er_n8_s302958912,er,8,OST-QAOA,3,24,13,operator_refine,0.7476982292408922,0.7591053907486103,,,,0.30616748171347746,,,,4.0
er_n8_s302958912,er,8,OST-QAOA,3,24,14,operator_refine,0.7001526152581508,0.7591053907486103,,,,-0.30616748171347746,,,,4.0
er_n8_s302958912,er,8,OST-QAOA,3,24,15,operator_refine,0.7264675904161298,0.7591053907486103,,,,0.20333098421342083,,,,5.0
er_n8_s302958912,er,8,OST-QAOA,3,24,16,operator_refine,0.7359004416321066,0.7591053907486103,,,,-0.20333098421342083,,,,5.0
er_n8_s302958912,er,8,OST-QAOA,3,24,17,operator_refine,0.6191282281135337,0.7591053907486103,,,,0.45372219855054735,,,,0.0
er_n8_s302958912,er,8,OST-QAOA,3,24,18,operator_refine,0.6704542027809696,0.7591053907486103,,,,-0.45372219855054735,,,,0.0
er_n8_s302958912,er,8,OST-QAOA,3,24,19,operator_refine,0.647827784322775,0.7591053907486103,,,,0.3540644004915769,,,,1.0
er_n8_s302958912,er,8,OST-QAOA,3,24,20,operator_refine,0.6888949750806279,0.7591053907486103,,,,-0.3540644004915769,,,,1.0
er_n8_s302958912,er,8,OST-QAOA,3,24,21,operator_refine,0.7511149956021046,0.7591053907486103,,,,0.23662290366772024,,,,2.0
er_n8_s302958912,er,8,OST-QAOA,3,24,22,operator_refine,0.7453733589637245,0.7591053907486103,,,,-0.23662290366772024,,,,2.0
er_n8_s302958912,er,8,OST-QAOA,3,24,23,operator_refine,0.7654982062621192,0.7654982062621192,,,,0.20198232216425183,,,,3.0
er_n8_s302958912,er,8,OST-QAOA,3,24,24,operator_refine,0.7650026052148573,0.7654982062621192,,,,0.16839211494241263,,,,4.0
random_regular_n10_s1377599424,random_regular,10,Random,3,24,1,random,0.6481376964759676,0.6481376964759676,,,,,,,,
random_regular_n10_s1377599424,random_regular,10,Random,3,24,2,random,0.7518450628954898,0.7518450628954898,,,,,,,,
random_regular_n10_s1377599424,random_regular,10,Random,3,24,3,random,0.7587740809550991,0.7587740809550991,,,,,,,,
random_regular_n10_s1377599424,random_regular,10,Random,3,24,4,random,0.4899329960544287,0.7587740809550991,,,,,,,,
random_regular_n10_s1377599424,random_regular,10,Random,3,24,5,random,0.6109917575395468,0.7587740809550991,,,,,,,,
random_regular_n10_s1377599424,random_regular,10,Random,3,24,6,random,0.4133572625702178,0.7587740809550991,,,,,,,,
random_regular_n10_s1377599424,random_regular,10,Random,3,24,7,random,0.6877360953653598,0.7587740809550991,,,,,,,,
random_regular_n10_s1377599424,random_regular,10,Random,3,24,8,random,0.5744355353695936,0.7587740809550991,,,,,,,,
random_regular_n10_s1377599424,random_regular,10,Random,3,24,9,random,0.6351516787109991,0.7587740809550991,,,,,,,,
random_regular_n10_s1377599424,random_regular,10,Random,3,24,10,random,0.6617324815879435,0.7587740809550991,,,,,,,,
random_regular_n10_s1377599424,random_regular,10,Random,3,24,11,random,0.5608493735622193,0.7587740809550991,,,,,,,,
random_regular_n10_s1377599424,random_regular,10,Random,3,24,12,random,0.5685046648373148,0.7587740809550991,,,,,,,,
random_regular_n10_s1377599424,random_regular,10,Random,3,24,13,random,0.739589001871688,0.7587740809550991,,,,,,,,
random_regular_n10_s1377599424,random_regular,10,Random,3,24,14,random,0.7657158696358561,0.7657158696358561,,,,,,,,
random_regular_n10_s1377599424,random_regular,10,Random,3,24,15,random,0.6115658083616446,0.7657158696358561,,,,,,,,
random_regular_n10_s1377599424,random_regular,10,Random,3,24,16,random,0.4402399290969594,0.7657158696358561,,,,,,,,
random_regular_n10_s1377599424,random_regular,10,Random,3,24,17,random,0.5707282404719073,0.7657158696358561,,,,,,,,
random_regular_n10_s1377599424,random_regular,10,Random,3,24,18,random,0.5538049216337995,0.7657158696358561,,,,,,,,
random_regular_n10_s1377599424,random_regular,10,Random,3,24,19,random,0.5816936807783382,0.7657158696358561,,,,,,,,
random_regular_n10_s1377599424,random_regular,10,Random,3,24,20,random,0.6141355610026207,0.7657158696358561,,,,,,,,
random_regular_n10_s1377599424,random_regular,10,Random,3,24,21,random,0.7722382746918307,0.7722382746918307,,,,,,,,
random_regular_n10_s1377599424,random_regular,10,Random,3,24,22,random,0.41358462015398817,0.7722382746918307,,,,,,,,
random_regular_n10_s1377599424,random_regular,10,Random,3,24,23,random,0.566806644678953,0.7722382746918307,,,,,,,,
random_regular_n10_s1377599424,random_regular,10,Random,3,24,24,random,0.5944030290211058,0.7722382746918307,,,,,,,,
random_regular_n10_s1377599424,random_regular,10,TQA,3,24,1,anchor:tqa,0.5168269230769231,0.5168269230769231,"[0.7853981633974483, 1.5707963267948966, 2.356194490192345, 2.356194490192345, 1.5707963267948966, 0.7853981633974483]",,,,,"[0.7853981633974483, 1.5707963267948966, 2.356194490192345, 2.356194490192345, 1.5707963267948966, 0.7853981633974483]",11.863166999999564,
random_regular_n10_s1377599424,random_regular,10,TQA+coordinate,3,24,1,anchor:tqa,0.5168269230769231,0.5168269230769231,"[0.7853981633974483, 1.5707963267948966, 2.356194490192345, 2.356194490192345, 1.5707963267948966, 0.7853981633974483]",,,,,"[0.7853981633974483, 1.5707963267948966, 2.356194490192345, 2.356194490192345, 1.5707963267948966, 0.7853981633974483]",12.12687499999987,
random_regular_n10_s1377599424,random_regular,10,TQA+coordinate,3,24,2,coordinate_refine,0.5437251042162702,0.5437251042162702,"[1.2853981633974483, 1.5707963267948966, 2.356194490192345, 2.356194490192345, 1.5707963267948966, 0.7853981633974483]",0,1,0.5,1.0,"[1.2853981633974483, 1.5707963267948966, 2.356194490192345, 2.356194490192345, 1.5707963267948966, 0.7853981633974483]",11.992416000000006,
random_regular_n10_s1377599424,random_regular,10,TQA+coordinate,3,24,3,coordinate_refine,0.5925827028681548,0.5925827028681548,"[1.7853981633974483, 1.5707963267948966, 2.356194490192345, 2.356194490192345, 1.5707963267948966, 0.7853981633974483]",0,1,0.5,1.0,"[1.7853981633974483, 1.5707963267948966, 2.356194490192345, 2.356194490192345, 1.5707963267948966, 0.7853981633974483]",11.949958000000649,
random_regular_n10_s1377599424,random_regular,10,TQA+coordinate,3,24,4,coordinate_refine,0.5471836571643441,0.5925827028681548,"[2.2853981633974483, 1.5707963267948966, 2.356194490192345, 2.356194490192345, 1.5707963267948966, 0.7853981633974483]",0,1,0.5,1.0,"[1.7853981633974483, 1.5707963267948966, 2.356194490192345, 2.356194490192345, 1.5707963267948966, 0.7853981633974483]",11.924957999999819,
random_regular_n10_s1377599424,random_regular,10,TQA+coordinate,3,24,5,coordinate_refine,0.5437251042162702,0.5925827028681548,"[1.2853981633974483, 1.5707963267948966, 2.356194490192345, 2.356194490192345, 1.5707963267948966, 0.7853981633974483]",0,-1,0.5,1.0,"[1.7853981633974483, 1.5707963267948966, 2.356194490192345, 2.356194490192345, 1.5707963267948966, 0.7853981633974483]",12.214916999999659,
random_regular_n10_s1377599424,random_regular,10,TQA+coordinate,3,24,6,coordinate_refine,0.5733734716792728,0.5925827028681548,"[1.7853981633974483, 2.0707963267948966, 2.356194490192345, 2.356194490192345, 1.5707963267948966, 0.7853981633974483]",1,1,0.5,1.0,"[1.7853981633974483, 1.5707963267948966, 2.356194490192345, 2.356194490192345, 1.5707963267948966, 0.7853981633974483]",12.211457999999453,
random_regular_n10_s1377599424,random_regular,10,TQA+coordinate,3,24,7,coordinate_refine,0.5972968791039244,0.5972968791039244,"[1.7853981633974483, 1.0707963267948966, 2.356194490192345, 2.356194490192345, 1.5707963267948966, 0.7853981633974483]",1,-1,0.5,1.0,"[1.7853981633974483, 1.0707963267948966, 2.356194490192345, 2.356194490192345, 1.5707963267948966, 0.7853981633974483]",12.151333000000264,
random_regular_n10_s1377599424,random_regular,10,TQA+coordinate,3,24,8,coordinate_refine,0.5757193175529298,0.5972968791039244,"[2.2853981633974483, 1.0707963267948966, 2.356194490192345, 2.356194490192345, 1.5707963267948966, 0.7853981633974483]",0,1,0.5,1.0,"[1.7853981633974483, 1.0707963267948966, 2.356194490192345, 2.356194490192345, 1.5707963267948966, 0.7853981633974483]",12.201666999999361,
random_regular_n10_s1377599424,random_regular,10,TQA+coordinate,3,24,9,coordinate_refine,0.5488343507086697,0.5972968791039244,"[1.2853981633974483, 1.0707963267948966, 2.356194490192345, 2.356194490192345, 1.5707963267948966, 0.7853981633974483]",0,-1,0.5,1.0,"[1.7853981633974483, 1.0707963267948966, 2.356194490192345, 2.356194490192345, 1.5707963267948966, 0.7853981633974483]",12.090125000000285,
random_regular_n10_s1377599424,random_regular,10,TQA+coordinate,3,24,10,coordinate_refine,0.5925827028681548,0.5972968791039244,"[1.7853981633974483, 1.5707963267948966, 2.356194490192345, 2.356194490192345, 1.5707963267948966, 0.7853981633974483]",1,1,0.5,1.0,"[1.7853981633974483, 1.0707963267948966, 2.356194490192345, 2.356194490192345, 1.5707963267948966, 0.7853981633974483]",12.441541000001166,
random_regular_n10_s1377599424,random_regular,10,TQA+coordinate,3,24,11,coordinate_refine,0.5588718153213835,0.5972968791039244,"[1.7853981633974483, 0.5707963267948966, 2.356194490192345, 2.356194490192345, 1.5707963267948966, 0.7853981633974483]",1,-1,0.5,1.0,"[1.7853981633974483, 1.0707963267948966, 2.356194490192345, 2.356194490192345, 1.5707963267948966, 0.7853981633974483]",12.424291999998616,
random_regular_n10_s1377599424,random_regular,10,TQA+coordinate,3,24,12,coordinate_refine,0.5925827028681551,0.5972968791039244,"[1.7853981633974483, 1.0707963267948966, 2.856194490192345, 2.356194490192345, 1.5707963267948966, 0.7853981633974483]",2,1,0.5,1.0,"[1.7853981633974483, 1.0707963267948966, 2.356194490192345, 2.356194490192345, 1.5707963267948966, 0.7853981633974483]",12.336583999999817,
random_regular_n10_s1377599424,random_regular,10,TQA+coordinate,3,24,13,coordinate_refine,0.5588718153213834,0.5972968791039244,"[1.7853981633974483, 1.0707963267948966, 1.8561944901923448, 2.356194490192345, 1.5707963267948966, 0.7853981633974483]",2,-1,0.5,1.0,"[1.7853981633974483, 1.0707963267948966, 2.356194490192345, 2.356194490192345, 1.5707963267948966, 0.7853981633974483]",12.374083999999286,
random_regular_n10_s1377599424,random_regular,10,TQA+coordinate,3,24,14,coordinate_refine,0.6531508553110892,0.6531508553110892,"[1.7853981633974483, 1.0707963267948966, 2.356194490192345, 2.856194490192345, 1.5707963267948966, 0.7853981633974483]",3,1,0.5,1.0,"[1.7853981633974483, 1.0707963267948966, 2.356194490192345, 2.856194490192345, 1.5707963267948966, 0.7853981633974483]",12.435457999998789,
random_regular_n10_s1377599424,random_regular,10,TQA+coordinate,3,24,15,coordinate_refine,0.7997632882480604,0.7997632882480604,"[2.2853981633974483, 1.0707963267948966, 2.356194490192345, 2.856194490192345, 1.5707963267948966, 0.7853981633974483]",0,1,0.5,1.0,"[2.2853981633974483, 1.0707963267948966, 2.356194490192345, 2.856194490192345, 1.5707963267948966, 0.7853981633974483]",12.131333999999327,
random_regular_n10_s1377599424,random_regular,10,TQA+coordinate,3,24,16,coordinate_refine,0.7280300896844842,0.7997632882480604,"[2.7853981633974483, 1.0707963267948966, 2.356194490192345, 2.856194490192345, 1.5707963267948966, 0.7853981633974483]",0,1,0.5,1.0,"[2.2853981633974483, 1.0707963267948966, 2.356194490192345, 2.856194490192345, 1.5707963267948966, 0.7853981633974483]",12.128457999999398,
random_regular_n10_s1377599424,random_regular,10,TQA+coordinate,3,24,17,coordinate_refine,0.6531508553110892,0.7997632882480604,"[1.7853981633974483, 1.0707963267948966, 2.356194490192345, 2.856194490192345, 1.5707963267948966, 0.7853981633974483]",0,-1,0.5,1.0,"[2.2853981633974483, 1.0707963267948966, 2.356194490192345, 2.856194490192345, 1.5707963267948966, 0.7853981633974483]",12.113332999998505,
random_regular_n10_s1377599424,random_regular,10,TQA+coordinate,3,24,18,coordinate_refine,0.7048074514699033,0.7997632882480604,"[2.2853981633974483, 1.5707963267948966, 2.356194490192345, 2.856194490192345, 1.5707963267948966, 0.7853981633974483]",1,1,0.5,1.0,"[2.2853981633974483, 1.0707963267948966, 2.356194490192345, 2.856194490192345, 1.5707963267948966, 0.7853981633974483]",12.066707999998982,
random_regular_n10_s1377599424,random_regular,10,TQA+coordinate,3,24,19,coordinate_refine,0.6183301740856094,0.7997632882480604,"[2.2853981633974483, 0.5707963267948966, 2.356194490192345, 2.856194490192345, 1.5707963267948966, 0.7853981633974483]",1,-1,0.5,1.0,"[2.2853981633974483, 1.0707963267948966, 2.356194490192345, 2.856194490192345, 1.5707963267948966, 0.7853981633974483]",12.044082999999262,
random_regular_n10_s1377599424,random_regular,10,TQA+coordinate,3,24,20,coordinate_refine,0.7048074514699032,0.7997632882480604,"[2.2853981633974483, 1.0707963267948966, 2.856194490192345, 2.856194490192345, 1.5707963267948966, 0.7853981633974483]",2,1,0.5,1.0,"[2.2853981633974483, 1.0707963267948966, 2.356194490192345, 2.856194490192345, 1.5707963267948966, 0.7853981633974483]",12.047125000000491,
random_regular_n10_s1377599424,random_regular,10,TQA+coordinate,3,24,21,coordinate_refine,0.6183301740856096,0.7997632882480604,"[2.2853981633974483, 1.0707963267948966, 1.8561944901923448, 2.856194490192345, 1.5707963267948966, 0.7853981633974483]",2,-1,0.5,1.0,"[2.2853981633974483, 1.0707963267948966, 2.356194490192345, 2.856194490192345, 1.5707963267948966, 0.7853981633974483]",12.011957999998657,
random_regular_n10_s1377599424,random_regular,10,TQA+coordinate,3,24,22,coordinate_refine,0.529221818628934,0.7997632882480604,"[2.2853981633974483, 1.0707963267948966, 2.356194490192345, 3.141592653589793, 1.5707963267948966, 0.7853981633974483]",3,1,0.5,1.0,"[2.2853981633974483, 1.0707963267948966, 2.356194490192345, 2.856194490192345, 1.5707963267948966, 0.7853981633974483]",12.233457999998976,
random_regular_n10_s1377599424,random_regular,10,TQA+coordinate,3,24,23,coordinate_refine,0.5757193175529298,0.7997632882480604,"[2.2853981633974483, 1.0707963267948966, 2.356194490192345, 2.356194490192345, 1.5707963267948966, 0.7853981633974483]",3,-1,0.5,1.0,"[2.2853981633974483, 1.0707963267948966, 2.356194490192345, 2.856194490192345, 1.5707963267948966, 0.7853981633974483]",11.935084000000984,
random_regular_n10_s1377599424,random_regular,10,TQA+coordinate,3,24,24,coordinate_refine,0.4820502215690699,0.7997632882480604,"[2.2853981633974483, 1.0707963267948966, 2.356194490192345, 2.856194490192345, 2.0707963267948966, 0.7853981633974483]",4,1,0.5,1.0,"[2.2853981633974483, 1.0707963267948966, 2.356194490192345, 2.856194490192345, 1.5707963267948966, 0.7853981633974483]",12.015082999999649,
random_regular_n10_s1377599424,random_regular,10,kNN+coordinate,3,24,1,anchor:tqa,0.5168269230769231,0.5168269230769231,,,,0.0,,,,-1.0
random_regular_n10_s1377599424,random_regular,10,kNN+coordinate,3,24,2,anchor:knn_mean,0.6591382403609269,0.6591382403609269,,,,0.0,,,,-1.0
random_regular_n10_s1377599424,random_regular,10,kNN+coordinate,3,24,3,anchor:global,0.5769230769230769,0.6591382403609269,,,,0.0,,,,-1.0
random_regular_n10_s1377599424,random_regular,10,kNN+coordinate,3,24,4,operator_refine,0.5779163789070151,0.6591382403609269,,,,0.5966459927797012,,,,0.0
random_regular_n10_s1377599424,random_regular,10,kNN+coordinate,3,24,5,operator_refine,0.6386285916068525,0.6591382403609269,,,,-0.5966459927797012,,,,0.0
random_regular_n10_s1377599424,random_regular,10,kNN+coordinate,3,24,6,operator_refine,0.3765862616591139,0.6591382403609269,,,,0.574006285883771,,,,1.0
random_regular_n10_s1377599424,random_regular,10,kNN+coordinate,3,24,7,operator_refine,0.48988364103336335,0.6591382403609269,,,,-0.574006285883771,,,,1.0
random_regular_n10_s1377599424,random_regular,10,kNN+coordinate,3,24,8,operator_refine,0.5393865473186447,0.6591382403609269,,,,0.5225749272799696,,,,2.0
random_regular_n10_s1377599424,random_regular,10,kNN+coordinate,3,24,9,operator_refine,0.6501677689209268,0.6591382403609269,,,,-0.5225749272799696,,,,2.0
random_regular_n10_s1377599424,random_regular,10,kNN+coordinate,3,24,10,operator_refine,0.5802061373321558,0.6591382403609269,,,,0.5179786778291005,,,,3.0
random_regular_n10_s1377599424,random_regular,10,kNN+coordinate,3,24,11,operator_refine,0.7135510324428758,0.7135510324428758,,,,-0.5179786778291005,,,,3.0
random_regular_n10_s1377599424,random_regular,10,kNN+coordinate,3,24,12,operator_refine,0.500112143303649,0.7135510324428758,,,,0.4945983884788306,,,,4.0
random_regular_n10_s1377599424,random_regular,10,kNN+coordinate,3,24,13,operator_refine,0.7590451740316957,0.7590451740316957,,,,-0.4945983884788306,,,,4.0
random_regular_n10_s1377599424,random_regular,10,kNN+coordinate,3,24,14,operator_refine,0.6954278919291572,0.7590451740316957,,,,0.47803379783519323,,,,5.0
random_regular_n10_s1377599424,random_regular,10,kNN+coordinate,3,24,15,operator_refine,0.7889936712514837,0.7889936712514837,,,,-0.47803379783519323,,,,5.0
random_regular_n10_s1377599424,random_regular,10,kNN+coordinate,3,24,16,operator_refine,0.831286471073197,0.831286471073197,,,,0.3281552960288357,,,,0.0
random_regular_n10_s1377599424,random_regular,10,kNN+coordinate,3,24,17,operator_refine,0.6632837210312192,0.831286471073197,,,,0.31570345723607407,,,,1.0
random_regular_n10_s1377599424,random_regular,10,kNN+coordinate,3,24,18,operator_refine,0.7454824818089316,0.831286471073197,,,,-0.31570345723607407,,,,1.0
random_regular_n10_s1377599424,random_regular,10,kNN+coordinate,3,24,19,operator_refine,0.7848491362777472,0.831286471073197,,,,0.28741621000398326,,,,2.0
random_regular_n10_s1377599424,random_regular,10,kNN+coordinate,3,24,20,operator_refine,0.6928671638034479,0.831286471073197,,,,-0.28741621000398326,,,,2.0
random_regular_n10_s1377599424,random_regular,10,kNN+coordinate,3,24,21,operator_refine,0.8280329929244203,0.831286471073197,,,,0.28488827280600526,,,,3.0
random_regular_n10_s1377599424,random_regular,10,kNN+coordinate,3,24,22,operator_refine,0.732894266605651,0.831286471073197,,,,-0.28488827280600526,,,,3.0
random_regular_n10_s1377599424,random_regular,10,kNN+coordinate,3,24,23,operator_refine,0.803137352438241,0.831286471073197,,,,0.27202911366335686,,,,4.0
random_regular_n10_s1377599424,random_regular,10,kNN+coordinate,3,24,24,operator_refine,0.7655462206126626,0.831286471073197,,,,-0.27202911366335686,,,,4.0
random_regular_n10_s1377599424,random_regular,10,OST diagonal,3,24,1,anchor:tqa,0.5168269230769231,0.5168269230769231,,,,0.0,,,,-1.0
random_regular_n10_s1377599424,random_regular,10,OST diagonal,3,24,2,anchor:operator_mean,0.4633255584107934,0.5168269230769231,,,,0.0,,,,-1.0
random_regular_n10_s1377599424,random_regular,10,OST diagonal,3,24,3,anchor:nearest_operator_neighbor,0.8485871810414967,0.8485871810414967,,,,0.0,,,,-1.0
random_regular_n10_s1377599424,random_regular,10,OST diagonal,3,24,4,anchor:global,0.5769230769230769,0.8485871810414967,,,,0.0,,,,-1.0
random_regular_n10_s1377599424,random_regular,10,OST diagonal,3,24,5,operator_refine,0.6849945925081019,0.8485871810414967,,,,0.5690274436394087,,,,0.0
random_regular_n10_s1377599424,random_regular,10,OST diagonal,3,24,6,operator_refine,0.7897736236107133,0.8485871810414967,,,,-0.5690274436394087,,,,0.0
random_regular_n10_s1377599424,random_regular,10,OST diagonal,3,24,7,operator_refine,0.5080985790120701,0.8485871810414967,,,,0.5487772232924456,,,,1.0
random_regular_n10_s1377599424,random_regular,10,OST diagonal,3,24,8,operator_refine,0.5328762819203967,0.8485871810414967,,,,-0.5487772232924456,,,,1.0
random_regular_n10_s1377599424,random_regular,10,OST diagonal,3,24,9,operator_refine,0.5814278628550977,0.8485871810414967,,,,0.49446987965807176,,,,2.0
random_regular_n10_s1377599424,random_regular,10,OST diagonal,3,24,10,operator_refine,0.4825740398231878,0.8485871810414967,,,,-0.49446987965807176,,,,2.0
random_regular_n10_s1377599424,random_regular,10,OST diagonal,3,24,11,operator_refine,0.7466526542514891,0.8485871810414967,,,,0.4907567870886877,,,,3.0
random_regular_n10_s1377599424,random_regular,10,OST diagonal,3,24,12,operator_refine,0.7035211724206926,0.8485871810414967,,,,-0.4907567870886877,,,,3.0
random_regular_n10_s1377599424,random_regular,10,OST diagonal,3,24,13,operator_refine,0.5912978712155395,0.8485871810414967,,,,0.48781207352593575,,,,4.0
random_regular_n10_s1377599424,random_regular,10,OST diagonal,3,24,14,operator_refine,0.6313480557061139,0.8485871810414967,,,,-0.48781207352593575,,,,4.0
random_regular_n10_s1377599424,random_regular,10,OST diagonal,3,24,15,operator_refine,0.8210589278529619,0.8485871810414967,,,,0.4491636923664695,,,,5.0
random_regular_n10_s1377599424,random_regular,10,OST diagonal,3,24,16,operator_refine,0.7224158894798024,0.8485871810414967,,,,-0.4491636923664695,,,,5.0
random_regular_n10_s1377599424,random_regular,10,OST diagonal,3,24,17,operator_refine,0.7669774434266743,0.8485871810414967,,,,0.3129650940016748,,,,0.0
random_regular_n10_s1377599424,random_regular,10,OST diagonal,3,24,18,operator_refine,0.8550111778534493,0.8550111778534493,,,,-0.3129650940016748,,,,0.0
random_regular_n10_s1377599424,random_regular,10,OST diagonal,3,24,19,operator_refine,0.6609227260372875,0.8550111778534493,,,,0.3018274728108451,,,,1.0
random_regular_n10_s1377599424,random_regular,10,OST diagonal,3,24,20,operator_refine,0.7583064692596968,0.8550111778534493,,,,-0.3018274728108451,,,,1.0
random_regular_n10_s1377599424,random_regular,10,OST diagonal,3,24,21,operator_refine,0.7701005568286939,0.8550111778534493,,,,0.2719584338119395,,,,2.0
random_regular_n10_s1377599424,random_regular,10,OST diagonal,3,24,22,operator_refine,0.7050163711483914,0.8550111778534493,,,,-0.2719584338119395,,,,2.0
random_regular_n10_s1377599424,random_regular,10,OST diagonal,3,24,23,operator_refine,0.8020353354367528,0.8550111778534493,,,,0.26991623289877825,,,,3.0
random_regular_n10_s1377599424,random_regular,10,OST diagonal,3,24,24,operator_refine,0.8316302277217813,0.8550111778534493,,,,-0.26991623289877825,,,,3.0
random_regular_n10_s1377599424,random_regular,10,OST-QAOA,3,24,1,anchor:tqa,0.5168269230769231,0.5168269230769231,,,,0.0,,,,-1.0
random_regular_n10_s1377599424,random_regular,10,OST-QAOA,3,24,2,anchor:operator_mean,0.4633255584107934,0.5168269230769231,,,,0.0,,,,-1.0
random_regular_n10_s1377599424,random_regular,10,OST-QAOA,3,24,3,anchor:nearest_operator_neighbor,0.8485871810414967,0.8485871810414967,,,,0.0,,,,-1.0
random_regular_n10_s1377599424,random_regular,10,OST-QAOA,3,24,4,anchor:global,0.5769230769230769,0.8485871810414967,,,,0.0,,,,-1.0
random_regular_n10_s1377599424,random_regular,10,OST-QAOA,3,24,5,operator_refine,0.729300335876857,0.8485871810414967,,,,0.7973727257931845,,,,0.0
random_regular_n10_s1377599424,random_regular,10,OST-QAOA,3,24,6,operator_refine,0.47357497618307637,0.8485871810414967,,,,-0.7973727257931845,,,,0.0
random_regular_n10_s1377599424,random_regular,10,OST-QAOA,3,24,7,operator_refine,0.6895159531780102,0.8485871810414967,,,,0.5936742884703227,,,,1.0
random_regular_n10_s1377599424,random_regular,10,OST-QAOA,3,24,8,operator_refine,0.7372108474160346,0.8485871810414967,,,,-0.5936742884703227,,,,1.0
random_regular_n10_s1377599424,random_regular,10,OST-QAOA,3,24,9,operator_refine,0.5537556680119774,0.8485871810414967,,,,0.5162595470962033,,,,2.0
random_regular_n10_s1377599424,random_regular,10,OST-QAOA,3,24,10,operator_refine,0.34349772408242363,0.8485871810414967,,,,-0.5162595470962033,,,,2.0
random_regular_n10_s1377599424,random_regular,10,OST-QAOA,3,24,11,operator_refine,0.7728137876772305,0.8485871810414967,,,,0.3668546289616997,,,,3.0
random_regular_n10_s1377599424,random_regular,10,OST-QAOA,3,24,12,operator_refine,0.7199496950409462,0.8485871810414967,,,,-0.3668546289616997,,,,3.0
random_regular_n10_s1377599424,random_regular,10,OST-QAOA,3,24,13,operator_refine,0.8196375560942571,0.8485871810414967,,,,0.3230773470370049,,,,4.0
random_regular_n10_s1377599424,random_regular,10,OST-QAOA,3,24,14,operator_refine,0.7116578207410759,0.8485871810414967,,,,-0.3230773470370049,,,,4.0
random_regular_n10_s1377599424,random_regular,10,OST-QAOA,3,24,15,operator_refine,0.8318302116571854,0.8485871810414967,,,,0.23719688961563345,,,,5.0
random_regular_n10_s1377599424,random_regular,10,OST-QAOA,3,24,16,operator_refine,0.8035665657716462,0.8485871810414967,,,,-0.23719688961563345,,,,5.0
random_regular_n10_s1377599424,random_regular,10,OST-QAOA,3,24,17,operator_refine,0.7999317905640058,0.8485871810414967,,,,0.4385549991862515,,,,0.0
random_regular_n10_s1377599424,random_regular,10,OST-QAOA,3,24,18,operator_refine,0.6650667419882554,0.8485871810414967,,,,-0.4385549991862515,,,,0.0
random_regular_n10_s1377599424,random_regular,10,OST-QAOA,3,24,19,operator_refine,0.7720028843993754,0.8485871810414967,,,,0.32652085865867747,,,,1.0
random_regular_n10_s1377599424,random_regular,10,OST-QAOA,3,24,20,operator_refine,0.8110694678544635,0.8485871810414967,,,,-0.32652085865867747,,,,1.0
random_regular_n10_s1377599424,random_regular,10,OST-QAOA,3,24,21,operator_refine,0.7014932608664798,0.8485871810414967,,,,0.2839427509029118,,,,2.0
random_regular_n10_s1377599424,random_regular,10,OST-QAOA,3,24,22,operator_refine,0.598370424332627,0.8485871810414967,,,,-0.2839427509029118,,,,2.0
random_regular_n10_s1377599424,random_regular,10,OST-QAOA,3,24,23,operator_refine,0.8316625243362835,0.8485871810414967,,,,0.20177004592893483,,,,3.0
random_regular_n10_s1377599424,random_regular,10,OST-QAOA,3,24,24,operator_refine,0.7954081912944606,0.8485871810414967,,,,-0.20177004592893483,,,,3.0
random_regular_n8_s1254174371,random_regular,8,Random,3,24,1,random,0.5516757723478912,0.5516757723478912,,,,,,,,
random_regular_n8_s1254174371,random_regular,8,Random,3,24,2,random,0.37104743153085107,0.5516757723478912,,,,,,,,
random_regular_n8_s1254174371,random_regular,8,Random,3,24,3,random,0.6417450361354362,0.6417450361354362,,,,,,,,
random_regular_n8_s1254174371,random_regular,8,Random,3,24,4,random,0.6389368915915101,0.6417450361354362,,,,,,,,
random_regular_n8_s1254174371,random_regular,8,Random,3,24,5,random,0.6843366755538913,0.6843366755538913,,,,,,,,
random_regular_n8_s1254174371,random_regular,8,Random,3,24,6,random,0.5560545500474001,0.6843366755538913,,,,,,,,
random_regular_n8_s1254174371,random_regular,8,Random,3,24,7,random,0.5381825343163829,0.6843366755538913,,,,,,,,
random_regular_n8_s1254174371,random_regular,8,Random,3,24,8,random,0.5314614976908475,0.6843366755538913,,,,,,,,
random_regular_n8_s1254174371,random_regular,8,Random,3,24,9,random,0.5820173980646663,0.6843366755538913,,,,,,,,
random_regular_n8_s1254174371,random_regular,8,Random,3,24,10,random,0.4864842150823523,0.6843366755538913,,,,,,,,
random_regular_n8_s1254174371,random_regular,8,Random,3,24,11,random,0.505085229814493,0.6843366755538913,,,,,,,,
random_regular_n8_s1254174371,random_regular,8,Random,3,24,12,random,0.6370548322154239,0.6843366755538913,,,,,,,,
random_regular_n8_s1254174371,random_regular,8,Random,3,24,13,random,0.5136026798676399,0.6843366755538913,,,,,,,,
random_regular_n8_s1254174371,random_regular,8,Random,3,24,14,random,0.5235566904573006,0.6843366755538913,,,,,,,,
random_regular_n8_s1254174371,random_regular,8,Random,3,24,15,random,0.4963536958292483,0.6843366755538913,,,,,,,,
random_regular_n8_s1254174371,random_regular,8,Random,3,24,16,random,0.6421327239408006,0.6843366755538913,,,,,,,,
random_regular_n8_s1254174371,random_regular,8,Random,3,24,17,random,0.5988089896652967,0.6843366755538913,,,,,,,,
random_regular_n8_s1254174371,random_regular,8,Random,3,24,18,random,0.7395543691759607,0.7395543691759607,,,,,,,,
random_regular_n8_s1254174371,random_regular,8,Random,3,24,19,random,0.3909048577566069,0.7395543691759607,,,,,,,,
random_regular_n8_s1254174371,random_regular,8,Random,3,24,20,random,0.5378114338929583,0.7395543691759607,,,,,,,,
random_regular_n8_s1254174371,random_regular,8,Random,3,24,21,random,0.4034340508192768,0.7395543691759607,,,,,,,,
random_regular_n8_s1254174371,random_regular,8,Random,3,24,22,random,0.5256318569881341,0.7395543691759607,,,,,,,,
random_regular_n8_s1254174371,random_regular,8,Random,3,24,23,random,0.47189218108008585,0.7395543691759607,,,,,,,,
random_regular_n8_s1254174371,random_regular,8,Random,3,24,24,random,0.5836139439067874,0.7395543691759607,,,,,,,,
random_regular_n8_s1254174371,random_regular,8,TQA,3,24,1,anchor:tqa,0.5312499999999999,0.5312499999999999,"[0.7853981633974483, 1.5707963267948966, 2.356194490192345, 2.356194490192345, 1.5707963267948966, 0.7853981633974483]",,,,,"[0.7853981633974483, 1.5707963267948966, 2.356194490192345, 2.356194490192345, 1.5707963267948966, 0.7853981633974483]",3.0657909999991517,
random_regular_n8_s1254174371,random_regular,8,TQA+coordinate,3,24,1,anchor:tqa,0.5312499999999999,0.5312499999999999,"[0.7853981633974483, 1.5707963267948966, 2.356194490192345, 2.356194490192345, 1.5707963267948966, 0.7853981633974483]",,,,,"[0.7853981633974483, 1.5707963267948966, 2.356194490192345, 2.356194490192345, 1.5707963267948966, 0.7853981633974483]",3.0425830000009313,
random_regular_n8_s1254174371,random_regular,8,TQA+coordinate,3,24,2,coordinate_refine,0.5726625532825402,0.5726625532825402,"[1.2853981633974483, 1.5707963267948966, 2.356194490192345, 2.356194490192345, 1.5707963267948966, 0.7853981633974483]",0,1,0.5,1.0,"[1.2853981633974483, 1.5707963267948966, 2.356194490192345, 2.356194490192345, 1.5707963267948966, 0.7853981633974483]",3.029125000001187,
random_regular_n8_s1254174371,random_regular,8,TQA+coordinate,3,24,3,coordinate_refine,0.611887734047848,0.611887734047848,"[1.7853981633974483, 1.5707963267948966, 2.356194490192345, 2.356194490192345, 1.5707963267948966, 0.7853981633974483]",0,1,0.5,1.0,"[1.7853981633974483, 1.5707963267948966, 2.356194490192345, 2.356194490192345, 1.5707963267948966, 0.7853981633974483]",2.984957999998983,
random_regular_n8_s1254174371,random_regular,8,TQA+coordinate,3,24,4,coordinate_refine,0.5499261523645489,0.611887734047848,"[2.2853981633974483, 1.5707963267948966, 2.356194490192345, 2.356194490192345, 1.5707963267948966, 0.7853981633974483]",0,1,0.5,1.0,"[1.7853981633974483, 1.5707963267948966, 2.356194490192345, 2.356194490192345, 1.5707963267948966, 0.7853981633974483]",2.998500000000348,
random_regular_n8_s1254174371,random_regular,8,TQA+coordinate,3,24,5,coordinate_refine,0.5726625532825402,0.611887734047848,"[1.2853981633974483, 1.5707963267948966, 2.356194490192345, 2.356194490192345, 1.5707963267948966, 0.7853981633974483]",0,-1,0.5,1.0,"[1.7853981633974483, 1.5707963267948966, 2.356194490192345, 2.356194490192345, 1.5707963267948966, 0.7853981633974483]",3.010749999999618,
random_regular_n8_s1254174371,random_regular,8,TQA+coordinate,3,24,6,coordinate_refine,0.5913496146419563,0.611887734047848,"[1.7853981633974483, 2.0707963267948966, 2.356194490192345, 2.356194490192345, 1.5707963267948966, 0.7853981633974483]",1,1,0.5,1.0,"[1.7853981633974483, 1.5707963267948966, 2.356194490192345, 2.356194490192345, 1.5707963267948966, 0.7853981633974483]",3.005041999999847,
random_regular_n8_s1254174371,random_regular,8,TQA+coordinate,3,24,7,coordinate_refine,0.6256495606285679,0.6256495606285679,"[1.7853981633974483, 1.0707963267948966, 2.356194490192345, 2.356194490192345, 1.5707963267948966, 0.7853981633974483]",1,-1,0.5,1.0,"[1.7853981633974483, 1.0707963267948966, 2.356194490192345, 2.356194490192345, 1.5707963267948966, 0.7853981633974483]",3.0083330000003627,
random_regular_n8_s1254174371,random_regular,8,TQA+coordinate,3,24,8,coordinate_refine,0.5974217107372042,0.6256495606285679,"[2.2853981633974483, 1.0707963267948966, 2.356194490192345, 2.356194490192345, 1.5707963267948966, 0.7853981633974483]",0,1,0.5,1.0,"[1.7853981633974483, 1.0707963267948966, 2.356194490192345, 2.356194490192345, 1.5707963267948966, 0.7853981633974483]",3.0306250000009527,
random_regular_n8_s1254174371,random_regular,8,TQA+coordinate,3,24,9,coordinate_refine,0.5646764365280625,0.6256495606285679,"[1.2853981633974483, 1.0707963267948966, 2.356194490192345, 2.356194490192345, 1.5707963267948966, 0.7853981633974483]",0,-1,0.5,1.0,"[1.7853981633974483, 1.0707963267948966, 2.356194490192345, 2.356194490192345, 1.5707963267948966, 0.7853981633974483]",3.0032090000009504,
random_regular_n8_s1254174371,random_regular,8,TQA+coordinate,3,24,10,coordinate_refine,0.611887734047848,0.6256495606285679,"[1.7853981633974483, 1.5707963267948966, 2.356194490192345, 2.356194490192345, 1.5707963267948966, 0.7853981633974483]",1,1,0.5,1.0,"[1.7853981633974483, 1.0707963267948966, 2.356194490192345, 2.356194490192345, 1.5707963267948966, 0.7853981633974483]",3.000625000000312,
random_regular_n8_s1254174371,random_regular,8,TQA+coordinate,3,24,11,coordinate_refine,0.5769373077502604,0.6256495606285679,"[1.7853981633974483, 0.5707963267948966, 2.356194490192345, 2.356194490192345, 1.5707963267948966, 0.7853981633974483]",1,-1,0.5,1.0,"[1.7853981633974483, 1.0707963267948966, 2.356194490192345, 2.356194490192345, 1.5707963267948966, 0.7853981633974483]",3.038582999998596,
random_regular_n8_s1254174371,random_regular,8,TQA+coordinate,3,24,12,coordinate_refine,0.611887734047848,0.6256495606285679,"[1.7853981633974483, 1.0707963267948966, 2.856194490192345, 2.356194490192345, 1.5707963267948966, 0.7853981633974483]",2,1,0.5,1.0,"[1.7853981633974483, 1.0707963267948966, 2.356194490192345, 2.356194490192345, 1.5707963267948966, 0.7853981633974483]",2.9986250000000325,
random_regular_n8_s1254174371,random_regular,8,TQA+coordinate,3,24,13,coordinate_refine,0.5769373077502605,0.6256495606285679,"[1.7853981633974483, 1.0707963267948966, 1.8561944901923448, 2.356194490192345, 1.5707963267948966, 0.7853981633974483]",2,-1,0.5,1.0,"[1.7853981633974483, 1.0707963267948966, 2.356194490192345, 2.356194490192345, 1.5707963267948966, 0.7853981633974483]",3.0108339999994627,
random_regular_n8_s1254174371,random_regular,8,TQA+coordinate,3,24,14,coordinate_refine,0.6734944440035265,0.6734944440035265,"[1.7853981633974483, 1.0707963267948966, 2.356194490192345, 2.856194490192345, 1.5707963267948966, 0.7853981633974483]",3,1,0.5,1.0,"[1.7853981633974483, 1.0707963267948966, 2.356194490192345, 2.856194490192345, 1.5707963267948966, 0.7853981633974483]",3.020583000001409,
random_regular_n8_s1254174371,random_regular,8,TQA+coordinate,3,24,15,coordinate_refine,0.8237928973171167,0.8237928973171167,"[2.2853981633974483, 1.0707963267948966, 2.356194490192345, 2.856194490192345, 1.5707963267948966, 0.7853981633974483]",0,1,0.5,1.0,"[2.2853981633974483, 1.0707963267948966, 2.356194490192345, 2.856194490192345, 1.5707963267948966, 0.7853981633974483]",2.995000000000303,
random_regular_n8_s1254174371,random_regular,8,TQA+coordinate,3,24,16,coordinate_refine,0.7530780009500228,0.8237928973171167,"[2.7853981633974483, 1.0707963267948966, 2.356194490192345, 2.856194490192345, 1.5707963267948966, 0.7853981633974483]",0,1,0.5,1.0,"[2.2853981633974483, 1.0707963267948966, 2.356194490192345, 2.856194490192345, 1.5707963267948966, 0.7853981633974483]",3.019333000001012,
random_regular_n8_s1254174371,random_regular,8,TQA+coordinate,3,24,17,coordinate_refine,0.6734944440035265,0.8237928973171167,"[1.7853981633974483, 1.0707963267948966, 2.356194490192345, 2.856194490192345, 1.5707963267948966, 0.7853981633974483]",0,-1,0.5,1.0,"[2.2853981633974483, 1.0707963267948966, 2.356194490192345, 2.856194490192345, 1.5707963267948966, 0.7853981633974483]",3.0208340000008604,
random_regular_n8_s1254174371,random_regular,8,TQA+coordinate,3,24,18,coordinate_refine,0.7198435644377442,0.8237928973171167,"[2.2853981633974483, 1.5707963267948966, 2.356194490192345, 2.856194490192345, 1.5707963267948966, 0.7853981633974483]",1,1,0.5,1.0,"[2.2853981633974483, 1.0707963267948966, 2.356194490192345, 2.856194490192345, 1.5707963267948966, 0.7853981633974483]",2.9885419999988727,
random_regular_n8_s1254174371,random_regular,8,TQA+coordinate,3,24,19,coordinate_refine,0.6322595826930304,0.8237928973171167,"[2.2853981633974483, 0.5707963267948966, 2.356194490192345, 2.856194490192345, 1.5707963267948966, 0.7853981633974483]",1,-1,0.5,1.0,"[2.2853981633974483, 1.0707963267948966, 2.356194490192345, 2.856194490192345, 1.5707963267948966, 0.7853981633974483]",3.011332999999894,
random_regular_n8_s1254174371,random_regular,8,TQA+coordinate,3,24,20,coordinate_refine,0.7198435644377441,0.8237928973171167,"[2.2853981633974483, 1.0707963267948966, 2.856194490192345, 2.856194490192345, 1.5707963267948966, 0.7853981633974483]",2,1,0.5,1.0,"[2.2853981633974483, 1.0707963267948966, 2.356194490192345, 2.856194490192345, 1.5707963267948966, 0.7853981633974483]",3.0136249999994646,
random_regular_n8_s1254174371,random_regular,8,TQA+coordinate,3,24,21,coordinate_refine,0.6322595826930305,0.8237928973171167,"[2.2853981633974483, 1.0707963267948966, 1.8561944901923448, 2.856194490192345, 1.5707963267948966, 0.7853981633974483]",2,-1,0.5,1.0,"[2.2853981633974483, 1.0707963267948966, 2.356194490192345, 2.856194490192345, 1.5707963267948966, 0.7853981633974483]",2.9940419999991974,
random_regular_n8_s1254174371,random_regular,8,TQA+coordinate,3,24,22,coordinate_refine,0.5379883642176148,0.8237928973171167,"[2.2853981633974483, 1.0707963267948966, 2.356194490192345, 3.141592653589793, 1.5707963267948966, 0.7853981633974483]",3,1,0.5,1.0,"[2.2853981633974483, 1.0707963267948966, 2.356194490192345, 2.856194490192345, 1.5707963267948966, 0.7853981633974483]",2.994166999998882,
random_regular_n8_s1254174371,random_regular,8,TQA+coordinate,3,24,23,coordinate_refine,0.5974217107372042,0.8237928973171167,"[2.2853981633974483, 1.0707963267948966, 2.356194490192345, 2.356194490192345, 1.5707963267948966, 0.7853981633974483]",3,-1,0.5,1.0,"[2.2853981633974483, 1.0707963267948966, 2.356194490192345, 2.856194490192345, 1.5707963267948966, 0.7853981633974483]",3.043958999999319,
random_regular_n8_s1254174371,random_regular,8,TQA+coordinate,3,24,24,coordinate_refine,0.47525122795726327,0.8237928973171167,"[2.2853981633974483, 1.0707963267948966, 2.356194490192345, 2.856194490192345, 2.0707963267948966, 0.7853981633974483]",4,1,0.5,1.0,"[2.2853981633974483, 1.0707963267948966, 2.356194490192345, 2.856194490192345, 1.5707963267948966, 0.7853981633974483]",3.0164169999995494,
random_regular_n8_s1254174371,random_regular,8,kNN+coordinate,3,24,1,anchor:tqa,0.5312499999999999,0.5312499999999999,,,,0.0,,,,-1.0
random_regular_n8_s1254174371,random_regular,8,kNN+coordinate,3,24,2,anchor:knn_mean,0.5410089077158776,0.5410089077158776,,,,0.0,,,,-1.0
random_regular_n8_s1254174371,random_regular,8,kNN+coordinate,3,24,3,anchor:global,0.5999999999999999,0.5999999999999999,,,,0.0,,,,-1.0
random_regular_n8_s1254174371,random_regular,8,kNN+coordinate,3,24,4,operator_refine,0.6,0.6,,,,0.6220510532330905,,,,0.0
random_regular_n8_s1254174371,random_regular,8,kNN+coordinate,3,24,5,operator_refine,0.6,0.6,,,,0.5987698775664085,,,,1.0
random_regular_n8_s1254174371,random_regular,8,kNN+coordinate,3,24,6,operator_refine,0.6,0.6,,,,-0.5987698775664085,,,,1.0
random_regular_n8_s1254174371,random_regular,8,kNN+coordinate,3,24,7,operator_refine,0.34407054961970623,0.6,,,,0.5061288475985294,,,,2.0
random_regular_n8_s1254174371,random_regular,8,kNN+coordinate,3,24,8,operator_refine,0.7591655128215951,0.7591655128215951,,,,-0.5061288475985294,,,,2.0
random_regular_n8_s1254174371,random_regular,8,kNN+coordinate,3,24,9,operator_refine,0.609315270987881,0.7591655128215951,,,,0.5008481712500134,,,,3.0
random_regular_n8_s1254174371,random_regular,8,kNN+coordinate,3,24,10,operator_refine,0.6833515431980735,0.7591655128215951,,,,-0.5008481712500134,,,,3.0
random_regular_n8_s1254174371,random_regular,8,kNN+coordinate,3,24,11,operator_refine,0.759165512821595,0.7591655128215951,,,,0.47662280791946376,,,,4.0
random_regular_n8_s1254174371,random_regular,8,kNN+coordinate,3,24,12,operator_refine,0.759165512821595,0.7591655128215951,,,,-0.47662280791946376,,,,4.0
random_regular_n8_s1254174371,random_regular,8,kNN+coordinate,3,24,13,operator_refine,0.5690737075335406,0.7591655128215951,,,,0.46940656029265154,,,,5.0
random_regular_n8_s1254174371,random_regular,8,kNN+coordinate,3,24,14,operator_refine,0.6334569626906779,0.7591655128215951,,,,-0.46940656029265154,,,,5.0
random_regular_n8_s1254174371,random_regular,8,kNN+coordinate,3,24,15,operator_refine,0.696671119308956,0.7591655128215951,,,,0.3421280792781998,,,,0.0
random_regular_n8_s1254174371,random_regular,8,kNN+coordinate,3,24,16,operator_refine,0.7224126034619,0.7591655128215951,,,,-0.3421280792781998,,,,0.0
random_regular_n8_s1254174371,random_regular,8,kNN+coordinate,3,24,17,operator_refine,0.6997928085286709,0.7591655128215951,,,,0.3293234326615247,,,,1.0
random_regular_n8_s1254174371,random_regular,8,kNN+coordinate,3,24,18,operator_refine,0.7261935450587105,0.7591655128215951,,,,-0.3293234326615247,,,,1.0
random_regular_n8_s1254174371,random_regular,8,kNN+coordinate,3,24,19,operator_refine,0.7694303927321031,0.7694303927321031,,,,0.2783708661791912,,,,2.0
random_regular_n8_s1254174371,random_regular,8,kNN+coordinate,3,24,20,operator_refine,0.5908724004885892,0.7694303927321031,,,,0.27546649418750735,,,,3.0
random_regular_n8_s1254174371,random_regular,8,kNN+coordinate,3,24,21,operator_refine,0.8486393041501785,0.8486393041501785,,,,-0.27546649418750735,,,,3.0
random_regular_n8_s1254174371,random_regular,8,kNN+coordinate,3,24,22,operator_refine,0.8515096937093893,0.8515096937093893,,,,0.2621425443557051,,,,4.0
random_regular_n8_s1254174371,random_regular,8,kNN+coordinate,3,24,23,operator_refine,0.7499729078695714,0.8515096937093893,,,,0.25817360816095836,,,,5.0
random_regular_n8_s1254174371,random_regular,8,kNN+coordinate,3,24,24,operator_refine,0.712449219661002,0.8515096937093893,,,,-0.25817360816095836,,,,5.0
random_regular_n8_s1254174371,random_regular,8,OST diagonal,3,24,1,anchor:tqa,0.5312499999999999,0.5312499999999999,,,,0.0,,,,-1.0
random_regular_n8_s1254174371,random_regular,8,OST diagonal,3,24,2,anchor:operator_mean,0.49390184039226614,0.5312499999999999,,,,0.0,,,,-1.0
random_regular_n8_s1254174371,random_regular,8,OST diagonal,3,24,3,anchor:nearest_operator_neighbor,0.844379302406891,0.844379302406891,,,,0.0,,,,-1.0
random_regular_n8_s1254174371,random_regular,8,OST diagonal,3,24,4,anchor:global,0.5999999999999999,0.844379302406891,,,,0.0,,,,-1.0
random_regular_n8_s1254174371,random_regular,8,OST diagonal,3,24,5,operator_refine,0.7634050082934752,0.844379302406891,,,,0.590729462052424,,,,0.0
random_regular_n8_s1254174371,random_regular,8,OST diagonal,3,24,6,operator_refine,0.8077368010305943,0.844379302406891,,,,-0.590729462052424,,,,0.0
random_regular_n8_s1254174371,random_regular,8,OST diagonal,3,24,7,operator_refine,0.721791858602624,0.844379302406891,,,,0.5701147463366362,,,,1.0
random_regular_n8_s1254174371,random_regular,8,OST diagonal,3,24,8,operator_refine,0.6074017014988978,0.844379302406891,,,,-0.5701147463366362,,,,1.0
random_regular_n8_s1254174371,random_regular,8,OST diagonal,3,24,9,operator_refine,0.8389033367753015,0.844379302406891,,,,0.4775971119984792,,,,2.0
random_regular_n8_s1254174371,random_regular,8,OST diagonal,3,24,10,operator_refine,0.6737242647936702,0.844379302406891,,,,-0.4775971119984792,,,,2.0
random_regular_n8_s1254174371,random_regular,8,OST diagonal,3,24,11,operator_refine,0.494630229345176,0.844379302406891,,,,0.4766011730253132,,,,3.0
random_regular_n8_s1254174371,random_regular,8,OST diagonal,3,24,12,operator_refine,0.7526462669510557,0.844379302406891,,,,-0.4766011730253132,,,,3.0
random_regular_n8_s1254174371,random_regular,8,OST diagonal,3,24,13,operator_refine,0.6785936683021941,0.844379302406891,,,,0.4703160048309766,,,,4.0
random_regular_n8_s1254174371,random_regular,8,OST diagonal,3,24,14,operator_refine,0.5902861430243341,0.844379302406891,,,,-0.4703160048309766,,,,4.0
random_regular_n8_s1254174371,random_regular,8,OST diagonal,3,24,15,operator_refine,0.8085358314854976,0.844379302406891,,,,-0.44672480875165554,,,,5.0
random_regular_n8_s1254174371,random_regular,8,OST diagonal,3,24,16,operator_refine,0.8240715370210673,0.844379302406891,,,,0.3249012041288333,,,,0.0
random_regular_n8_s1254174371,random_regular,8,OST diagonal,3,24,17,operator_refine,0.8253607409598007,0.844379302406891,,,,-0.3249012041288333,,,,0.0
random_regular_n8_s1254174371,random_regular,8,OST diagonal,3,24,18,operator_refine,0.8166976990814934,0.844379302406891,,,,0.3135631104851499,,,,1.0
random_regular_n8_s1254174371,random_regular,8,OST diagonal,3,24,19,operator_refine,0.7414470459604051,0.844379302406891,,,,-0.3135631104851499,,,,1.0
random_regular_n8_s1254174371,random_regular,8,OST diagonal,3,24,20,operator_refine,0.8037231212328987,0.844379302406891,,,,-0.2626784115991636,,,,2.0
random_regular_n8_s1254174371,random_regular,8,OST diagonal,3,24,21,operator_refine,0.7036619885181308,0.844379302406891,,,,0.26213064516392226,,,,3.0
random_regular_n8_s1254174371,random_regular,8,OST diagonal,3,24,22,operator_refine,0.8055738422668653,0.844379302406891,,,,0.25867380265703716,,,,4.0
random_regular_n8_s1254174371,random_regular,8,OST diagonal,3,24,23,operator_refine,0.7258434216636578,0.844379302406891,,,,-0.25867380265703716,,,,4.0
random_regular_n8_s1254174371,random_regular,8,OST diagonal,3,24,24,operator_refine,0.8276660478564999,0.844379302406891,,,,-0.24569864481341058,,,,5.0
random_regular_n8_s1254174371,random_regular,8,OST-QAOA,3,24,1,anchor:tqa,0.5312499999999999,0.5312499999999999,,,,0.0,,,,-1.0
random_regular_n8_s1254174371,random_regular,8,OST-QAOA,3,24,2,anchor:operator_mean,0.49390184039226614,0.5312499999999999,,,,0.0,,,,-1.0
random_regular_n8_s1254174371,random_regular,8,OST-QAOA,3,24,3,anchor:nearest_operator_neighbor,0.844379302406891,0.844379302406891,,,,0.0,,,,-1.0
random_regular_n8_s1254174371,random_regular,8,OST-QAOA,3,24,4,anchor:global,0.5999999999999999,0.844379302406891,,,,0.0,,,,-1.0
random_regular_n8_s1254174371,random_regular,8,OST-QAOA,3,24,5,operator_refine,0.7213999318831963,0.844379302406891,,,,0.8540593942224592,,,,0.0
random_regular_n8_s1254174371,random_regular,8,OST-QAOA,3,24,6,operator_refine,0.6646994153922001,0.844379302406891,,,,-0.8540593942224592,,,,0.0
random_regular_n8_s1254174371,random_regular,8,OST-QAOA,3,24,7,operator_refine,0.7394216117922896,0.844379302406891,,,,0.6378445950069059,,,,1.0
random_regular_n8_s1254174371,random_regular,8,OST-QAOA,3,24,8,operator_refine,0.7796654243682759,0.844379302406891,,,,-0.6378445950069059,,,,1.0
random_regular_n8_s1254174371,random_regular,8,OST-QAOA,3,24,9,operator_refine,0.7589416735486848,0.844379302406891,,,,0.39798858288118755,,,,2.0
random_regular_n8_s1254174371,random_regular,8,OST-QAOA,3,24,10,operator_refine,0.7043795317403561,0.844379302406891,,,,-0.39798858288118755,,,,2.0
random_regular_n8_s1254174371,random_regular,8,OST-QAOA,3,24,11,operator_refine,0.7025069171972562,0.844379302406891,,,,0.35640810318439314,,,,3.0
random_regular_n8_s1254174371,random_regular,8,OST-QAOA,3,24,12,operator_refine,0.7764916420309709,0.844379302406891,,,,-0.35640810318439314,,,,3.0
random_regular_n8_s1254174371,random_regular,8,OST-QAOA,3,24,13,operator_refine,0.7495158583648174,0.844379302406891,,,,0.2882466118379814,,,,4.0
random_regular_n8_s1254174371,random_regular,8,OST-QAOA,3,24,14,operator_refine,0.7926960748620248,0.844379302406891,,,,-0.2882466118379814,,,,4.0
random_regular_n8_s1254174371,random_regular,8,OST-QAOA,3,24,15,operator_refine,0.8225984355947272,0.844379302406891,,,,0.2126712637040874,,,,5.0
random_regular_n8_s1254174371,random_regular,8,OST-QAOA,3,24,16,operator_refine,0.8375292136483005,0.844379302406891,,,,-0.2126712637040874,,,,5.0
random_regular_n8_s1254174371,random_regular,8,OST-QAOA,3,24,17,operator_refine,0.6660403976172043,0.844379302406891,,,,0.4697326668223526,,,,0.0
random_regular_n8_s1254174371,random_regular,8,OST-QAOA,3,24,18,operator_refine,0.7438349798005595,0.844379302406891,,,,-0.4697326668223526,,,,0.0
random_regular_n8_s1254174371,random_regular,8,OST-QAOA,3,24,19,operator_refine,0.80472990419409,0.844379302406891,,,,0.3508145272537983,,,,1.0
random_regular_n8_s1254174371,random_regular,8,OST-QAOA,3,24,20,operator_refine,0.8365510516455839,0.844379302406891,,,,-0.3508145272537983,,,,1.0
random_regular_n8_s1254174371,random_regular,8,OST-QAOA,3,24,21,operator_refine,0.801552661509693,0.844379302406891,,,,0.21889372058465317,,,,2.0
random_regular_n8_s1254174371,random_regular,8,OST-QAOA,3,24,22,operator_refine,0.7948421805508608,0.844379302406891,,,,-0.21889372058465317,,,,2.0
random_regular_n8_s1254174371,random_regular,8,OST-QAOA,3,24,23,operator_refine,0.7802769882337077,0.844379302406891,,,,0.19602445675141625,,,,3.0
random_regular_n8_s1254174371,random_regular,8,OST-QAOA,3,24,24,operator_refine,0.8354540476004797,0.844379302406891,,,,-0.19602445675141625,,,,3.0
random_regular_n10_s1288683881,random_regular,10,Random,3,24,1,random,0.6875435069609775,0.6875435069609775,,,,,,,,
random_regular_n10_s1288683881,random_regular,10,Random,3,24,2,random,0.6281152439081,0.6875435069609775,,,,,,,,
random_regular_n10_s1288683881,random_regular,10,Random,3,24,3,random,0.602451440383081,0.6875435069609775,,,,,,,,
random_regular_n10_s1288683881,random_regular,10,Random,3,24,4,random,0.6274798557438253,0.6875435069609775,,,,,,,,
random_regular_n10_s1288683881,random_regular,10,Random,3,24,5,random,0.4523419877134403,0.6875435069609775,,,,,,,,
random_regular_n10_s1288683881,random_regular,10,Random,3,24,6,random,0.6318263630373244,0.6875435069609775,,,,,,,,
random_regular_n10_s1288683881,random_regular,10,Random,3,24,7,random,0.4148276694324194,0.6875435069609775,,,,,,,,
random_regular_n10_s1288683881,random_regular,10,Random,3,24,8,random,0.46796700951803255,0.6875435069609775,,,,,,,,
random_regular_n10_s1288683881,random_regular,10,Random,3,24,9,random,0.8056352811026471,0.8056352811026471,,,,,,,,
random_regular_n10_s1288683881,random_regular,10,Random,3,24,10,random,0.46269620601254485,0.8056352811026471,,,,,,,,
random_regular_n10_s1288683881,random_regular,10,Random,3,24,11,random,0.3784622934808888,0.8056352811026471,,,,,,,,
random_regular_n10_s1288683881,random_regular,10,Random,3,24,12,random,0.7926693872367605,0.8056352811026471,,,,,,,,
random_regular_n10_s1288683881,random_regular,10,Random,3,24,13,random,0.6324365810944311,0.8056352811026471,,,,,,,,
random_regular_n10_s1288683881,random_regular,10,Random,3,24,14,random,0.5927102265287045,0.8056352811026471,,,,,,,,
random_regular_n10_s1288683881,random_regular,10,Random,3,24,15,random,0.7624276765749434,0.8056352811026471,,,,,,,,
random_regular_n10_s1288683881,random_regular,10,Random,3,24,16,random,0.5103639186725394,0.8056352811026471,,,,,,,,
random_regular_n10_s1288683881,random_regular,10,Random,3,24,17,random,0.622073576342723,0.8056352811026471,,,,,,,,
random_regular_n10_s1288683881,random_regular,10,Random,3,24,18,random,0.4562647185752911,0.8056352811026471,,,,,,,,
random_regular_n10_s1288683881,random_regular,10,Random,3,24,19,random,0.5607088253995122,0.8056352811026471,,,,,,,,
random_regular_n10_s1288683881,random_regular,10,Random,3,24,20,random,0.6968940889399681,0.8056352811026471,,,,,,,,
random_regular_n10_s1288683881,random_regular,10,Random,3,24,21,random,0.5337714829129446,0.8056352811026471,,,,,,,,
random_regular_n10_s1288683881,random_regular,10,Random,3,24,22,random,0.5011046302501238,0.8056352811026471,,,,,,,,
random_regular_n10_s1288683881,random_regular,10,Random,3,24,23,random,0.7081506572149285,0.8056352811026471,,,,,,,,
random_regular_n10_s1288683881,random_regular,10,Random,3,24,24,random,0.525579383757902,0.8056352811026471,,,,,,,,
random_regular_n10_s1288683881,random_regular,10,TQA,3,24,1,anchor:tqa,0.5247395833333333,0.5247395833333333,"[0.7853981633974483, 1.5707963267948966, 2.356194490192345, 2.356194490192345, 1.5707963267948966, 0.7853981633974483]",,,,,"[0.7853981633974483, 1.5707963267948966, 2.356194490192345, 2.356194490192345, 1.5707963267948966, 0.7853981633974483]",11.907167000000385,
random_regular_n10_s1288683881,random_regular,10,TQA+coordinate,3,24,1,anchor:tqa,0.5247395833333333,0.5247395833333333,"[0.7853981633974483, 1.5707963267948966, 2.356194490192345, 2.356194490192345, 1.5707963267948966, 0.7853981633974483]",,,,,"[0.7853981633974483, 1.5707963267948966, 2.356194490192345, 2.356194490192345, 1.5707963267948966, 0.7853981633974483]",11.822625000000642,
random_regular_n10_s1288683881,random_regular,10,TQA+coordinate,3,24,2,coordinate_refine,0.5334531428025939,0.5334531428025939,"[1.2853981633974483, 1.5707963267948966, 2.356194490192345, 2.356194490192345, 1.5707963267948966, 0.7853981633974483]",0,1,0.5,1.0,"[1.2853981633974483, 1.5707963267948966, 2.356194490192345, 2.356194490192345, 1.5707963267948966, 0.7853981633974483]",11.869833999998747,
random_regular_n10_s1288683881,random_regular,10,TQA+coordinate,3,24,3,coordinate_refine,0.638967024924049,0.638967024924049,"[1.7853981633974483, 1.5707963267948966, 2.356194490192345, 2.356194490192345, 1.5707963267948966, 0.7853981633974483]",0,1,0.5,1.0,"[1.7853981633974483, 1.5707963267948966, 2.356194490192345, 2.356194490192345, 1.5707963267948966, 0.7853981633974483]",11.902124999998875,
random_regular_n10_s1288683881,random_regular,10,TQA+coordinate,3,24,4,coordinate_refine,0.6583161337216131,0.6583161337216131,"[2.2853981633974483, 1.5707963267948966, 2.356194490192345, 2.356194490192345, 1.5707963267948966, 0.7853981633974483]",0,1,0.5,1.0,"[2.2853981633974483, 1.5707963267948966, 2.356194490192345, 2.356194490192345, 1.5707963267948966, 0.7853981633974483]",11.807665999999273,
random_regular_n10_s1288683881,random_regular,10,TQA+coordinate,3,24,5,coordinate_refine,0.5376593789284739,0.6583161337216131,"[2.7853981633974483, 1.5707963267948966, 2.356194490192345, 2.356194490192345, 1.5707963267948966, 0.7853981633974483]",0,1,0.5,1.0,"[2.2853981633974483, 1.5707963267948966, 2.356194490192345, 2.356194490192345, 1.5707963267948966, 0.7853981633974483]",11.870042000001746,
random_regular_n10_s1288683881,random_regular,10,TQA+coordinate,3,24,6,coordinate_refine,0.638967024924049,0.6583161337216131,"[1.7853981633974483, 1.5707963267948966, 2.356194490192345, 2.356194490192345, 1.5707963267948966, 0.7853981633974483]",0,-1,0.5,1.0,"[2.2853981633974483, 1.5707963267948966, 2.356194490192345, 2.356194490192345, 1.5707963267948966, 0.7853981633974483]",11.767916000000156,
random_regular_n10_s1288683881,random_regular,10,TQA+coordinate,3,24,7,coordinate_refine,0.6275239884278271,0.6583161337216131,"[2.2853981633974483, 2.0707963267948966, 2.356194490192345, 2.356194490192345, 1.5707963267948966, 0.7853981633974483]",1,1,0.5,1.0,"[2.2853981633974483, 1.5707963267948966, 2.356194490192345, 2.356194490192345, 1.5707963267948966, 0.7853981633974483]",11.814957999998654,
random_regular_n10_s1288683881,random_regular,10,TQA+coordinate,3,24,8,coordinate_refine,0.640225492392276,0.6583161337216131,"[2.2853981633974483, 1.0707963267948966, 2.356194490192345, 2.356194490192345, 1.5707963267948966, 0.7853981633974483]",1,-1,0.5,1.0,"[2.2853981633974483, 1.5707963267948966, 2.356194490192345, 2.356194490192345, 1.5707963267948966, 0.7853981633974483]",11.842624999999884,
random_regular_n10_s1288683881,random_regular,10,TQA+coordinate,3,24,9,coordinate_refine,0.6275239884278271,0.6583161337216131,"[2.2853981633974483, 1.5707963267948966, 2.856194490192345, 2.356194490192345, 1.5707963267948966, 0.7853981633974483]",2,1,0.5,1.0,"[2.2853981633974483, 1.5707963267948966, 2.356194490192345, 2.356194490192345, 1.5707963267948966, 0.7853981633974483]",11.990415999999726,
random_regular_n10_s1288683881,random_regular,10,TQA+coordinate,3,24,10,coordinate_refine,0.6402254923922759,0.6583161337216131,"[2.2853981633974483, 1.5707963267948966, 1.8561944901923448, 2.356194490192345, 1.5707963267948966, 0.7853981633974483]",2,-1,0.5,1.0,"[2.2853981633974483, 1.5707963267948966, 2.356194490192345, 2.356194490192345, 1.5707963267948966, 0.7853981633974483]",11.97729199999742,
random_regular_n10_s1288683881,random_regular,10,TQA+coordinate,3,24,11,coordinate_refine,0.7098975412913072,0.7098975412913072,"[2.2853981633974483, 1.5707963267948966, 2.356194490192345, 2.856194490192345, 1.5707963267948966, 0.7853981633974483]",3,1,0.5,1.0,"[2.2853981633974483, 1.5707963267948966, 2.356194490192345, 2.856194490192345, 1.5707963267948966, 0.7853981633974483]",12.108540999999917,
random_regular_n10_s1288683881,random_regular,10,TQA+coordinate,3,24,12,coordinate_refine,0.5734598858063001,0.7098975412913072,"[2.7853981633974483, 1.5707963267948966, 2.356194490192345, 2.856194490192345, 1.5707963267948966, 0.7853981633974483]",0,1,0.5,1.0,"[2.2853981633974483, 1.5707963267948966, 2.356194490192345, 2.856194490192345, 1.5707963267948966, 0.7853981633974483]",12.013375000002213,
random_regular_n10_s1288683881,random_regular,10,TQA+coordinate,3,24,13,coordinate_refine,0.7081206783717587,0.7098975412913072,"[1.7853981633974483, 1.5707963267948966, 2.356194490192345, 2.856194490192345, 1.5707963267948966, 0.7853981633974483]",0,-1,0.5,1.0,"[2.2853981633974483, 1.5707963267948966, 2.356194490192345, 2.856194490192345, 1.5707963267948966, 0.7853981633974483]",11.997792000002505,
random_regular_n10_s1288683881,random_regular,10,TQA+coordinate,3,24,14,coordinate_refine,0.5139953566696039,0.7098975412913072,"[2.2853981633974483, 2.0707963267948966, 2.356194490192345, 2.856194490192345, 1.5707963267948966, 0.7853981633974483]",1,1,0.5,1.0,"[2.2853981633974483, 1.5707963267948966, 2.356194490192345, 2.856194490192345, 1.5707963267948966, 0.7853981633974483]",11.962333999999686,
random_regular_n10_s1288683881,random_regular,10,TQA+coordinate,3,24,15,coordinate_refine,0.8257706128937011,0.8257706128937011,"[2.2853981633974483, 1.0707963267948966, 2.356194490192345, 2.856194490192345, 1.5707963267948966, 0.7853981633974483]",1,-1,0.5,1.0,"[2.2853981633974483, 1.0707963267948966, 2.356194490192345, 2.856194490192345, 1.5707963267948966, 0.7853981633974483]",11.867208000001739,
random_regular_n10_s1288683881,random_regular,10,TQA+coordinate,3,24,16,coordinate_refine,0.7713898640514035,0.8257706128937011,"[2.7853981633974483, 1.0707963267948966, 2.356194490192345, 2.856194490192345, 1.5707963267948966, 0.7853981633974483]",0,1,0.5,1.0,"[2.2853981633974483, 1.0707963267948966, 2.356194490192345, 2.856194490192345, 1.5707963267948966, 0.7853981633974483]",11.890167000000673,
random_regular_n10_s1288683881,random_regular,10,TQA+coordinate,3,24,17,coordinate_refine,0.6890503751037697,0.8257706128937011,"[1.7853981633974483, 1.0707963267948966, 2.356194490192345, 2.856194490192345, 1.5707963267948966, 0.7853981633974483]",0,-1,0.5,1.0,"[2.2853981633974483, 1.0707963267948966, 2.356194490192345, 2.856194490192345, 1.5707963267948966, 0.7853981633974483]",11.832124999997973,
random_regular_n10_s1288683881,random_regular,10,TQA+coordinate,3,24,18,coordinate_refine,0.7098975412913072,0.8257706128937011,"[2.2853981633974483, 1.5707963267948966, 2.356194490192345, 2.856194490192345, 1.5707963267948966, 0.7853981633974483]",1,1,0.5,1.0,"[2.2853981633974483, 1.0707963267948966, 2.356194490192345, 2.856194490192345, 1.5707963267948966, 0.7853981633974483]",11.796833000001783,
random_regular_n10_s1288683881,random_regular,10,TQA+coordinate,3,24,19,coordinate_refine,0.6235901965726977,0.8257706128937011,"[2.2853981633974483, 0.5707963267948966, 2.356194490192345, 2.856194490192345, 1.5707963267948966, 0.7853981633974483]",1,-1,0.5,1.0,"[2.2853981633974483, 1.0707963267948966, 2.356194490192345, 2.856194490192345, 1.5707963267948966, 0.7853981633974483]",11.85383299999998,
random_regular_n10_s1288683881,random_regular,10,TQA+coordinate,3,24,20,coordinate_refine,0.7098975412913072,0.8257706128937011,"[2.2853981633974483, 1.0707963267948966, 2.856194490192345, 2.856194490192345, 1.5707963267948966, 0.7853981633974483]",2,1,0.5,1.0,"[2.2853981633974483, 1.0707963267948966, 2.356194490192345, 2.856194490192345, 1.5707963267948966, 0.7853981633974483]",11.897624999999579,
random_regular_n10_s1288683881,random_regular,10,TQA+coordinate,3,24,21,coordinate_refine,0.6235901965726979,0.8257706128937011,"[2.2853981633974483, 1.0707963267948966, 1.8561944901923448, 2.856194490192345, 1.5707963267948966, 0.7853981633974483]",2,-1,0.5,1.0,"[2.2853981633974483, 1.0707963267948966, 2.356194490192345, 2.856194490192345, 1.5707963267948966, 0.7853981633974483]",11.882124999999633,
random_regular_n10_s1288683881,random_regular,10,TQA+coordinate,3,24,22,coordinate_refine,0.5216472736960239,0.8257706128937011,"[2.2853981633974483, 1.0707963267948966, 2.356194490192345, 3.141592653589793, 1.5707963267948966, 0.7853981633974483]",3,1,0.5,1.0,"[2.2853981633974483, 1.0707963267948966, 2.356194490192345, 2.856194490192345, 1.5707963267948966, 0.7853981633974483]",11.898292000001476,
random_regular_n10_s1288683881,random_regular,10,TQA+coordinate,3,24,23,coordinate_refine,0.640225492392276,0.8257706128937011,"[2.2853981633974483, 1.0707963267948966, 2.356194490192345, 2.356194490192345, 1.5707963267948966, 0.7853981633974483]",3,-1,0.5,1.0,"[2.2853981633974483, 1.0707963267948966, 2.356194490192345, 2.856194490192345, 1.5707963267948966, 0.7853981633974483]",11.944124999999417,
random_regular_n10_s1288683881,random_regular,10,TQA+coordinate,3,24,24,coordinate_refine,0.5186429415616297,0.8257706128937011,"[2.2853981633974483, 1.0707963267948966, 2.356194490192345, 2.856194490192345, 2.0707963267948966, 0.7853981633974483]",4,1,0.5,1.0,"[2.2853981633974483, 1.0707963267948966, 2.356194490192345, 2.856194490192345, 1.5707963267948966, 0.7853981633974483]",11.891041999998464,
random_regular_n10_s1288683881,random_regular,10,kNN+coordinate,3,24,1,anchor:tqa,0.5247395833333333,0.5247395833333333,,,,0.0,,,,-1.0
random_regular_n10_s1288683881,random_regular,10,kNN+coordinate,3,24,2,anchor:knn_mean,0.6226879418252946,0.6226879418252946,,,,0.0,,,,-1.0
random_regular_n10_s1288683881,random_regular,10,kNN+coordinate,3,24,3,anchor:global,0.6249999999999999,0.6249999999999999,,,,0.0,,,,-1.0
random_regular_n10_s1288683881,random_regular,10,kNN+coordinate,3,24,4,operator_refine,0.625,0.625,,,,0.5880218765365139,,,,0.0
random_regular_n10_s1288683881,random_regular,10,kNN+coordinate,3,24,5,operator_refine,0.625,0.625,,,,0.5878868503310701,,,,1.0
random_regular_n10_s1288683881,random_regular,10,kNN+coordinate,3,24,6,operator_refine,0.625,0.625,,,,-0.5878868503310701,,,,1.0
random_regular_n10_s1288683881,random_regular,10,kNN+coordinate,3,24,7,operator_refine,0.41347680854412533,0.625,,,,0.5611870637869181,,,,2.0
random_regular_n10_s1288683881,random_regular,10,kNN+coordinate,3,24,8,operator_refine,0.6635388349298831,0.6635388349298831,,,,-0.5611870637869181,,,,2.0
random_regular_n10_s1288683881,random_regular,10,kNN+coordinate,3,24,9,operator_refine,0.5664556748647153,0.6635388349298831,,,,0.5074533886257682,,,,3.0
random_regular_n10_s1288683881,random_regular,10,kNN+coordinate,3,24,10,operator_refine,0.6317929654906937,0.6635388349298831,,,,-0.5074533886257682,,,,3.0
random_regular_n10_s1288683881,random_regular,10,kNN+coordinate,3,24,11,operator_refine,0.40751335726772986,0.6635388349298831,,,,0.4792527057394738,,,,4.0
random_regular_n10_s1288683881,random_regular,10,kNN+coordinate,3,24,12,operator_refine,0.6736750440638267,0.6736750440638267,,,,-0.4792527057394738,,,,4.0
random_regular_n10_s1288683881,random_regular,10,kNN+coordinate,3,24,13,operator_refine,0.7707216536210098,0.7707216536210098,,,,0.4544186459358009,,,,5.0
random_regular_n10_s1288683881,random_regular,10,kNN+coordinate,3,24,14,operator_refine,0.6218190563264809,0.7707216536210098,,,,0.3234120320950827,,,,0.0
random_regular_n10_s1288683881,random_regular,10,kNN+coordinate,3,24,15,operator_refine,0.7428032462414681,0.7707216536210098,,,,-0.3234120320950827,,,,0.0
random_regular_n10_s1288683881,random_regular,10,kNN+coordinate,3,24,16,operator_refine,0.636201965515853,0.7707216536210098,,,,0.3233377676820886,,,,1.0
random_regular_n10_s1288683881,random_regular,10,kNN+coordinate,3,24,17,operator_refine,0.7362302844260823,0.7707216536210098,,,,-0.3233377676820886,,,,1.0
random_regular_n10_s1288683881,random_regular,10,kNN+coordinate,3,24,18,operator_refine,0.5210830858058402,0.7707216536210098,,,,0.308652885082805,,,,2.0
random_regular_n10_s1288683881,random_regular,10,kNN+coordinate,3,24,19,operator_refine,0.8186591560969211,0.8186591560969211,,,,-0.308652885082805,,,,2.0
random_regular_n10_s1288683881,random_regular,10,kNN+coordinate,3,24,20,operator_refine,0.7256300154982552,0.8186591560969211,,,,0.2790993637441725,,,,3.0
random_regular_n10_s1288683881,random_regular,10,kNN+coordinate,3,24,21,operator_refine,0.6145587308965147,0.8186591560969211,,,,-0.2790993637441725,,,,3.0
random_regular_n10_s1288683881,random_regular,10,kNN+coordinate,3,24,22,operator_refine,0.7107065292388999,0.8186591560969211,,,,0.2635889881567106,,,,4.0
random_regular_n10_s1288683881,random_regular,10,kNN+coordinate,3,24,23,operator_refine,0.7419887802711687,0.8186591560969211,,,,-0.2635889881567106,,,,4.0
random_regular_n10_s1288683881,random_regular,10,kNN+coordinate,3,24,24,operator_refine,0.7201622737004502,0.8186591560969211,,,,0.2499302552646905,,,,5.0
random_regular_n10_s1288683881,random_regular,10,OST diagonal,3,24,1,anchor:tqa,0.5247395833333333,0.5247395833333333,,,,0.0,,,,-1.0
random_regular_n10_s1288683881,random_regular,10,OST diagonal,3,24,2,anchor:operator_mean,0.5908287498486315,0.5908287498486315,,,,0.0,,,,-1.0
random_regular_n10_s1288683881,random_regular,10,OST diagonal,3,24,3,anchor:nearest_operator_neighbor,0.8353074634960252,0.8353074634960252,,,,0.0,,,,-1.0
random_regular_n10_s1288683881,random_regular,10,OST diagonal,3,24,4,anchor:global,0.6249999999999999,0.8353074634960252,,,,0.0,,,,-1.0
random_regular_n10_s1288683881,random_regular,10,OST diagonal,3,24,5,operator_refine,0.6858623497642947,0.8353074634960252,,,,0.5630790452860553,,,,0.0
random_regular_n10_s1288683881,random_regular,10,OST diagonal,3,24,6,operator_refine,0.6788268135284019,0.8353074634960252,,,,-0.5630790452860553,,,,0.0
random_regular_n10_s1288683881,random_regular,10,OST diagonal,3,24,7,operator_refine,0.7859722096297235,0.8353074634960252,,,,0.5570258465708183,,,,1.0
random_regular_n10_s1288683881,random_regular,10,OST diagonal,3,24,8,operator_refine,0.6832767514846084,0.8353074634960252,,,,-0.5570258465708183,,,,1.0
random_regular_n10_s1288683881,random_regular,10,OST diagonal,3,24,9,operator_refine,0.46757228360217645,0.8353074634960252,,,,0.5369122977699488,,,,2.0
random_regular_n10_s1288683881,random_regular,10,OST diagonal,3,24,10,operator_refine,0.4515474269100815,0.8353074634960252,,,,-0.5369122977699488,,,,2.0
random_regular_n10_s1288683881,random_regular,10,OST diagonal,3,24,11,operator_refine,0.43106946361489795,0.8353074634960252,,,,0.4771324566915617,,,,3.0
random_regular_n10_s1288683881,random_regular,10,OST diagonal,3,24,12,operator_refine,0.577373464761484,0.8353074634960252,,,,-0.4771324566915617,,,,3.0
random_regular_n10_s1288683881,random_regular,10,OST diagonal,3,24,13,operator_refine,0.5368944653899318,0.8353074634960252,,,,0.4754398476505792,,,,4.0
random_regular_n10_s1288683881,random_regular,10,OST diagonal,3,24,14,operator_refine,0.6339062165254258,0.8353074634960252,,,,-0.4754398476505792,,,,4.0
random_regular_n10_s1288683881,random_regular,10,OST diagonal,3,24,15,operator_refine,0.8051384183111496,0.8353074634960252,,,,0.42507758062813766,,,,5.0
random_regular_n10_s1288683881,random_regular,10,OST diagonal,3,24,16,operator_refine,0.6234227900192261,0.8353074634960252,,,,-0.42507758062813766,,,,5.0
random_regular_n10_s1288683881,random_regular,10,OST diagonal,3,24,17,operator_refine,0.7974291594320668,0.8353074634960252,,,,0.30969347490733046,,,,0.0
random_regular_n10_s1288683881,random_regular,10,OST diagonal,3,24,18,operator_refine,0.7697091644797512,0.8353074634960252,,,,-0.30969347490733046,,,,0.0
random_regular_n10_s1288683881,random_regular,10,OST diagonal,3,24,19,operator_refine,0.804278151243578,0.8353074634960252,,,,0.3063642156139501,,,,1.0
random_regular_n10_s1288683881,random_regular,10,OST diagonal,3,24,20,operator_refine,0.7733351404004404,0.8353074634960252,,,,-0.3063642156139501,,,,1.0
random_regular_n10_s1288683881,random_regular,10,OST diagonal,3,24,21,operator_refine,0.6933563425815444,0.8353074634960252,,,,0.29530176377347184,,,,2.0
random_regular_n10_s1288683881,random_regular,10,OST diagonal,3,24,22,operator_refine,0.6756704285109126,0.8353074634960252,,,,-0.29530176377347184,,,,2.0
random_regular_n10_s1288683881,random_regular,10,OST diagonal,3,24,23,operator_refine,0.687356362832008,0.8353074634960252,,,,0.26242285118035896,,,,3.0
random_regular_n10_s1288683881,random_regular,10,OST diagonal,3,24,24,operator_refine,0.7875820575846371,0.8353074634960252,,,,-0.26242285118035896,,,,3.0
random_regular_n10_s1288683881,random_regular,10,OST-QAOA,3,24,1,anchor:tqa,0.5247395833333333,0.5247395833333333,,,,0.0,,,,-1.0
random_regular_n10_s1288683881,random_regular,10,OST-QAOA,3,24,2,anchor:operator_mean,0.5908287498486315,0.5908287498486315,,,,0.0,,,,-1.0
random_regular_n10_s1288683881,random_regular,10,OST-QAOA,3,24,3,anchor:nearest_operator_neighbor,0.8353074634960252,0.8353074634960252,,,,0.0,,,,-1.0
random_regular_n10_s1288683881,random_regular,10,OST-QAOA,3,24,4,anchor:global,0.6249999999999999,0.8353074634960252,,,,0.0,,,,-1.0
random_regular_n10_s1288683881,random_regular,10,OST-QAOA,3,24,5,operator_refine,0.5020521427086719,0.8353074634960252,,,,0.8688844412406996,,,,0.0
random_regular_n10_s1288683881,random_regular,10,OST-QAOA,3,24,6,operator_refine,0.6248274481143737,0.8353074634960252,,,,-0.8688844412406996,,,,0.0
random_regular_n10_s1288683881,random_regular,10,OST-QAOA,3,24,7,operator_refine,0.6627792401993652,0.8353074634960252,,,,0.5058912874852467,,,,1.0
random_regular_n10_s1288683881,random_regular,10,OST-QAOA,3,24,8,operator_refine,0.6462645770586081,0.8353074634960252,,,,-0.5058912874852467,,,,1.0
random_regular_n10_s1288683881,random_regular,10,OST-QAOA,3,24,9,operator_refine,0.8272017451306309,0.8353074634960252,,,,0.44976027540669433,,,,2.0
random_regular_n10_s1288683881,random_regular,10,OST-QAOA,3,24,10,operator_refine,0.8588795907151728,0.8588795907151728,,,,-0.44976027540669433,,,,2.0
random_regular_n10_s1288683881,random_regular,10,OST-QAOA,3,24,11,operator_refine,0.4113588133001816,0.8588795907151728,,,,0.3829764798941114,,,,3.0
random_regular_n10_s1288683881,random_regular,10,OST-QAOA,3,24,12,operator_refine,0.6415224172544641,0.8588795907151728,,,,-0.3829764798941114,,,,3.0
random_regular_n10_s1288683881,random_regular,10,OST-QAOA,3,24,13,operator_refine,0.7854571571125556,0.8588795907151728,,,,0.3512160476502713,,,,4.0
random_regular_n10_s1288683881,random_regular,10,OST-QAOA,3,24,14,operator_refine,0.7659367159408058,0.8588795907151728,,,,-0.3512160476502713,,,,4.0
random_regular_n10_s1288683881,random_regular,10,OST-QAOA,3,24,15,operator_refine,0.8306925789923291,0.8588795907151728,,,,0.25846824060856943,,,,5.0
random_regular_n10_s1288683881,random_regular,10,OST-QAOA,3,24,16,operator_refine,0.7795627904352692,0.8588795907151728,,,,-0.25846824060856943,,,,5.0
random_regular_n10_s1288683881,random_regular,10,OST-QAOA,3,24,17,operator_refine,0.39283574220918993,0.8588795907151728,,,,0.47788644268238484,,,,0.0
random_regular_n10_s1288683881,random_regular,10,OST-QAOA,3,24,18,operator_refine,0.6659734422769586,0.8588795907151728,,,,-0.47788644268238484,,,,0.0
random_regular_n10_s1288683881,random_regular,10,OST-QAOA,3,24,19,operator_refine,0.803929624515086,0.8588795907151728,,,,0.2782402081168857,,,,1.0
random_regular_n10_s1288683881,random_regular,10,OST-QAOA,3,24,20,operator_refine,0.8265640747790922,0.8588795907151728,,,,-0.2782402081168857,,,,1.0
random_regular_n10_s1288683881,random_regular,10,OST-QAOA,3,24,21,operator_refine,0.8518054647976401,0.8588795907151728,,,,0.2473681514736819,,,,2.0
random_regular_n10_s1288683881,random_regular,10,OST-QAOA,3,24,22,operator_refine,0.8502784639274165,0.8588795907151728,,,,-0.2473681514736819,,,,2.0
random_regular_n10_s1288683881,random_regular,10,OST-QAOA,3,24,23,operator_refine,0.7110888957229239,0.8588795907151728,,,,0.21063706394176127,,,,3.0
random_regular_n10_s1288683881,random_regular,10,OST-QAOA,3,24,24,operator_refine,0.7381895265672936,0.8588795907151728,,,,-0.21063706394176127,,,,3.0
random_regular_n8_s2139843381,random_regular,8,Random,3,24,1,random,0.7436640019867738,0.7436640019867738,,,,,,,,
random_regular_n8_s2139843381,random_regular,8,Random,3,24,2,random,0.6802203333780235,0.7436640019867738,,,,,,,,
random_regular_n8_s2139843381,random_regular,8,Random,3,24,3,random,0.5814762961337224,0.7436640019867738,,,,,,,,
random_regular_n8_s2139843381,random_regular,8,Random,3,24,4,random,0.5684304322496951,0.7436640019867738,,,,,,,,
random_regular_n8_s2139843381,random_regular,8,Random,3,24,5,random,0.4773118750798389,0.7436640019867738,,,,,,,,
random_regular_n8_s2139843381,random_regular,8,Random,3,24,6,random,0.5246472429172427,0.7436640019867738,,,,,,,,
random_regular_n8_s2139843381,random_regular,8,Random,3,24,7,random,0.667736362940303,0.7436640019867738,,,,,,,,
random_regular_n8_s2139843381,random_regular,8,Random,3,24,8,random,0.6258260592060081,0.7436640019867738,,,,,,,,
random_regular_n8_s2139843381,random_regular,8,Random,3,24,9,random,0.5188928915769588,0.7436640019867738,,,,,,,,
random_regular_n8_s2139843381,random_regular,8,Random,3,24,10,random,0.5119287701754808,0.7436640019867738,,,,,,,,
random_regular_n8_s2139843381,random_regular,8,Random,3,24,11,random,0.7127922106585127,0.7436640019867738,,,,,,,,
random_regular_n8_s2139843381,random_regular,8,Random,3,24,12,random,0.7352634842849772,0.7436640019867738,,,,,,,,
random_regular_n8_s2139843381,random_regular,8,Random,3,24,13,random,0.6260205885682082,0.7436640019867738,,,,,,,,
random_regular_n8_s2139843381,random_regular,8,Random,3,24,14,random,0.645046763995287,0.7436640019867738,,,,,,,,
random_regular_n8_s2139843381,random_regular,8,Random,3,24,15,random,0.5958139393171482,0.7436640019867738,,,,,,,,
random_regular_n8_s2139843381,random_regular,8,Random,3,24,16,random,0.7325422172764562,0.7436640019867738,,,,,,,,
random_regular_n8_s2139843381,random_regular,8,Random,3,24,17,random,0.5940746172197194,0.7436640019867738,,,,,,,,
random_regular_n8_s2139843381,random_regular,8,Random,3,24,18,random,0.52440705073884,0.7436640019867738,,,,,,,,
random_regular_n8_s2139843381,random_regular,8,Random,3,24,19,random,0.5589433869496869,0.7436640019867738,,,,,,,,
random_regular_n8_s2139843381,random_regular,8,Random,3,24,20,random,0.6170096080772078,0.7436640019867738,,,,,,,,
random_regular_n8_s2139843381,random_regular,8,Random,3,24,21,random,0.5862135986144773,0.7436640019867738,,,,,,,,
random_regular_n8_s2139843381,random_regular,8,Random,3,24,22,random,0.6714986282327295,0.7436640019867738,,,,,,,,
random_regular_n8_s2139843381,random_regular,8,Random,3,24,23,random,0.620809124535299,0.7436640019867738,,,,,,,,
random_regular_n8_s2139843381,random_regular,8,Random,3,24,24,random,0.36329522574614964,0.7436640019867738,,,,,,,,
random_regular_n8_s2139843381,random_regular,8,TQA,3,24,1,anchor:tqa,0.5312499999999999,0.5312499999999999,"[0.7853981633974483, 1.5707963267948966, 2.356194490192345, 2.356194490192345, 1.5707963267948966, 0.7853981633974483]",,,,,"[0.7853981633974483, 1.5707963267948966, 2.356194490192345, 2.356194490192345, 1.5707963267948966, 0.7853981633974483]",2.9859590000000935,
random_regular_n8_s2139843381,random_regular,8,TQA+coordinate,3,24,1,anchor:tqa,0.5312499999999999,0.5312499999999999,"[0.7853981633974483, 1.5707963267948966, 2.356194490192345, 2.356194490192345, 1.5707963267948966, 0.7853981633974483]",,,,,"[0.7853981633974483, 1.5707963267948966, 2.356194490192345, 2.356194490192345, 1.5707963267948966, 0.7853981633974483]",2.967041999998088,
random_regular_n8_s2139843381,random_regular,8,TQA+coordinate,3,24,2,coordinate_refine,0.57266255328254,0.57266255328254,"[1.2853981633974483, 1.5707963267948966, 2.356194490192345, 2.356194490192345, 1.5707963267948966, 0.7853981633974483]",0,1,0.5,1.0,"[1.2853981633974483, 1.5707963267948966, 2.356194490192345, 2.356194490192345, 1.5707963267948966, 0.7853981633974483]",2.9504590000009046,
random_regular_n8_s2139843381,random_regular,8,TQA+coordinate,3,24,3,coordinate_refine,0.611887734047848,0.611887734047848,"[1.7853981633974483, 1.5707963267948966, 2.356194490192345, 2.356194490192345, 1.5707963267948966, 0.7853981633974483]",0,1,0.5,1.0,"[1.7853981633974483, 1.5707963267948966, 2.356194490192345, 2.356194490192345, 1.5707963267948966, 0.7853981633974483]",2.9390420000012796,
random_regular_n8_s2139843381,random_regular,8,TQA+coordinate,3,24,4,coordinate_refine,0.5499261523645489,0.611887734047848,"[2.2853981633974483, 1.5707963267948966, 2.356194490192345, 2.356194490192345, 1.5707963267948966, 0.7853981633974483]",0,1,0.5,1.0,"[1.7853981633974483, 1.5707963267948966, 2.356194490192345, 2.356194490192345, 1.5707963267948966, 0.7853981633974483]",3.0800410000004774,
random_regular_n8_s2139843381,random_regular,8,TQA+coordinate,3,24,5,coordinate_refine,0.57266255328254,0.611887734047848,"[1.2853981633974483, 1.5707963267948966, 2.356194490192345, 2.356194490192345, 1.5707963267948966, 0.7853981633974483]",0,-1,0.5,1.0,"[1.7853981633974483, 1.5707963267948966, 2.356194490192345, 2.356194490192345, 1.5707963267948966, 0.7853981633974483]",3.040792000000181,
random_regular_n8_s2139843381,random_regular,8,TQA+coordinate,3,24,6,coordinate_refine,0.5913496146419559,0.611887734047848,"[1.7853981633974483, 2.0707963267948966, 2.356194490192345, 2.356194490192345, 1.5707963267948966, 0.7853981633974483]",1,1,0.5,1.0,"[1.7853981633974483, 1.5707963267948966, 2.356194490192345, 2.356194490192345, 1.5707963267948966, 0.7853981633974483]",2.98887499999978,
random_regular_n8_s2139843381,random_regular,8,TQA+coordinate,3,24,7,coordinate_refine,0.6256495606285679,0.6256495606285679,"[1.7853981633974483, 1.0707963267948966, 2.356194490192345, 2.356194490192345, 1.5707963267948966, 0.7853981633974483]",1,-1,0.5,1.0,"[1.7853981633974483, 1.0707963267948966, 2.356194490192345, 2.356194490192345, 1.5707963267948966, 0.7853981633974483]",3.015874999999113,
random_regular_n8_s2139843381,random_regular,8,TQA+coordinate,3,24,8,coordinate_refine,0.5974217107372042,0.6256495606285679,"[2.2853981633974483, 1.0707963267948966, 2.356194490192345, 2.356194490192345, 1.5707963267948966, 0.7853981633974483]",0,1,0.5,1.0,"[1.7853981633974483, 1.0707963267948966, 2.356194490192345, 2.356194490192345, 1.5707963267948966, 0.7853981633974483]",3.031375000002612,
random_regular_n8_s2139843381,random_regular,8,TQA+coordinate,3,24,9,coordinate_refine,0.5646764365280627,0.6256495606285679,"[1.2853981633974483, 1.0707963267948966, 2.356194490192345, 2.356194490192345, 1.5707963267948966, 0.7853981633974483]",0,-1,0.5,1.0,"[1.7853981633974483, 1.0707963267948966, 2.356194490192345, 2.356194490192345, 1.5707963267948966, 0.7853981633974483]",3.000666999998458,
random_regular_n8_s2139843381,random_regular,8,TQA+coordinate,3,24,10,coordinate_refine,0.611887734047848,0.6256495606285679,"[1.7853981633974483, 1.5707963267948966, 2.356194490192345, 2.356194490192345, 1.5707963267948966, 0.7853981633974483]",1,1,0.5,1.0,"[1.7853981633974483, 1.0707963267948966, 2.356194490192345, 2.356194490192345, 1.5707963267948966, 0.7853981633974483]",2.984624999999852,
random_regular_n8_s2139843381,random_regular,8,TQA+coordinate,3,24,11,coordinate_refine,0.5769373077502603,0.6256495606285679,"[1.7853981633974483, 0.5707963267948966, 2.356194490192345, 2.356194490192345, 1.5707963267948966, 0.7853981633974483]",1,-1,0.5,1.0,"[1.7853981633974483, 1.0707963267948966, 2.356194490192345, 2.356194490192345, 1.5707963267948966, 0.7853981633974483]",2.9666669999990347,
random_regular_n8_s2139843381,random_regular,8,TQA+coordinate,3,24,12,coordinate_refine,0.6118877340478479,0.6256495606285679,"[1.7853981633974483, 1.0707963267948966, 2.856194490192345, 2.356194490192345, 1.5707963267948966, 0.7853981633974483]",2,1,0.5,1.0,"[1.7853981633974483, 1.0707963267948966, 2.356194490192345, 2.356194490192345, 1.5707963267948966, 0.7853981633974483]",2.966084000000535,
random_regular_n8_s2139843381,random_regular,8,TQA+coordinate,3,24,13,coordinate_refine,0.5769373077502605,0.6256495606285679,"[1.7853981633974483, 1.0707963267948966, 1.8561944901923448, 2.356194490192345, 1.5707963267948966, 0.7853981633974483]",2,-1,0.5,1.0,"[1.7853981633974483, 1.0707963267948966, 2.356194490192345, 2.356194490192345, 1.5707963267948966, 0.7853981633974483]",2.970042000001172,
random_regular_n8_s2139843381,random_regular,8,TQA+coordinate,3,24,14,coordinate_refine,0.6734944440035265,0.6734944440035265,"[1.7853981633974483, 1.0707963267948966, 2.356194490192345, 2.856194490192345, 1.5707963267948966, 0.7853981633974483]",3,1,0.5,1.0,"[1.7853981633974483, 1.0707963267948966, 2.356194490192345, 2.856194490192345, 1.5707963267948966, 0.7853981633974483]",3.036249999997409,
random_regular_n8_s2139843381,random_regular,8,TQA+coordinate,3,24,15,coordinate_refine,0.8237928973171172,0.8237928973171172,"[2.2853981633974483, 1.0707963267948966, 2.356194490192345, 2.856194490192345, 1.5707963267948966, 0.7853981633974483]",0,1,0.5,1.0,"[2.2853981633974483, 1.0707963267948966, 2.356194490192345, 2.856194490192345, 1.5707963267948966, 0.7853981633974483]",2.9265830000007043,
random_regular_n8_s2139843381,random_regular,8,TQA+coordinate,3,24,16,coordinate_refine,0.753078000950023,0.8237928973171172,"[2.7853981633974483, 1.0707963267948966, 2.356194490192345, 2.856194490192345, 1.5707963267948966, 0.7853981633974483]",0,1,0.5,1.0,"[2.2853981633974483, 1.0707963267948966, 2.356194490192345, 2.856194490192345, 1.5707963267948966, 0.7853981633974483]",2.9217079999988016,
random_regular_n8_s2139843381,random_regular,8,TQA+coordinate,3,24,17,coordinate_refine,0.6734944440035265,0.8237928973171172,"[1.7853981633974483, 1.0707963267948966, 2.356194490192345, 2.856194490192345, 1.5707963267948966, 0.7853981633974483]",0,-1,0.5,1.0,"[2.2853981633974483, 1.0707963267948966, 2.356194490192345, 2.856194490192345, 1.5707963267948966, 0.7853981633974483]",3.0599580000014726,
random_regular_n8_s2139843381,random_regular,8,TQA+coordinate,3,24,18,coordinate_refine,0.7198435644377442,0.8237928973171172,"[2.2853981633974483, 1.5707963267948966, 2.356194490192345, 2.856194490192345, 1.5707963267948966, 0.7853981633974483]",1,1,0.5,1.0,"[2.2853981633974483, 1.0707963267948966, 2.356194490192345, 2.856194490192345, 1.5707963267948966, 0.7853981633974483]",3.0425409999992326,
random_regular_n8_s2139843381,random_regular,8,TQA+coordinate,3,24,19,coordinate_refine,0.6322595826930304,0.8237928973171172,"[2.2853981633974483, 0.5707963267948966, 2.356194490192345, 2.856194490192345, 1.5707963267948966, 0.7853981633974483]",1,-1,0.5,1.0,"[2.2853981633974483, 1.0707963267948966, 2.356194490192345, 2.856194490192345, 1.5707963267948966, 0.7853981633974483]",2.983167000000009,
random_regular_n8_s2139843381,random_regular,8,TQA+coordinate,3,24,20,coordinate_refine,0.7198435644377442,0.8237928973171172,"[2.2853981633974483, 1.0707963267948966, 2.856194490192345, 2.856194490192345, 1.5707963267948966, 0.7853981633974483]",2,1,0.5,1.0,"[2.2853981633974483, 1.0707963267948966, 2.356194490192345, 2.856194490192345, 1.5707963267948966, 0.7853981633974483]",3.0232920000017316,
random_regular_n8_s2139843381,random_regular,8,TQA+coordinate,3,24,21,coordinate_refine,0.6322595826930306,0.8237928973171172,"[2.2853981633974483, 1.0707963267948966, 1.8561944901923448, 2.856194490192345, 1.5707963267948966, 0.7853981633974483]",2,-1,0.5,1.0,"[2.2853981633974483, 1.0707963267948966, 2.356194490192345, 2.856194490192345, 1.5707963267948966, 0.7853981633974483]",2.961499999997841,
random_regular_n8_s2139843381,random_regular,8,TQA+coordinate,3,24,22,coordinate_refine,0.5379883642176145,0.8237928973171172,"[2.2853981633974483, 1.0707963267948966, 2.356194490192345, 3.141592653589793, 1.5707963267948966, 0.7853981633974483]",3,1,0.5,1.0,"[2.2853981633974483, 1.0707963267948966, 2.356194490192345, 2.856194490192345, 1.5707963267948966, 0.7853981633974483]",2.9550419999999633,
random_regular_n8_s2139843381,random_regular,8,TQA+coordinate,3,24,23,coordinate_refine,0.5974217107372042,0.8237928973171172,"[2.2853981633974483, 1.0707963267948966, 2.356194490192345, 2.356194490192345, 1.5707963267948966, 0.7853981633974483]",3,-1,0.5,1.0,"[2.2853981633974483, 1.0707963267948966, 2.356194490192345, 2.856194490192345, 1.5707963267948966, 0.7853981633974483]",2.980624999999293,
random_regular_n8_s2139843381,random_regular,8,TQA+coordinate,3,24,24,coordinate_refine,0.4752512279572632,0.8237928973171172,"[2.2853981633974483, 1.0707963267948966, 2.356194490192345, 2.856194490192345, 2.0707963267948966, 0.7853981633974483]",4,1,0.5,1.0,"[2.2853981633974483, 1.0707963267948966, 2.356194490192345, 2.856194490192345, 1.5707963267948966, 0.7853981633974483]",2.969582999998721,
random_regular_n8_s2139843381,random_regular,8,kNN+coordinate,3,24,1,anchor:tqa,0.5312499999999999,0.5312499999999999,,,,0.0,,,,-1.0
random_regular_n8_s2139843381,random_regular,8,kNN+coordinate,3,24,2,anchor:knn_mean,0.5410089077158773,0.5410089077158773,,,,0.0,,,,-1.0
random_regular_n8_s2139843381,random_regular,8,kNN+coordinate,3,24,3,anchor:global,0.6,0.6,,,,0.0,,,,-1.0
random_regular_n8_s2139843381,random_regular,8,kNN+coordinate,3,24,4,operator_refine,0.6,0.6,,,,0.6220510532330902,,,,0.0
random_regular_n8_s2139843381,random_regular,8,kNN+coordinate,3,24,5,operator_refine,0.6,0.6,,,,-0.6220510532330902,,,,0.0
random_regular_n8_s2139843381,random_regular,8,kNN+coordinate,3,24,6,operator_refine,0.6,0.6,,,,0.5987698775664083,,,,1.0
random_regular_n8_s2139843381,random_regular,8,kNN+coordinate,3,24,7,operator_refine,0.6,0.6,,,,-0.5987698775664083,,,,1.0
random_regular_n8_s2139843381,random_regular,8,kNN+coordinate,3,24,8,operator_refine,0.5999999999999999,0.6,,,,0.5061288475985293,,,,2.0
random_regular_n8_s2139843381,random_regular,8,kNN+coordinate,3,24,9,operator_refine,0.6,0.6,,,,-0.5061288475985293,,,,2.0
random_regular_n8_s2139843381,random_regular,8,kNN+coordinate,3,24,10,operator_refine,0.5999999999999996,0.6,,,,0.5008481712500137,,,,3.0
random_regular_n8_s2139843381,random_regular,8,kNN+coordinate,3,24,11,operator_refine,0.6000000000000003,0.6000000000000003,,,,-0.5008481712500137,,,,3.0
random_regular_n8_s2139843381,random_regular,8,kNN+coordinate,3,24,12,operator_refine,0.6664993484570664,0.6664993484570664,,,,0.47662280791946376,,,,4.0
random_regular_n8_s2139843381,random_regular,8,kNN+coordinate,3,24,13,operator_refine,0.5758087972502774,0.6664993484570664,,,,0.469406560292652,,,,5.0
random_regular_n8_s2139843381,random_regular,8,kNN+coordinate,3,24,14,operator_refine,0.6228856286786167,0.6664993484570664,,,,-0.469406560292652,,,,5.0
random_regular_n8_s2139843381,random_regular,8,kNN+coordinate,3,24,15,operator_refine,0.7454786187898523,0.7454786187898523,,,,0.3421280792781996,,,,0.0
random_regular_n8_s2139843381,random_regular,8,kNN+coordinate,3,24,16,operator_refine,0.7560627159463007,0.7560627159463007,,,,0.3293234326615246,,,,1.0
random_regular_n8_s2139843381,random_regular,8,kNN+coordinate,3,24,17,operator_refine,0.6483365927598786,0.7560627159463007,,,,0.2783708661791911,,,,2.0
random_regular_n8_s2139843381,random_regular,8,kNN+coordinate,3,24,18,operator_refine,0.6749470032680943,0.7560627159463007,,,,-0.2783708661791911,,,,2.0
random_regular_n8_s2139843381,random_regular,8,kNN+coordinate,3,24,19,operator_refine,0.7525868905344815,0.7560627159463007,,,,0.27546649418750757,,,,3.0
random_regular_n8_s2139843381,random_regular,8,kNN+coordinate,3,24,20,operator_refine,0.5654578955594577,0.7560627159463007,,,,-0.27546649418750757,,,,3.0
random_regular_n8_s2139843381,random_regular,8,kNN+coordinate,3,24,21,operator_refine,0.6795668730516459,0.7560627159463007,,,,0.2621425443557051,,,,4.0
random_regular_n8_s2139843381,random_regular,8,kNN+coordinate,3,24,22,operator_refine,0.7555992242327196,0.7560627159463007,,,,-0.2621425443557051,,,,4.0
random_regular_n8_s2139843381,random_regular,8,kNN+coordinate,3,24,23,operator_refine,0.5569607316047646,0.7560627159463007,,,,0.25817360816095863,,,,5.0
random_regular_n8_s2139843381,random_regular,8,kNN+coordinate,3,24,24,operator_refine,0.7762739022721735,0.7762739022721735,,,,-0.25817360816095863,,,,5.0
random_regular_n8_s2139843381,random_regular,8,OST diagonal,3,24,1,anchor:tqa,0.5312499999999999,0.5312499999999999,,,,0.0,,,,-1.0
random_regular_n8_s2139843381,random_regular,8,OST diagonal,3,24,2,anchor:operator_mean,0.493901840392266,0.5312499999999999,,,,0.0,,,,-1.0
random_regular_n8_s2139843381,random_regular,8,OST diagonal,3,24,3,anchor:nearest_operator_neighbor,0.8518027124875225,0.8518027124875225,,,,0.0,,,,-1.0
random_regular_n8_s2139843381,random_regular,8,OST diagonal,3,24,4,anchor:global,0.6,0.8518027124875225,,,,0.0,,,,-1.0
random_regular_n8_s2139843381,random_regular,8,OST diagonal,3,24,5,operator_refine,0.7633324243397338,0.8518027124875225,,,,-0.5907294620524237,,,,0.0
random_regular_n8_s2139843381,random_regular,8,OST diagonal,3,24,6,operator_refine,0.7087978670033105,0.8518027124875225,,,,0.570114746336636,,,,1.0
random_regular_n8_s2139843381,random_regular,8,OST diagonal,3,24,7,operator_refine,0.6969629738384152,0.8518027124875225,,,,-0.570114746336636,,,,1.0
random_regular_n8_s2139843381,random_regular,8,OST diagonal,3,24,8,operator_refine,0.5645697464852859,0.8518027124875225,,,,0.4775971119984791,,,,2.0
random_regular_n8_s2139843381,random_regular,8,OST diagonal,3,24,9,operator_refine,0.5843341989136329,0.8518027124875225,,,,-0.4775971119984791,,,,2.0
random_regular_n8_s2139843381,random_regular,8,OST diagonal,3,24,10,operator_refine,0.5850117706015526,0.8518027124875225,,,,0.4766011730253135,,,,3.0
random_regular_n8_s2139843381,random_regular,8,OST diagonal,3,24,11,operator_refine,0.6558472492596532,0.8518027124875225,,,,-0.4766011730253135,,,,3.0
random_regular_n8_s2139843381,random_regular,8,OST diagonal,3,24,12,operator_refine,0.6488822511096327,0.8518027124875225,,,,0.47031600483097685,,,,4.0
random_regular_n8_s2139843381,random_regular,8,OST diagonal,3,24,13,operator_refine,0.7838227540591837,0.8518027124875225,,,,-0.47031600483097685,,,,4.0
random_regular_n8_s2139843381,random_regular,8,OST diagonal,3,24,14,operator_refine,0.8212728036990594,0.8518027124875225,,,,0.4467248087516555,,,,5.0
random_regular_n8_s2139843381,random_regular,8,OST diagonal,3,24,15,operator_refine,0.8170345422949999,0.8518027124875225,,,,-0.4467248087516555,,,,5.0
random_regular_n8_s2139843381,random_regular,8,OST diagonal,3,24,16,operator_refine,0.8216431874649238,0.8518027124875225,,,,-0.32490120412883305,,,,0.0
random_regular_n8_s2139843381,random_regular,8,OST diagonal,3,24,17,operator_refine,0.8164333812929172,0.8518027124875225,,,,0.3135631104851498,,,,1.0
random_regular_n8_s2139843381,random_regular,8,OST diagonal,3,24,18,operator_refine,0.7828029454160053,0.8518027124875225,,,,-0.3135631104851498,,,,1.0
random_regular_n8_s2139843381,random_regular,8,OST diagonal,3,24,19,operator_refine,0.7455919044050692,0.8518027124875225,,,,0.2626784115991635,,,,2.0
random_regular_n8_s2139843381,random_regular,8,OST diagonal,3,24,20,operator_refine,0.7456293057225217,0.8518027124875225,,,,-0.2626784115991635,,,,2.0
random_regular_n8_s2139843381,random_regular,8,OST diagonal,3,24,21,operator_refine,0.7460194356575904,0.8518027124875225,,,,0.2621306451639225,,,,3.0
random_regular_n8_s2139843381,random_regular,8,OST diagonal,3,24,22,operator_refine,0.7460144637492286,0.8518027124875225,,,,-0.2621306451639225,,,,3.0
random_regular_n8_s2139843381,random_regular,8,OST diagonal,3,24,23,operator_refine,0.7752281146026327,0.8518027124875225,,,,0.25867380265703727,,,,4.0
random_regular_n8_s2139843381,random_regular,8,OST diagonal,3,24,24,operator_refine,0.8403371814917232,0.8518027124875225,,,,0.24569864481341053,,,,5.0
random_regular_n8_s2139843381,random_regular,8,OST-QAOA,3,24,1,anchor:tqa,0.5312499999999999,0.5312499999999999,,,,0.0,,,,-1.0
random_regular_n8_s2139843381,random_regular,8,OST-QAOA,3,24,2,anchor:operator_mean,0.493901840392266,0.5312499999999999,,,,0.0,,,,-1.0
random_regular_n8_s2139843381,random_regular,8,OST-QAOA,3,24,3,anchor:nearest_operator_neighbor,0.8518027124875225,0.8518027124875225,,,,0.0,,,,-1.0
random_regular_n8_s2139843381,random_regular,8,OST-QAOA,3,24,4,anchor:global,0.6,0.8518027124875225,,,,0.0,,,,-1.0
random_regular_n8_s2139843381,random_regular,8,OST-QAOA,3,24,5,operator_refine,0.6346475815039818,0.8518027124875225,,,,0.8540593942224585,,,,0.0
random_regular_n8_s2139843381,random_regular,8,OST-QAOA,3,24,6,operator_refine,0.7097407611155161,0.8518027124875225,,,,-0.8540593942224585,,,,0.0
random_regular_n8_s2139843381,random_regular,8,OST-QAOA,3,24,7,operator_refine,0.7512926730436756,0.8518027124875225,,,,0.6378445950069059,,,,1.0
random_regular_n8_s2139843381,random_regular,8,OST-QAOA,3,24,8,operator_refine,0.7836146162226992,0.8518027124875225,,,,-0.6378445950069059,,,,1.0
random_regular_n8_s2139843381,random_regular,8,OST-QAOA,3,24,9,operator_refine,0.57635108101047,0.8518027124875225,,,,0.3979885828811878,,,,2.0
random_regular_n8_s2139843381,random_regular,8,OST-QAOA,3,24,10,operator_refine,0.519283214605328,0.8518027124875225,,,,-0.3979885828811878,,,,2.0
random_regular_n8_s2139843381,random_regular,8,OST-QAOA,3,24,11,operator_refine,0.7616469695961554,0.8518027124875225,,,,0.3564081031843934,,,,3.0
random_regular_n8_s2139843381,random_regular,8,OST-QAOA,3,24,12,operator_refine,0.7672941197045184,0.8518027124875225,,,,-0.3564081031843934,,,,3.0
random_regular_n8_s2139843381,random_regular,8,OST-QAOA,3,24,13,operator_refine,0.8175274156231047,0.8518027124875225,,,,0.28824661183798156,,,,4.0
random_regular_n8_s2139843381,random_regular,8,OST-QAOA,3,24,14,operator_refine,0.7948317098948895,0.8518027124875225,,,,-0.28824661183798156,,,,4.0
random_regular_n8_s2139843381,random_regular,8,OST-QAOA,3,24,15,operator_refine,0.8084258875709445,0.8518027124875225,,,,0.21267126370408726,,,,5.0
random_regular_n8_s2139843381,random_regular,8,OST-QAOA,3,24,16,operator_refine,0.8349315736803664,0.8518027124875225,,,,-0.21267126370408726,,,,5.0
random_regular_n8_s2139843381,random_regular,8,OST-QAOA,3,24,17,operator_refine,0.7303993743389512,0.8518027124875225,,,,0.4697326668223522,,,,0.0
random_regular_n8_s2139843381,random_regular,8,OST-QAOA,3,24,18,operator_refine,0.7980181240542408,0.8518027124875225,,,,-0.4697326668223522,,,,0.0
random_regular_n8_s2139843381,random_regular,8,OST-QAOA,3,24,19,operator_refine,0.8102168646259319,0.8518027124875225,,,,0.3508145272537983,,,,1.0
random_regular_n8_s2139843381,random_regular,8,OST-QAOA,3,24,20,operator_refine,0.832098625865488,0.8518027124875225,,,,-0.3508145272537983,,,,1.0
random_regular_n8_s2139843381,random_regular,8,OST-QAOA,3,24,21,operator_refine,0.7431786582931448,0.8518027124875225,,,,0.2188937205846533,,,,2.0
random_regular_n8_s2139843381,random_regular,8,OST-QAOA,3,24,22,operator_refine,0.7201154680879119,0.8518027124875225,,,,-0.2188937205846533,,,,2.0
random_regular_n8_s2139843381,random_regular,8,OST-QAOA,3,24,23,operator_refine,0.8180814184552693,0.8518027124875225,,,,0.1960244567514164,,,,3.0
random_regular_n8_s2139843381,random_regular,8,OST-QAOA,3,24,24,operator_refine,0.8268798916816088,0.8518027124875225,,,,-0.1960244567514164,,,,3.0
watts_strogatz_n10_s1464385319,watts_strogatz,10,Random,3,24,1,random,0.36814263801458175,0.36814263801458175,,,,,,,,
watts_strogatz_n10_s1464385319,watts_strogatz,10,Random,3,24,2,random,0.6140225673077094,0.6140225673077094,,,,,,,,
watts_strogatz_n10_s1464385319,watts_strogatz,10,Random,3,24,3,random,0.5548067488895584,0.6140225673077094,,,,,,,,
watts_strogatz_n10_s1464385319,watts_strogatz,10,Random,3,24,4,random,0.6651170088851205,0.6651170088851205,,,,,,,,
watts_strogatz_n10_s1464385319,watts_strogatz,10,Random,3,24,5,random,0.5801166876071977,0.6651170088851205,,,,,,,,
watts_strogatz_n10_s1464385319,watts_strogatz,10,Random,3,24,6,random,0.5918988461582632,0.6651170088851205,,,,,,,,
watts_strogatz_n10_s1464385319,watts_strogatz,10,Random,3,24,7,random,0.7263880085789235,0.7263880085789235,,,,,,,,
watts_strogatz_n10_s1464385319,watts_strogatz,10,Random,3,24,8,random,0.649476920488882,0.7263880085789235,,,,,,,,
watts_strogatz_n10_s1464385319,watts_strogatz,10,Random,3,24,9,random,0.5628689815369251,0.7263880085789235,,,,,,,,
watts_strogatz_n10_s1464385319,watts_strogatz,10,Random,3,24,10,random,0.6485165188493129,0.7263880085789235,,,,,,,,
watts_strogatz_n10_s1464385319,watts_strogatz,10,Random,3,24,11,random,0.7083773152641655,0.7263880085789235,,,,,,,,
watts_strogatz_n10_s1464385319,watts_strogatz,10,Random,3,24,12,random,0.6338400405964596,0.7263880085789235,,,,,,,,
watts_strogatz_n10_s1464385319,watts_strogatz,10,Random,3,24,13,random,0.5708718059801591,0.7263880085789235,,,,,,,,
watts_strogatz_n10_s1464385319,watts_strogatz,10,Random,3,24,14,random,0.6578784785230603,0.7263880085789235,,,,,,,,
watts_strogatz_n10_s1464385319,watts_strogatz,10,Random,3,24,15,random,0.6425621226325653,0.7263880085789235,,,,,,,,
watts_strogatz_n10_s1464385319,watts_strogatz,10,Random,3,24,16,random,0.6556744281345719,0.7263880085789235,,,,,,,,
watts_strogatz_n10_s1464385319,watts_strogatz,10,Random,3,24,17,random,0.7928774984798086,0.7928774984798086,,,,,,,,
watts_strogatz_n10_s1464385319,watts_strogatz,10,Random,3,24,18,random,0.665949539282985,0.7928774984798086,,,,,,,,
watts_strogatz_n10_s1464385319,watts_strogatz,10,Random,3,24,19,random,0.6941739615908501,0.7928774984798086,,,,,,,,
watts_strogatz_n10_s1464385319,watts_strogatz,10,Random,3,24,20,random,0.66308641594857,0.7928774984798086,,,,,,,,
watts_strogatz_n10_s1464385319,watts_strogatz,10,Random,3,24,21,random,0.6738802129018936,0.7928774984798086,,,,,,,,
watts_strogatz_n10_s1464385319,watts_strogatz,10,Random,3,24,22,random,0.6539104267740724,0.7928774984798086,,,,,,,,
watts_strogatz_n10_s1464385319,watts_strogatz,10,Random,3,24,23,random,0.6619514896191684,0.7928774984798086,,,,,,,,
watts_strogatz_n10_s1464385319,watts_strogatz,10,Random,3,24,24,random,0.6519115003757991,0.7928774984798086,,,,,,,,
watts_strogatz_n10_s1464385319,watts_strogatz,10,TQA,3,24,1,anchor:tqa,0.6438077670330592,0.6438077670330592,"[0.7853981633974483, 1.5707963267948966, 2.356194490192345, 2.356194490192345, 1.5707963267948966, 0.7853981633974483]",,,,,"[0.7853981633974483, 1.5707963267948966, 2.356194490192345, 2.356194490192345, 1.5707963267948966, 0.7853981633974483]",12.238583000002023,
watts_strogatz_n10_s1464385319,watts_strogatz,10,TQA+coordinate,3,24,1,anchor:tqa,0.6438077670330592,0.6438077670330592,"[0.7853981633974483, 1.5707963267948966, 2.356194490192345, 2.356194490192345, 1.5707963267948966, 0.7853981633974483]",,,,,"[0.7853981633974483, 1.5707963267948966, 2.356194490192345, 2.356194490192345, 1.5707963267948966, 0.7853981633974483]",12.06633299999993,
watts_strogatz_n10_s1464385319,watts_strogatz,10,TQA+coordinate,3,24,2,coordinate_refine,0.6641010698555884,0.6641010698555884,"[1.2853981633974483, 1.5707963267948966, 2.356194490192345, 2.356194490192345, 1.5707963267948966, 0.7853981633974483]",0,1,0.5,1.0,"[1.2853981633974483, 1.5707963267948966, 2.356194490192345, 2.356194490192345, 1.5707963267948966, 0.7853981633974483]",11.763332999997544,
watts_strogatz_n10_s1464385319,watts_strogatz,10,TQA+coordinate,3,24,3,coordinate_refine,0.6630017196814427,0.6641010698555884,"[1.7853981633974483, 1.5707963267948966, 2.356194490192345, 2.356194490192345, 1.5707963267948966, 0.7853981633974483]",0,1,0.5,1.0,"[1.2853981633974483, 1.5707963267948966, 2.356194490192345, 2.356194490192345, 1.5707963267948966, 0.7853981633974483]",11.786125000000425,
watts_strogatz_n10_s1464385319,watts_strogatz,10,TQA+coordinate,3,24,4,coordinate_refine,0.6438077670330592,0.6641010698555884,"[0.7853981633974483, 1.5707963267948966, 2.356194490192345, 2.356194490192345, 1.5707963267948966, 0.7853981633974483]",0,-1,0.5,1.0,"[1.2853981633974483, 1.5707963267948966, 2.356194490192345, 2.356194490192345, 1.5707963267948966, 0.7853981633974483]",11.792917000001069,
watts_strogatz_n10_s1464385319,watts_strogatz,10,TQA+coordinate,3,24,5,coordinate_refine,0.6601353868002346,0.6641010698555884,"[1.2853981633974483, 2.0707963267948966, 2.356194490192345, 2.356194490192345, 1.5707963267948966, 0.7853981633974483]",1,1,0.5,1.0,"[1.2853981633974483, 1.5707963267948966, 2.356194490192345, 2.356194490192345, 1.5707963267948966, 0.7853981633974483]",11.837917000001141,
watts_strogatz_n10_s1464385319,watts_strogatz,10,TQA+coordinate,3,24,6,coordinate_refine,0.6646077247772404,0.6646077247772404,"[1.2853981633974483, 1.0707963267948966, 2.356194490192345, 2.356194490192345, 1.5707963267948966, 0.7853981633974483]",1,-1,0.5,1.0,"[1.2853981633974483, 1.0707963267948966, 2.356194490192345, 2.356194490192345, 1.5707963267948966, 0.7853981633974483]",11.867583000000792,
watts_strogatz_n10_s1464385319,watts_strogatz,10,TQA+coordinate,3,24,7,coordinate_refine,0.6679301449641706,0.6679301449641706,"[1.7853981633974483, 1.0707963267948966, 2.356194490192345, 2.356194490192345, 1.5707963267948966, 0.7853981633974483]",0,1,0.5,1.0,"[1.7853981633974483, 1.0707963267948966, 2.356194490192345, 2.356194490192345, 1.5707963267948966, 0.7853981633974483]",11.787209000001297,
watts_strogatz_n10_s1464385319,watts_strogatz,10,TQA+coordinate,3,24,8,coordinate_refine,0.6886479165172479,0.6886479165172479,"[2.2853981633974483, 1.0707963267948966, 2.356194490192345, 2.356194490192345, 1.5707963267948966, 0.7853981633974483]",0,1,0.5,1.0,"[2.2853981633974483, 1.0707963267948966, 2.356194490192345, 2.356194490192345, 1.5707963267948966, 0.7853981633974483]",11.79300000000083,
watts_strogatz_n10_s1464385319,watts_strogatz,10,TQA+coordinate,3,24,9,coordinate_refine,0.6158357841112027,0.6886479165172479,"[2.7853981633974483, 1.0707963267948966, 2.356194490192345, 2.356194490192345, 1.5707963267948966, 0.7853981633974483]",0,1,0.5,1.0,"[2.2853981633974483, 1.0707963267948966, 2.356194490192345, 2.356194490192345, 1.5707963267948966, 0.7853981633974483]",11.711667000000148,
watts_strogatz_n10_s1464385319,watts_strogatz,10,TQA+coordinate,3,24,10,coordinate_refine,0.6679301449641706,0.6886479165172479,"[1.7853981633974483, 1.0707963267948966, 2.356194490192345, 2.356194490192345, 1.5707963267948966, 0.7853981633974483]",0,-1,0.5,1.0,"[2.2853981633974483, 1.0707963267948966, 2.356194490192345, 2.356194490192345, 1.5707963267948966, 0.7853981633974483]",11.798374999997918,
watts_strogatz_n10_s1464385319,watts_strogatz,10,TQA+coordinate,3,24,11,coordinate_refine,0.669694930193327,0.6886479165172479,"[2.2853981633974483, 1.5707963267948966, 2.356194490192345, 2.356194490192345, 1.5707963267948966, 0.7853981633974483]",1,1,0.5,1.0,"[2.2853981633974483, 1.0707963267948966, 2.356194490192345, 2.356194490192345, 1.5707963267948966, 0.7853981633974483]",11.768957999997554,
watts_strogatz_n10_s1464385319,watts_strogatz,10,TQA+coordinate,3,24,12,coordinate_refine,0.6275251988474927,0.6886479165172479,"[2.2853981633974483, 0.5707963267948966, 2.356194490192345, 2.356194490192345, 1.5707963267948966, 0.7853981633974483]",1,-1,0.5,1.0,"[2.2853981633974483, 1.0707963267948966, 2.356194490192345, 2.356194490192345, 1.5707963267948966, 0.7853981633974483]",11.774834000000567,
watts_strogatz_n10_s1464385319,watts_strogatz,10,TQA+coordinate,3,24,13,coordinate_refine,0.669694930193327,0.6886479165172479,"[2.2853981633974483, 1.0707963267948966, 2.856194490192345, 2.356194490192345, 1.5707963267948966, 0.7853981633974483]",2,1,0.5,1.0,"[2.2853981633974483, 1.0707963267948966, 2.356194490192345, 2.356194490192345, 1.5707963267948966, 0.7853981633974483]",11.774292000001907,
watts_strogatz_n10_s1464385319,watts_strogatz,10,TQA+coordinate,3,24,14,coordinate_refine,0.6275251988474928,0.6886479165172479,"[2.2853981633974483, 1.0707963267948966, 1.8561944901923448, 2.356194490192345, 1.5707963267948966, 0.7853981633974483]",2,-1,0.5,1.0,"[2.2853981633974483, 1.0707963267948966, 2.356194490192345, 2.356194490192345, 1.5707963267948966, 0.7853981633974483]",11.862833999998657,
watts_strogatz_n10_s1464385319,watts_strogatz,10,TQA+coordinate,3,24,15,coordinate_refine,0.42266174175816845,0.6886479165172479,"[2.2853981633974483, 1.0707963267948966, 2.356194490192345, 2.856194490192345, 1.5707963267948966, 0.7853981633974483]",3,1,0.5,1.0,"[2.2853981633974483, 1.0707963267948966, 2.356194490192345, 2.356194490192345, 1.5707963267948966, 0.7853981633974483]",11.931167000000187,
watts_strogatz_n10_s1464385319,watts_strogatz,10,TQA+coordinate,3,24,16,coordinate_refine,0.7301032111325162,0.7301032111325162,"[2.2853981633974483, 1.0707963267948966, 2.356194490192345, 1.8561944901923448, 1.5707963267948966, 0.7853981633974483]",3,-1,0.5,1.0,"[2.2853981633974483, 1.0707963267948966, 2.356194490192345, 1.8561944901923448, 1.5707963267948966, 0.7853981633974483]",11.996041999999818,
watts_strogatz_n10_s1464385319,watts_strogatz,10,TQA+coordinate,3,24,17,coordinate_refine,0.7558577931187036,0.7558577931187036,"[2.7853981633974483, 1.0707963267948966, 2.356194490192345, 1.8561944901923448, 1.5707963267948966, 0.7853981633974483]",0,1,0.5,1.0,"[2.7853981633974483, 1.0707963267948966, 2.356194490192345, 1.8561944901923448, 1.5707963267948966, 0.7853981633974483]",12.013249999998976,
watts_strogatz_n10_s1464385319,watts_strogatz,10,TQA+coordinate,3,24,18,coordinate_refine,0.6065366946163792,0.7558577931187036,"[3.141592653589793, 1.0707963267948966, 2.356194490192345, 1.8561944901923448, 1.5707963267948966, 0.7853981633974483]",0,1,0.5,1.0,"[2.7853981633974483, 1.0707963267948966, 2.356194490192345, 1.8561944901923448, 1.5707963267948966, 0.7853981633974483]",12.059332999999839,
watts_strogatz_n10_s1464385319,watts_strogatz,10,TQA+coordinate,3,24,19,coordinate_refine,0.7301032111325162,0.7558577931187036,"[2.2853981633974483, 1.0707963267948966, 2.356194490192345, 1.8561944901923448, 1.5707963267948966, 0.7853981633974483]",0,-1,0.5,1.0,"[2.7853981633974483, 1.0707963267948966, 2.356194490192345, 1.8561944901923448, 1.5707963267948966, 0.7853981633974483]",11.941583000002254,
watts_strogatz_n10_s1464385319,watts_strogatz,10,TQA+coordinate,3,24,20,coordinate_refine,0.5644589586330103,0.7558577931187036,"[2.7853981633974483, 1.5707963267948966, 2.356194490192345, 1.8561944901923448, 1.5707963267948966, 0.7853981633974483]",1,1,0.5,1.0,"[2.7853981633974483, 1.0707963267948966, 2.356194490192345, 1.8561944901923448, 1.5707963267948966, 0.7853981633974483]",11.900791999998717,
watts_strogatz_n10_s1464385319,watts_strogatz,10,TQA+coordinate,3,24,21,coordinate_refine,0.6201051868851893,0.7558577931187036,"[2.7853981633974483, 0.5707963267948966, 2.356194490192345, 1.8561944901923448, 1.5707963267948966, 0.7853981633974483]",1,-1,0.5,1.0,"[2.7853981633974483, 1.0707963267948966, 2.356194490192345, 1.8561944901923448, 1.5707963267948966, 0.7853981633974483]",11.882208999999477,
watts_strogatz_n10_s1464385319,watts_strogatz,10,TQA+coordinate,3,24,22,coordinate_refine,0.5644589586330103,0.7558577931187036,"[2.7853981633974483, 1.0707963267948966, 2.856194490192345, 1.8561944901923448, 1.5707963267948966, 0.7853981633974483]",2,1,0.5,1.0,"[2.7853981633974483, 1.0707963267948966, 2.356194490192345, 1.8561944901923448, 1.5707963267948966, 0.7853981633974483]",11.860416000001095,
watts_strogatz_n10_s1464385319,watts_strogatz,10,TQA+coordinate,3,24,23,coordinate_refine,0.6201051868851893,0.7558577931187036,"[2.7853981633974483, 1.0707963267948966, 1.8561944901923448, 1.8561944901923448, 1.5707963267948966, 0.7853981633974483]",2,-1,0.5,1.0,"[2.7853981633974483, 1.0707963267948966, 2.356194490192345, 1.8561944901923448, 1.5707963267948966, 0.7853981633974483]",11.866375000000318,
watts_strogatz_n10_s1464385319,watts_strogatz,10,TQA+coordinate,3,24,24,coordinate_refine,0.6158357841112027,0.7558577931187036,"[2.7853981633974483, 1.0707963267948966, 2.356194490192345, 2.356194490192345, 1.5707963267948966, 0.7853981633974483]",3,1,0.5,1.0,"[2.7853981633974483, 1.0707963267948966, 2.356194490192345, 1.8561944901923448, 1.5707963267948966, 0.7853981633974483]",11.901000000001716,
watts_strogatz_n10_s1464385319,watts_strogatz,10,kNN+coordinate,3,24,1,anchor:tqa,0.6438077670330592,0.6438077670330592,,,,0.0,,,,-1.0
watts_strogatz_n10_s1464385319,watts_strogatz,10,kNN+coordinate,3,24,2,anchor:knn_mean,0.6730815746573579,0.6730815746573579,,,,0.0,,,,-1.0
watts_strogatz_n10_s1464385319,watts_strogatz,10,kNN+coordinate,3,24,3,anchor:global,0.6666666666666666,0.6730815746573579,,,,0.0,,,,-1.0
watts_strogatz_n10_s1464385319,watts_strogatz,10,kNN+coordinate,3,24,4,operator_refine,0.6886565919199195,0.6886565919199195,,,,0.5664049873768237,,,,0.0
watts_strogatz_n10_s1464385319,watts_strogatz,10,kNN+coordinate,3,24,5,operator_refine,0.6634461825666514,0.6886565919199195,,,,0.5533524617099366,,,,1.0
watts_strogatz_n10_s1464385319,watts_strogatz,10,kNN+coordinate,3,24,6,operator_refine,0.6958417162952005,0.6958417162952005,,,,-0.5533524617099366,,,,1.0
watts_strogatz_n10_s1464385319,watts_strogatz,10,kNN+coordinate,3,24,7,operator_refine,0.6790735486686892,0.6958417162952005,,,,0.5489136230379272,,,,2.0
watts_strogatz_n10_s1464385319,watts_strogatz,10,kNN+coordinate,3,24,8,operator_refine,0.674382316207659,0.6958417162952005,,,,-0.5489136230379272,,,,2.0
watts_strogatz_n10_s1464385319,watts_strogatz,10,kNN+coordinate,3,24,9,operator_refine,0.6092351143071623,0.6958417162952005,,,,0.5358001385975533,,,,3.0
watts_strogatz_n10_s1464385319,watts_strogatz,10,kNN+coordinate,3,24,10,operator_refine,0.6494244214390257,0.6958417162952005,,,,-0.5358001385975533,,,,3.0
watts_strogatz_n10_s1464385319,watts_strogatz,10,kNN+coordinate,3,24,11,operator_refine,0.7018221378542489,0.7018221378542489,,,,0.5087498679221198,,,,4.0
watts_strogatz_n10_s1464385319,watts_strogatz,10,kNN+coordinate,3,24,12,operator_refine,0.8053481920989051,0.8053481920989051,,,,0.47515477605266465,,,,5.0
watts_strogatz_n10_s1464385319,watts_strogatz,10,kNN+coordinate,3,24,13,operator_refine,0.6865693102589615,0.8053481920989051,,,,0.311522743057253,,,,0.0
watts_strogatz_n10_s1464385319,watts_strogatz,10,kNN+coordinate,3,24,14,operator_refine,0.6889453454297713,0.8053481920989051,,,,-0.311522743057253,,,,0.0
watts_strogatz_n10_s1464385319,watts_strogatz,10,kNN+coordinate,3,24,15,operator_refine,0.7705145424490634,0.8053481920989051,,,,0.30434385394046515,,,,1.0
watts_strogatz_n10_s1464385319,watts_strogatz,10,kNN+coordinate,3,24,16,operator_refine,0.7897283829495432,0.8053481920989051,,,,-0.30434385394046515,,,,1.0
watts_strogatz_n10_s1464385319,watts_strogatz,10,kNN+coordinate,3,24,17,operator_refine,0.8234712708822693,0.8234712708822693,,,,0.30190249267086,,,,2.0
watts_strogatz_n10_s1464385319,watts_strogatz,10,kNN+coordinate,3,24,18,operator_refine,0.7384967010762674,0.8234712708822693,,,,0.29469007622865434,,,,3.0
watts_strogatz_n10_s1464385319,watts_strogatz,10,kNN+coordinate,3,24,19,operator_refine,0.7676177085200095,0.8234712708822693,,,,-0.29469007622865434,,,,3.0
watts_strogatz_n10_s1464385319,watts_strogatz,10,kNN+coordinate,3,24,20,operator_refine,0.8109365204458359,0.8234712708822693,,,,0.27981242735716594,,,,4.0
watts_strogatz_n10_s1464385319,watts_strogatz,10,kNN+coordinate,3,24,21,operator_refine,0.8247416921605952,0.8247416921605952,,,,-0.27981242735716594,,,,4.0
watts_strogatz_n10_s1464385319,watts_strogatz,10,kNN+coordinate,3,24,22,operator_refine,0.7995527422853788,0.8247416921605952,,,,0.2613351268289656,,,,5.0
watts_strogatz_n10_s1464385319,watts_strogatz,10,kNN+coordinate,3,24,23,operator_refine,0.7736887347178545,0.8247416921605952,,,,-0.2613351268289656,,,,5.0
watts_strogatz_n10_s1464385319,watts_strogatz,10,kNN+coordinate,3,24,24,operator_refine,0.752108461026383,0.8247416921605952,,,,0.15859339646551063,,,,0.0
watts_strogatz_n10_s1464385319,watts_strogatz,10,OST diagonal,3,24,1,anchor:tqa,0.6438077670330592,0.6438077670330592,,,,0.0,,,,-1.0
watts_strogatz_n10_s1464385319,watts_strogatz,10,OST diagonal,3,24,2,anchor:operator_mean,0.7991171088365902,0.7991171088365902,,,,0.0,,,,-1.0
watts_strogatz_n10_s1464385319,watts_strogatz,10,OST diagonal,3,24,3,anchor:nearest_operator_neighbor,0.8114911719234669,0.8114911719234669,,,,0.0,,,,-1.0
watts_strogatz_n10_s1464385319,watts_strogatz,10,OST diagonal,3,24,4,anchor:global,0.6666666666666666,0.8114911719234669,,,,0.0,,,,-1.0
watts_strogatz_n10_s1464385319,watts_strogatz,10,OST diagonal,3,24,5,operator_refine,0.5991730368998878,0.8114911719234669,,,,0.5489642393235531,,,,0.0
watts_strogatz_n10_s1464385319,watts_strogatz,10,OST diagonal,3,24,6,operator_refine,0.7161824532503551,0.8114911719234669,,,,0.5288044085298438,,,,1.0
watts_strogatz_n10_s1464385319,watts_strogatz,10,OST diagonal,3,24,7,operator_refine,0.6852009613385339,0.8114911719234669,,,,-0.5288044085298438,,,,1.0
watts_strogatz_n10_s1464385319,watts_strogatz,10,OST diagonal,3,24,8,operator_refine,0.7716424462562785,0.8114911719234669,,,,0.5214117789884025,,,,2.0
watts_strogatz_n10_s1464385319,watts_strogatz,10,OST diagonal,3,24,9,operator_refine,0.6880349590891383,0.8114911719234669,,,,-0.5214117789884025,,,,2.0
watts_strogatz_n10_s1464385319,watts_strogatz,10,OST diagonal,3,24,10,operator_refine,0.7159337107398204,0.8114911719234669,,,,0.5118682227033585,,,,3.0
watts_strogatz_n10_s1464385319,watts_strogatz,10,OST diagonal,3,24,11,operator_refine,0.673903380627055,0.8114911719234669,,,,-0.5118682227033585,,,,3.0
watts_strogatz_n10_s1464385319,watts_strogatz,10,OST diagonal,3,24,12,operator_refine,0.7824934217429765,0.8114911719234669,,,,0.48116453867579306,,,,4.0
watts_strogatz_n10_s1464385319,watts_strogatz,10,OST diagonal,3,24,13,operator_refine,0.8007331075020975,0.8114911719234669,,,,-0.48116453867579306,,,,4.0
watts_strogatz_n10_s1464385319,watts_strogatz,10,OST diagonal,3,24,14,operator_refine,0.6716109574819645,0.8114911719234669,,,,0.45122669192200987,,,,5.0
watts_strogatz_n10_s1464385319,watts_strogatz,10,OST diagonal,3,24,15,operator_refine,0.6678158716095209,0.8114911719234669,,,,-0.45122669192200987,,,,5.0
watts_strogatz_n10_s1464385319,watts_strogatz,10,OST diagonal,3,24,16,operator_refine,0.7382972636861197,0.8114911719234669,,,,0.30193033162795424,,,,0.0
watts_strogatz_n10_s1464385319,watts_strogatz,10,OST diagonal,3,24,17,operator_refine,0.7746369945992694,0.8114911719234669,,,,0.2908424246914141,,,,1.0
watts_strogatz_n10_s1464385319,watts_strogatz,10,OST diagonal,3,24,18,operator_refine,0.7688130202188634,0.8114911719234669,,,,-0.2908424246914141,,,,1.0
watts_strogatz_n10_s1464385319,watts_strogatz,10,OST diagonal,3,24,19,operator_refine,0.7755385042323144,0.8114911719234669,,,,0.2867764784436214,,,,2.0
watts_strogatz_n10_s1464385319,watts_strogatz,10,OST diagonal,3,24,20,operator_refine,0.7699674684818422,0.8114911719234669,,,,-0.2867764784436214,,,,2.0
watts_strogatz_n10_s1464385319,watts_strogatz,10,OST diagonal,3,24,21,operator_refine,0.7873088739238738,0.8114911719234669,,,,0.2815275224868472,,,,3.0
watts_strogatz_n10_s1464385319,watts_strogatz,10,OST diagonal,3,24,22,operator_refine,0.744605842239234,0.8114911719234669,,,,-0.2815275224868472,,,,3.0
watts_strogatz_n10_s1464385319,watts_strogatz,10,OST diagonal,3,24,23,operator_refine,0.7979092149414233,0.8114911719234669,,,,0.26464049627168623,,,,4.0
watts_strogatz_n10_s1464385319,watts_strogatz,10,OST diagonal,3,24,24,operator_refine,0.8126224449979472,0.8126224449979472,,,,-0.26464049627168623,,,,4.0
watts_strogatz_n10_s1464385319,watts_strogatz,10,OST-QAOA,3,24,1,anchor:tqa,0.6438077670330592,0.6438077670330592,,,,0.0,,,,-1.0
watts_strogatz_n10_s1464385319,watts_strogatz,10,OST-QAOA,3,24,2,anchor:operator_mean,0.7991171088365902,0.7991171088365902,,,,0.0,,,,-1.0
watts_strogatz_n10_s1464385319,watts_strogatz,10,OST-QAOA,3,24,3,anchor:nearest_operator_neighbor,0.8114911719234669,0.8114911719234669,,,,0.0,,,,-1.0
watts_strogatz_n10_s1464385319,watts_strogatz,10,OST-QAOA,3,24,4,anchor:global,0.6666666666666666,0.8114911719234669,,,,0.0,,,,-1.0
watts_strogatz_n10_s1464385319,watts_strogatz,10,OST-QAOA,3,24,5,operator_refine,0.5614488314498419,0.8114911719234669,,,,0.8194419038205787,,,,0.0
watts_strogatz_n10_s1464385319,watts_strogatz,10,OST-QAOA,3,24,6,operator_refine,0.6590509085934874,0.8114911719234669,,,,-0.8194419038205787,,,,0.0
watts_strogatz_n10_s1464385319,watts_strogatz,10,OST-QAOA,3,24,7,operator_refine,0.5586060481838222,0.8114911719234669,,,,0.6059376543264285,,,,1.0
watts_strogatz_n10_s1464385319,watts_strogatz,10,OST-QAOA,3,24,8,operator_refine,0.7309241330194014,0.8114911719234669,,,,-0.6059376543264285,,,,1.0
watts_strogatz_n10_s1464385319,watts_strogatz,10,OST-QAOA,3,24,9,operator_refine,0.745882361862169,0.8114911719234669,,,,0.48309027160912454,,,,2.0
watts_strogatz_n10_s1464385319,watts_strogatz,10,OST-QAOA,3,24,10,operator_refine,0.7953398014260344,0.8114911719234669,,,,-0.48309027160912454,,,,2.0
watts_strogatz_n10_s1464385319,watts_strogatz,10,OST-QAOA,3,24,11,operator_refine,0.7435144562510292,0.8114911719234669,,,,0.38519756037015224,,,,3.0
watts_strogatz_n10_s1464385319,watts_strogatz,10,OST-QAOA,3,24,12,operator_refine,0.7954272713446979,0.8114911719234669,,,,-0.38519756037015224,,,,3.0
watts_strogatz_n10_s1464385319,watts_strogatz,10,OST-QAOA,3,24,13,operator_refine,0.7765360602686152,0.8114911719234669,,,,0.3046620855407615,,,,4.0
watts_strogatz_n10_s1464385319,watts_strogatz,10,OST-QAOA,3,24,14,operator_refine,0.7888487019570857,0.8114911719234669,,,,-0.3046620855407615,,,,4.0
watts_strogatz_n10_s1464385319,watts_strogatz,10,OST-QAOA,3,24,15,operator_refine,0.7734741955925605,0.8114911719234669,,,,0.19178677724950727,,,,5.0
watts_strogatz_n10_s1464385319,watts_strogatz,10,OST-QAOA,3,24,16,operator_refine,0.8197093955378638,0.8197093955378638,,,,-0.19178677724950727,,,,5.0
watts_strogatz_n10_s1464385319,watts_strogatz,10,OST-QAOA,3,24,17,operator_refine,0.7028585351161022,0.8197093955378638,,,,0.4506930471013183,,,,0.0
watts_strogatz_n10_s1464385319,watts_strogatz,10,OST-QAOA,3,24,18,operator_refine,0.7122881271366344,0.8197093955378638,,,,-0.4506930471013183,,,,0.0
watts_strogatz_n10_s1464385319,watts_strogatz,10,OST-QAOA,3,24,19,operator_refine,0.7428626929050017,0.8197093955378638,,,,0.33326570987953574,,,,1.0
watts_strogatz_n10_s1464385319,watts_strogatz,10,OST-QAOA,3,24,20,operator_refine,0.7441033196746576,0.8197093955378638,,,,-0.33326570987953574,,,,1.0
watts_strogatz_n10_s1464385319,watts_strogatz,10,OST-QAOA,3,24,21,operator_refine,0.7963812395417804,0.8197093955378638,,,,0.2656996493850185,,,,2.0
watts_strogatz_n10_s1464385319,watts_strogatz,10,OST-QAOA,3,24,22,operator_refine,0.8144770095534487,0.8197093955378638,,,,-0.2656996493850185,,,,2.0
watts_strogatz_n10_s1464385319,watts_strogatz,10,OST-QAOA,3,24,23,operator_refine,0.7794028208954072,0.8197093955378638,,,,0.21185865820358374,,,,3.0
watts_strogatz_n10_s1464385319,watts_strogatz,10,OST-QAOA,3,24,24,operator_refine,0.8196861387419505,0.8197093955378638,,,,-0.21185865820358374,,,,3.0
watts_strogatz_n8_s834035546,watts_strogatz,8,Random,3,24,1,random,0.5910615460177225,0.5910615460177225,,,,,,,,
watts_strogatz_n8_s834035546,watts_strogatz,8,Random,3,24,2,random,0.5870734525721854,0.5910615460177225,,,,,,,,
watts_strogatz_n8_s834035546,watts_strogatz,8,Random,3,24,3,random,0.6736990598620051,0.6736990598620051,,,,,,,,
watts_strogatz_n8_s834035546,watts_strogatz,8,Random,3,24,4,random,0.6935720921006748,0.6935720921006748,,,,,,,,
watts_strogatz_n8_s834035546,watts_strogatz,8,Random,3,24,5,random,0.6980096880392281,0.6980096880392281,,,,,,,,
watts_strogatz_n8_s834035546,watts_strogatz,8,Random,3,24,6,random,0.6104177363678024,0.6980096880392281,,,,,,,,
watts_strogatz_n8_s834035546,watts_strogatz,8,Random,3,24,7,random,0.6540585188320129,0.6980096880392281,,,,,,,,
watts_strogatz_n8_s834035546,watts_strogatz,8,Random,3,24,8,random,0.5961312084052001,0.6980096880392281,,,,,,,,
watts_strogatz_n8_s834035546,watts_strogatz,8,Random,3,24,9,random,0.5908737619549465,0.6980096880392281,,,,,,,,
watts_strogatz_n8_s834035546,watts_strogatz,8,Random,3,24,10,random,0.6132450802421717,0.6980096880392281,,,,,,,,
watts_strogatz_n8_s834035546,watts_strogatz,8,Random,3,24,11,random,0.6926278213598653,0.6980096880392281,,,,,,,,
watts_strogatz_n8_s834035546,watts_strogatz,8,Random,3,24,12,random,0.6964029987922942,0.6980096880392281,,,,,,,,
watts_strogatz_n8_s834035546,watts_strogatz,8,Random,3,24,13,random,0.6314105546918044,0.6980096880392281,,,,,,,,
watts_strogatz_n8_s834035546,watts_strogatz,8,Random,3,24,14,random,0.6523438841426256,0.6980096880392281,,,,,,,,
watts_strogatz_n8_s834035546,watts_strogatz,8,Random,3,24,15,random,0.6564243983444387,0.6980096880392281,,,,,,,,
watts_strogatz_n8_s834035546,watts_strogatz,8,Random,3,24,16,random,0.6417058241472279,0.6980096880392281,,,,,,,,
watts_strogatz_n8_s834035546,watts_strogatz,8,Random,3,24,17,random,0.6766713591168623,0.6980096880392281,,,,,,,,
watts_strogatz_n8_s834035546,watts_strogatz,8,Random,3,24,18,random,0.6921453184859415,0.6980096880392281,,,,,,,,
watts_strogatz_n8_s834035546,watts_strogatz,8,Random,3,24,19,random,0.6848926103736855,0.6980096880392281,,,,,,,,
watts_strogatz_n8_s834035546,watts_strogatz,8,Random,3,24,20,random,0.6851001085274722,0.6980096880392281,,,,,,,,
watts_strogatz_n8_s834035546,watts_strogatz,8,Random,3,24,21,random,0.6703065651852819,0.6980096880392281,,,,,,,,
watts_strogatz_n8_s834035546,watts_strogatz,8,Random,3,24,22,random,0.6343661942737636,0.6980096880392281,,,,,,,,
watts_strogatz_n8_s834035546,watts_strogatz,8,Random,3,24,23,random,0.7398814513615092,0.7398814513615092,,,,,,,,
watts_strogatz_n8_s834035546,watts_strogatz,8,Random,3,24,24,random,0.515668610576309,0.7398814513615092,,,,,,,,
watts_strogatz_n8_s834035546,watts_strogatz,8,TQA,3,24,1,anchor:tqa,0.6871050770066418,0.6871050770066418,"[0.7853981633974483, 1.5707963267948966, 2.356194490192345, 2.356194490192345, 1.5707963267948966, 0.7853981633974483]",,,,,"[0.7853981633974483, 1.5707963267948966, 2.356194490192345, 2.356194490192345, 1.5707963267948966, 0.7853981633974483]",3.0208749999971474,
watts_strogatz_n8_s834035546,watts_strogatz,8,TQA+coordinate,3,24,1,anchor:tqa,0.6871050770066418,0.6871050770066418,"[0.7853981633974483, 1.5707963267948966, 2.356194490192345, 2.356194490192345, 1.5707963267948966, 0.7853981633974483]",,,,,"[0.7853981633974483, 1.5707963267948966, 2.356194490192345, 2.356194490192345, 1.5707963267948966, 0.7853981633974483]",3.0210000000003845,
watts_strogatz_n8_s834035546,watts_strogatz,8,TQA+coordinate,3,24,2,coordinate_refine,0.6611573936936764,0.6871050770066418,"[1.2853981633974483, 1.5707963267948966, 2.356194490192345, 2.356194490192345, 1.5707963267948966, 0.7853981633974483]",0,1,0.5,1.0,"[0.7853981633974483, 1.5707963267948966, 2.356194490192345, 2.356194490192345, 1.5707963267948966, 0.7853981633974483]",2.9450830000001815,
watts_strogatz_n8_s834035546,watts_strogatz,8,TQA+coordinate,3,24,3,coordinate_refine,0.7228134426230189,0.7228134426230189,"[0.2853981633974483, 1.5707963267948966, 2.356194490192345, 2.356194490192345, 1.5707963267948966, 0.7853981633974483]",0,-1,0.5,1.0,"[0.2853981633974483, 1.5707963267948966, 2.356194490192345, 2.356194490192345, 1.5707963267948966, 0.7853981633974483]",2.9921669999986023,
watts_strogatz_n8_s834035546,watts_strogatz,8,TQA+coordinate,3,24,4,coordinate_refine,0.6871050770066418,0.7228134426230189,"[0.7853981633974483, 1.5707963267948966, 2.356194490192345, 2.356194490192345, 1.5707963267948966, 0.7853981633974483]",0,1,0.5,1.0,"[0.2853981633974483, 1.5707963267948966, 2.356194490192345, 2.356194490192345, 1.5707963267948966, 0.7853981633974483]",3.0291249999976344,
watts_strogatz_n8_s834035546,watts_strogatz,8,TQA+coordinate,3,24,5,coordinate_refine,0.7097054998296383,0.7228134426230189,"[0.0, 1.5707963267948966, 2.356194490192345, 2.356194490192345, 1.5707963267948966, 0.7853981633974483]",0,-1,0.5,1.0,"[0.2853981633974483, 1.5707963267948966, 2.356194490192345, 2.356194490192345, 1.5707963267948966, 0.7853981633974483]",3.013708000001003,
watts_strogatz_n8_s834035546,watts_strogatz,8,TQA+coordinate,3,24,6,coordinate_refine,0.6838298779253603,0.7228134426230189,"[0.2853981633974483, 2.0707963267948966, 2.356194490192345, 2.356194490192345, 1.5707963267948966, 0.7853981633974483]",1,1,0.5,1.0,"[0.2853981633974483, 1.5707963267948966, 2.356194490192345, 2.356194490192345, 1.5707963267948966, 0.7853981633974483]",3.132166999996855,
watts_strogatz_n8_s834035546,watts_strogatz,8,TQA+coordinate,3,24,7,coordinate_refine,0.661133577046216,0.7228134426230189,"[0.2853981633974483, 1.0707963267948966, 2.356194490192345, 2.356194490192345, 1.5707963267948966, 0.7853981633974483]",1,-1,0.5,1.0,"[0.2853981633974483, 1.5707963267948966, 2.356194490192345, 2.356194490192345, 1.5707963267948966, 0.7853981633974483]",3.2257919999985063,
watts_strogatz_n8_s834035546,watts_strogatz,8,TQA+coordinate,3,24,8,coordinate_refine,0.6838298779253602,0.7228134426230189,"[0.2853981633974483, 1.5707963267948966, 2.856194490192345, 2.356194490192345, 1.5707963267948966, 0.7853981633974483]",2,1,0.5,1.0,"[0.2853981633974483, 1.5707963267948966, 2.356194490192345, 2.356194490192345, 1.5707963267948966, 0.7853981633974483]",2.9732500000001494,
watts_strogatz_n8_s834035546,watts_strogatz,8,TQA+coordinate,3,24,9,coordinate_refine,0.661133577046216,0.7228134426230189,"[0.2853981633974483, 1.5707963267948966, 1.8561944901923448, 2.356194490192345, 1.5707963267948966, 0.7853981633974483]",2,-1,0.5,1.0,"[0.2853981633974483, 1.5707963267948966, 2.356194490192345, 2.356194490192345, 1.5707963267948966, 0.7853981633974483]",2.974334000001022,
watts_strogatz_n8_s834035546,watts_strogatz,8,TQA+coordinate,3,24,10,coordinate_refine,0.6785583125156104,0.7228134426230189,"[0.2853981633974483, 1.5707963267948966, 2.356194490192345, 2.856194490192345, 1.5707963267948966, 0.7853981633974483]",3,1,0.5,1.0,"[0.2853981633974483, 1.5707963267948966, 2.356194490192345, 2.356194490192345, 1.5707963267948966, 0.7853981633974483]",2.9420000000008883,
watts_strogatz_n8_s834035546,watts_strogatz,8,TQA+coordinate,3,24,11,coordinate_refine,0.7072888999419528,0.7228134426230189,"[0.2853981633974483, 1.5707963267948966, 2.356194490192345, 1.8561944901923448, 1.5707963267948966, 0.7853981633974483]",3,-1,0.5,1.0,"[0.2853981633974483, 1.5707963267948966, 2.356194490192345, 2.356194490192345, 1.5707963267948966, 0.7853981633974483]",3.0629580000010037,
watts_strogatz_n8_s834035546,watts_strogatz,8,TQA+coordinate,3,24,12,coordinate_refine,0.6819224542719938,0.7228134426230189,"[0.2853981633974483, 1.5707963267948966, 2.356194490192345, 2.356194490192345, 2.0707963267948966, 0.7853981633974483]",4,1,0.5,1.0,"[0.2853981633974483, 1.5707963267948966, 2.356194490192345, 2.356194490192345, 1.5707963267948966, 0.7853981633974483]",2.986040999999773,
watts_strogatz_n8_s834035546,watts_strogatz,8,TQA+coordinate,3,24,13,coordinate_refine,0.6618990228844066,0.7228134426230189,"[0.2853981633974483, 1.5707963267948966, 2.356194490192345, 2.356194490192345, 1.0707963267948966, 0.7853981633974483]",4,-1,0.5,1.0,"[0.2853981633974483, 1.5707963267948966, 2.356194490192345, 2.356194490192345, 1.5707963267948966, 0.7853981633974483]",3.1243329999988134,
watts_strogatz_n8_s834035546,watts_strogatz,8,TQA+coordinate,3,24,14,coordinate_refine,0.6216396693208491,0.7228134426230189,"[0.2853981633974483, 1.5707963267948966, 2.356194490192345, 2.356194490192345, 1.5707963267948966, 1.2853981633974483]",5,1,0.5,1.0,"[0.2853981633974483, 1.5707963267948966, 2.356194490192345, 2.356194490192345, 1.5707963267948966, 0.7853981633974483]",2.9486249999983727,
watts_strogatz_n8_s834035546,watts_strogatz,8,TQA+coordinate,3,24,15,coordinate_refine,0.640183310119162,0.7228134426230189,"[0.2853981633974483, 1.5707963267948966, 2.356194490192345, 2.356194490192345, 1.5707963267948966, 0.2853981633974483]",5,-1,0.5,1.0,"[0.2853981633974483, 1.5707963267948966, 2.356194490192345, 2.356194490192345, 1.5707963267948966, 0.7853981633974483]",3.0119999999982383,
watts_strogatz_n8_s834035546,watts_strogatz,8,TQA+coordinate,3,24,16,coordinate_refine,0.7188036384704145,0.7228134426230189,"[0.5353981633974483, 1.5707963267948966, 2.356194490192345, 2.356194490192345, 1.5707963267948966, 0.7853981633974483]",0,1,0.25,0.5,"[0.2853981633974483, 1.5707963267948966, 2.356194490192345, 2.356194490192345, 1.5707963267948966, 0.7853981633974483]",3.0250830000007056,
watts_strogatz_n8_s834035546,watts_strogatz,8,TQA+coordinate,3,24,17,coordinate_refine,0.7119474562159142,0.7228134426230189,"[0.03539816339744828, 1.5707963267948966, 2.356194490192345, 2.356194490192345, 1.5707963267948966, 0.7853981633974483]",0,-1,0.25,0.5,"[0.2853981633974483, 1.5707963267948966, 2.356194490192345, 2.356194490192345, 1.5707963267948966, 0.7853981633974483]",2.9963329999986854,
watts_strogatz_n8_s834035546,watts_strogatz,8,TQA+coordinate,3,24,18,coordinate_refine,0.7008384930422237,0.7228134426230189,"[0.2853981633974483, 1.8207963267948966, 2.356194490192345, 2.356194490192345, 1.5707963267948966, 0.7853981633974483]",1,1,0.25,0.5,"[0.2853981633974483, 1.5707963267948966, 2.356194490192345, 2.356194490192345, 1.5707963267948966, 0.7853981633974483]",2.977583999999922,
watts_strogatz_n8_s834035546,watts_strogatz,8,TQA+coordinate,3,24,19,coordinate_refine,0.7037200606301717,0.7228134426230189,"[0.2853981633974483, 1.3207963267948966, 2.356194490192345, 2.356194490192345, 1.5707963267948966, 0.7853981633974483]",1,-1,0.25,0.5,"[0.2853981633974483, 1.5707963267948966, 2.356194490192345, 2.356194490192345, 1.5707963267948966, 0.7853981633974483]",3.004541999999333,
watts_strogatz_n8_s834035546,watts_strogatz,8,TQA+coordinate,3,24,20,coordinate_refine,0.7008384930422237,0.7228134426230189,"[0.2853981633974483, 1.5707963267948966, 2.606194490192345, 2.356194490192345, 1.5707963267948966, 0.7853981633974483]",2,1,0.25,0.5,"[0.2853981633974483, 1.5707963267948966, 2.356194490192345, 2.356194490192345, 1.5707963267948966, 0.7853981633974483]",3.0015829999996413,
watts_strogatz_n8_s834035546,watts_strogatz,8,TQA+coordinate,3,24,21,coordinate_refine,0.7037200606301717,0.7228134426230189,"[0.2853981633974483, 1.5707963267948966, 2.106194490192345, 2.356194490192345, 1.5707963267948966, 0.7853981633974483]",2,-1,0.25,0.5,"[0.2853981633974483, 1.5707963267948966, 2.356194490192345, 2.356194490192345, 1.5707963267948966, 0.7853981633974483]",2.99425000000042,
watts_strogatz_n8_s834035546,watts_strogatz,8,TQA+coordinate,3,24,22,coordinate_refine,0.6981421190778659,0.7228134426230189,"[0.2853981633974483, 1.5707963267948966, 2.356194490192345, 2.606194490192345, 1.5707963267948966, 0.7853981633974483]",3,1,0.25,0.5,"[0.2853981633974483, 1.5707963267948966, 2.356194490192345, 2.356194490192345, 1.5707963267948966, 0.7853981633974483]",3.211874999998088,
watts_strogatz_n8_s834035546,watts_strogatz,8,TQA+coordinate,3,24,23,coordinate_refine,0.7125313515613617,0.7228134426230189,"[0.2853981633974483, 1.5707963267948966, 2.356194490192345, 2.106194490192345, 1.5707963267948966, 0.7853981633974483]",3,-1,0.25,0.5,"[0.2853981633974483, 1.5707963267948966, 2.356194490192345, 2.356194490192345, 1.5707963267948966, 0.7853981633974483]",2.99533300000121,
watts_strogatz_n8_s834035546,watts_strogatz,8,TQA+coordinate,3,24,24,coordinate_refine,0.7316365349600226,0.7316365349600226,"[0.2853981633974483, 1.5707963267948966, 2.356194490192345, 2.356194490192345, 1.8207963267948966, 0.7853981633974483]",4,1,0.25,0.5,"[0.2853981633974483, 1.5707963267948966, 2.356194490192345, 2.356194490192345, 1.8207963267948966, 0.7853981633974483]",2.9149169999982405,
watts_strogatz_n8_s834035546,watts_strogatz,8,kNN+coordinate,3,24,1,anchor:tqa,0.6871050770066418,0.6871050770066418,,,,0.0,,,,-1.0
watts_strogatz_n8_s834035546,watts_strogatz,8,kNN+coordinate,3,24,2,anchor:knn_mean,0.6340869447163823,0.6871050770066418,,,,0.0,,,,-1.0
watts_strogatz_n8_s834035546,watts_strogatz,8,kNN+coordinate,3,24,3,anchor:global,0.6666666666666666,0.6871050770066418,,,,0.0,,,,-1.0
watts_strogatz_n8_s834035546,watts_strogatz,8,kNN+coordinate,3,24,4,operator_refine,0.6638675572769159,0.6871050770066418,,,,0.5643503274277338,,,,0.0
watts_strogatz_n8_s834035546,watts_strogatz,8,kNN+coordinate,3,24,5,operator_refine,0.6769090829687657,0.6871050770066418,,,,-0.5643503274277338,,,,0.0
watts_strogatz_n8_s834035546,watts_strogatz,8,kNN+coordinate,3,24,6,operator_refine,0.6637914272697037,0.6871050770066418,,,,0.562271985729815,,,,1.0
watts_strogatz_n8_s834035546,watts_strogatz,8,kNN+coordinate,3,24,7,operator_refine,0.7206424131275228,0.7206424131275228,,,,-0.562271985729815,,,,1.0
watts_strogatz_n8_s834035546,watts_strogatz,8,kNN+coordinate,3,24,8,operator_refine,0.6311236774326954,0.7206424131275228,,,,0.5596838225785478,,,,2.0
watts_strogatz_n8_s834035546,watts_strogatz,8,kNN+coordinate,3,24,9,operator_refine,0.6433722704991781,0.7206424131275228,,,,-0.5596838225785478,,,,2.0
watts_strogatz_n8_s834035546,watts_strogatz,8,kNN+coordinate,3,24,10,operator_refine,0.6851496136199368,0.7206424131275228,,,,0.5304656578319216,,,,3.0
watts_strogatz_n8_s834035546,watts_strogatz,8,kNN+coordinate,3,24,11,operator_refine,0.7088079194331026,0.7206424131275228,,,,-0.5304656578319216,,,,3.0
watts_strogatz_n8_s834035546,watts_strogatz,8,kNN+coordinate,3,24,12,operator_refine,0.686513501316076,0.7206424131275228,,,,0.4952398285806733,,,,4.0
watts_strogatz_n8_s834035546,watts_strogatz,8,kNN+coordinate,3,24,13,operator_refine,0.6650879844536448,0.7206424131275228,,,,-0.4952398285806733,,,,4.0
watts_strogatz_n8_s834035546,watts_strogatz,8,kNN+coordinate,3,24,14,operator_refine,0.687145313526234,0.7206424131275228,,,,0.47482274459829427,,,,5.0
watts_strogatz_n8_s834035546,watts_strogatz,8,kNN+coordinate,3,24,15,operator_refine,0.6568793724634823,0.7206424131275228,,,,-0.47482274459829427,,,,5.0
watts_strogatz_n8_s834035546,watts_strogatz,8,kNN+coordinate,3,24,16,operator_refine,0.6954319946066899,0.7206424131275228,,,,0.3103926800852536,,,,0.0
watts_strogatz_n8_s834035546,watts_strogatz,8,kNN+coordinate,3,24,17,operator_refine,0.6952820373454562,0.7206424131275228,,,,-0.3103926800852536,,,,0.0
watts_strogatz_n8_s834035546,watts_strogatz,8,kNN+coordinate,3,24,18,operator_refine,0.7190453598931356,0.7206424131275228,,,,0.30924959215139824,,,,1.0
watts_strogatz_n8_s834035546,watts_strogatz,8,kNN+coordinate,3,24,19,operator_refine,0.7097054998296383,0.7206424131275228,,,,-0.30924959215139824,,,,1.0
watts_strogatz_n8_s834035546,watts_strogatz,8,kNN+coordinate,3,24,20,operator_refine,0.6789381652371538,0.7206424131275228,,,,0.3078261024182013,,,,2.0
watts_strogatz_n8_s834035546,watts_strogatz,8,kNN+coordinate,3,24,21,operator_refine,0.6936490224512676,0.7206424131275228,,,,-0.3078261024182013,,,,2.0
watts_strogatz_n8_s834035546,watts_strogatz,8,kNN+coordinate,3,24,22,operator_refine,0.6982627543083826,0.7206424131275228,,,,0.2917561118075569,,,,3.0
watts_strogatz_n8_s834035546,watts_strogatz,8,kNN+coordinate,3,24,23,operator_refine,0.7140534859156694,0.7206424131275228,,,,-0.2917561118075569,,,,3.0
watts_strogatz_n8_s834035546,watts_strogatz,8,kNN+coordinate,3,24,24,operator_refine,0.6985045968013815,0.7206424131275228,,,,0.2723819057193703,,,,4.0
watts_strogatz_n8_s834035546,watts_strogatz,8,OST diagonal,3,24,1,anchor:tqa,0.6871050770066418,0.6871050770066418,,,,0.0,,,,-1.0
watts_strogatz_n8_s834035546,watts_strogatz,8,OST diagonal,3,24,2,anchor:operator_mean,0.6782505257265946,0.6871050770066418,,,,0.0,,,,-1.0
watts_strogatz_n8_s834035546,watts_strogatz,8,OST diagonal,3,24,3,anchor:nearest_operator_neighbor,0.769219879988048,0.769219879988048,,,,0.0,,,,-1.0
watts_strogatz_n8_s834035546,watts_strogatz,8,OST diagonal,3,24,4,anchor:global,0.6666666666666666,0.769219879988048,,,,0.0,,,,-1.0
watts_strogatz_n8_s834035546,watts_strogatz,8,OST diagonal,3,24,5,operator_refine,0.76848499887815,0.769219879988048,,,,0.541655016345666,,,,0.0
watts_strogatz_n8_s834035546,watts_strogatz,8,OST diagonal,3,24,6,operator_refine,0.706049632545775,0.769219879988048,,,,-0.541655016345666,,,,0.0
watts_strogatz_n8_s834035546,watts_strogatz,8,OST diagonal,3,24,7,operator_refine,0.6923117349306059,0.769219879988048,,,,0.5394970112803026,,,,1.0
watts_strogatz_n8_s834035546,watts_strogatz,8,OST diagonal,3,24,8,operator_refine,0.6325421635545451,0.769219879988048,,,,-0.5394970112803026,,,,1.0
watts_strogatz_n8_s834035546,watts_strogatz,8,OST diagonal,3,24,9,operator_refine,0.7271542499899346,0.769219879988048,,,,0.5365289133825302,,,,2.0
watts_strogatz_n8_s834035546,watts_strogatz,8,OST diagonal,3,24,10,operator_refine,0.7081315994177206,0.769219879988048,,,,-0.5365289133825302,,,,2.0
watts_strogatz_n8_s834035546,watts_strogatz,8,OST diagonal,3,24,11,operator_refine,0.756860686665533,0.769219879988048,,,,0.5061225998680804,,,,3.0
watts_strogatz_n8_s834035546,watts_strogatz,8,OST diagonal,3,24,12,operator_refine,0.7561875204365837,0.769219879988048,,,,-0.5061225998680804,,,,3.0
watts_strogatz_n8_s834035546,watts_strogatz,8,OST diagonal,3,24,13,operator_refine,0.7569164618283338,0.769219879988048,,,,0.4680592057391081,,,,4.0
watts_strogatz_n8_s834035546,watts_strogatz,8,OST diagonal,3,24,14,operator_refine,0.7086847627370826,0.769219879988048,,,,-0.4680592057391081,,,,4.0
watts_strogatz_n8_s834035546,watts_strogatz,8,OST diagonal,3,24,15,operator_refine,0.7733178059851159,0.7733178059851159,,,,0.4499444821501973,,,,5.0
watts_strogatz_n8_s834035546,watts_strogatz,8,OST diagonal,3,24,16,operator_refine,0.7745940502983957,0.7745940502983957,,,,0.29791025899011636,,,,0.0
watts_strogatz_n8_s834035546,watts_strogatz,8,OST diagonal,3,24,17,operator_refine,0.773373485631471,0.7745940502983957,,,,-0.29791025899011636,,,,0.0
watts_strogatz_n8_s834035546,watts_strogatz,8,OST diagonal,3,24,18,operator_refine,0.6712982817378559,0.7745940502983957,,,,0.29672335620416646,,,,1.0
watts_strogatz_n8_s834035546,watts_strogatz,8,OST diagonal,3,24,19,operator_refine,0.7701165776282289,0.7745940502983957,,,,-0.29672335620416646,,,,1.0
watts_strogatz_n8_s834035546,watts_strogatz,8,OST diagonal,3,24,20,operator_refine,0.7589123159348498,0.7745940502983957,,,,0.2950909023603916,,,,2.0
watts_strogatz_n8_s834035546,watts_strogatz,8,OST diagonal,3,24,21,operator_refine,0.7319806106119668,0.7745940502983957,,,,-0.2950909023603916,,,,2.0
watts_strogatz_n8_s834035546,watts_strogatz,8,OST diagonal,3,24,22,operator_refine,0.7745940502983952,0.7745940502983957,,,,0.27836742992744423,,,,3.0
watts_strogatz_n8_s834035546,watts_strogatz,8,OST diagonal,3,24,23,operator_refine,0.7745940502983953,0.7745940502983957,,,,-0.27836742992744423,,,,3.0
watts_strogatz_n8_s834035546,watts_strogatz,8,OST diagonal,3,24,24,operator_refine,0.7687164785655997,0.7745940502983957,,,,0.2574325631565095,,,,4.0
watts_strogatz_n8_s834035546,watts_strogatz,8,OST-QAOA,3,24,1,anchor:tqa,0.6871050770066418,0.6871050770066418,,,,0.0,,,,-1.0
watts_strogatz_n8_s834035546,watts_strogatz,8,OST-QAOA,3,24,2,anchor:operator_mean,0.6782505257265946,0.6871050770066418,,,,0.0,,,,-1.0
watts_strogatz_n8_s834035546,watts_strogatz,8,OST-QAOA,3,24,3,anchor:nearest_operator_neighbor,0.769219879988048,0.769219879988048,,,,0.0,,,,-1.0
watts_strogatz_n8_s834035546,watts_strogatz,8,OST-QAOA,3,24,4,anchor:global,0.6666666666666666,0.769219879988048,,,,0.0,,,,-1.0
watts_strogatz_n8_s834035546,watts_strogatz,8,OST-QAOA,3,24,5,operator_refine,0.6996304220469053,0.769219879988048,,,,0.8568129906268062,,,,0.0
watts_strogatz_n8_s834035546,watts_strogatz,8,OST-QAOA,3,24,6,operator_refine,0.6683594551117622,0.769219879988048,,,,-0.8568129906268062,,,,0.0
watts_strogatz_n8_s834035546,watts_strogatz,8,OST-QAOA,3,24,7,operator_refine,0.666671633096756,0.769219879988048,,,,0.5405329125776824,,,,1.0
watts_strogatz_n8_s834035546,watts_strogatz,8,OST-QAOA,3,24,8,operator_refine,0.7334295930596403,0.769219879988048,,,,-0.5405329125776824,,,,1.0
watts_strogatz_n8_s834035546,watts_strogatz,8,OST-QAOA,3,24,9,operator_refine,0.7605224268905735,0.769219879988048,,,,0.5355861983396267,,,,2.0
watts_strogatz_n8_s834035546,watts_strogatz,8,OST-QAOA,3,24,10,operator_refine,0.689347313057762,0.769219879988048,,,,-0.5355861983396267,,,,2.0
watts_strogatz_n8_s834035546,watts_strogatz,8,OST-QAOA,3,24,11,operator_refine,0.7848917298018963,0.7848917298018963,,,,0.3644450209672972,,,,3.0
watts_strogatz_n8_s834035546,watts_strogatz,8,OST-QAOA,3,24,12,operator_refine,0.7677408902190163,0.7848917298018963,,,,-0.3644450209672972,,,,3.0
watts_strogatz_n8_s834035546,watts_strogatz,8,OST-QAOA,3,24,13,operator_refine,0.7581252393570294,0.7848917298018963,,,,0.26715525349300673,,,,4.0
watts_strogatz_n8_s834035546,watts_strogatz,8,OST-QAOA,3,24,14,operator_refine,0.7816151680416089,0.7848917298018963,,,,-0.26715525349300673,,,,4.0
watts_strogatz_n8_s834035546,watts_strogatz,8,OST-QAOA,3,24,15,operator_refine,0.7665532851011444,0.7848917298018963,,,,0.18069585187484655,,,,5.0
watts_strogatz_n8_s834035546,watts_strogatz,8,OST-QAOA,3,24,16,operator_refine,0.7963843468075886,0.7963843468075886,,,,-0.18069585187484655,,,,5.0
watts_strogatz_n8_s834035546,watts_strogatz,8,OST-QAOA,3,24,17,operator_refine,0.6792672782426304,0.7963843468075886,,,,0.47124714484474345,,,,0.0
watts_strogatz_n8_s834035546,watts_strogatz,8,OST-QAOA,3,24,18,operator_refine,0.7545768866203288,0.7963843468075886,,,,-0.47124714484474345,,,,0.0
watts_strogatz_n8_s834035546,watts_strogatz,8,OST-QAOA,3,24,19,operator_refine,0.7365668070539503,0.7963843468075886,,,,0.29729310191772534,,,,1.0
watts_strogatz_n8_s834035546,watts_strogatz,8,OST-QAOA,3,24,20,operator_refine,0.7658333727034222,0.7963843468075886,,,,-0.29729310191772534,,,,1.0
watts_strogatz_n8_s834035546,watts_strogatz,8,OST-QAOA,3,24,21,operator_refine,0.7535249632778859,0.7963843468075886,,,,0.2945724090867947,,,,2.0
watts_strogatz_n8_s834035546,watts_strogatz,8,OST-QAOA,3,24,22,operator_refine,0.7849707536027806,0.7963843468075886,,,,-0.2945724090867947,,,,2.0
watts_strogatz_n8_s834035546,watts_strogatz,8,OST-QAOA,3,24,23,operator_refine,0.7734787300134535,0.7963843468075886,,,,0.20044476153201346,,,,3.0
watts_strogatz_n8_s834035546,watts_strogatz,8,OST-QAOA,3,24,24,operator_refine,0.7985801104171273,0.7985801104171273,,,,-0.20044476153201346,,,,3.0
watts_strogatz_n10_s12926194,watts_strogatz,10,Random,3,24,1,random,0.6267715655646388,0.6267715655646388,,,,,,,,
watts_strogatz_n10_s12926194,watts_strogatz,10,Random,3,24,2,random,0.6705208594094921,0.6705208594094921,,,,,,,,
watts_strogatz_n10_s12926194,watts_strogatz,10,Random,3,24,3,random,0.6203366627437428,0.6705208594094921,,,,,,,,
watts_strogatz_n10_s12926194,watts_strogatz,10,Random,3,24,4,random,0.6295153433499108,0.6705208594094921,,,,,,,,
watts_strogatz_n10_s12926194,watts_strogatz,10,Random,3,24,5,random,0.623860442878464,0.6705208594094921,,,,,,,,
watts_strogatz_n10_s12926194,watts_strogatz,10,Random,3,24,6,random,0.6044323386144362,0.6705208594094921,,,,,,,,
watts_strogatz_n10_s12926194,watts_strogatz,10,Random,3,24,7,random,0.735821236900375,0.735821236900375,,,,,,,,
watts_strogatz_n10_s12926194,watts_strogatz,10,Random,3,24,8,random,0.6473766998901944,0.735821236900375,,,,,,,,
watts_strogatz_n10_s12926194,watts_strogatz,10,Random,3,24,9,random,0.6126257409897409,0.735821236900375,,,,,,,,
watts_strogatz_n10_s12926194,watts_strogatz,10,Random,3,24,10,random,0.6334261241097834,0.735821236900375,,,,,,,,
watts_strogatz_n10_s12926194,watts_strogatz,10,Random,3,24,11,random,0.6552890463821117,0.735821236900375,,,,,,,,
watts_strogatz_n10_s12926194,watts_strogatz,10,Random,3,24,12,random,0.7454418535374013,0.7454418535374013,,,,,,,,
watts_strogatz_n10_s12926194,watts_strogatz,10,Random,3,24,13,random,0.5946340361073978,0.7454418535374013,,,,,,,,
watts_strogatz_n10_s12926194,watts_strogatz,10,Random,3,24,14,random,0.684131083462286,0.7454418535374013,,,,,,,,
watts_strogatz_n10_s12926194,watts_strogatz,10,Random,3,24,15,random,0.6287294595180877,0.7454418535374013,,,,,,,,
watts_strogatz_n10_s12926194,watts_strogatz,10,Random,3,24,16,random,0.6110179298997547,0.7454418535374013,,,,,,,,
watts_strogatz_n10_s12926194,watts_strogatz,10,Random,3,24,17,random,0.6981329963138535,0.7454418535374013,,,,,,,,
watts_strogatz_n10_s12926194,watts_strogatz,10,Random,3,24,18,random,0.6181427766926094,0.7454418535374013,,,,,,,,
watts_strogatz_n10_s12926194,watts_strogatz,10,Random,3,24,19,random,0.6241286026063808,0.7454418535374013,,,,,,,,
watts_strogatz_n10_s12926194,watts_strogatz,10,Random,3,24,20,random,0.6485749205024103,0.7454418535374013,,,,,,,,
watts_strogatz_n10_s12926194,watts_strogatz,10,Random,3,24,21,random,0.6348706176019974,0.7454418535374013,,,,,,,,
watts_strogatz_n10_s12926194,watts_strogatz,10,Random,3,24,22,random,0.6146087015460917,0.7454418535374013,,,,,,,,
watts_strogatz_n10_s12926194,watts_strogatz,10,Random,3,24,23,random,0.6121896272482426,0.7454418535374013,,,,,,,,
watts_strogatz_n10_s12926194,watts_strogatz,10,Random,3,24,24,random,0.6848895413184182,0.7454418535374013,,,,,,,,
watts_strogatz_n10_s12926194,watts_strogatz,10,TQA,3,24,1,anchor:tqa,0.6438227489615347,0.6438227489615347,"[0.7853981633974483, 1.5707963267948966, 2.356194490192345, 2.356194490192345, 1.5707963267948966, 0.7853981633974483]",,,,,"[0.7853981633974483, 1.5707963267948966, 2.356194490192345, 2.356194490192345, 1.5707963267948966, 0.7853981633974483]",12.028250000000185,
watts_strogatz_n10_s12926194,watts_strogatz,10,TQA+coordinate,3,24,1,anchor:tqa,0.6438227489615347,0.6438227489615347,"[0.7853981633974483, 1.5707963267948966, 2.356194490192345, 2.356194490192345, 1.5707963267948966, 0.7853981633974483]",,,,,"[0.7853981633974483, 1.5707963267948966, 2.356194490192345, 2.356194490192345, 1.5707963267948966, 0.7853981633974483]",12.139707999999416,
watts_strogatz_n10_s12926194,watts_strogatz,10,TQA+coordinate,3,24,2,coordinate_refine,0.6317714085146259,0.6438227489615347,"[1.2853981633974483, 1.5707963267948966, 2.356194490192345, 2.356194490192345, 1.5707963267948966, 0.7853981633974483]",0,1,0.5,1.0,"[0.7853981633974483, 1.5707963267948966, 2.356194490192345, 2.356194490192345, 1.5707963267948966, 0.7853981633974483]",12.138500000002495,
watts_strogatz_n10_s12926194,watts_strogatz,10,TQA+coordinate,3,24,3,coordinate_refine,0.6536694064359583,0.6536694064359583,"[0.2853981633974483, 1.5707963267948966, 2.356194490192345, 2.356194490192345, 1.5707963267948966, 0.7853981633974483]",0,-1,0.5,1.0,"[0.2853981633974483, 1.5707963267948966, 2.356194490192345, 2.356194490192345, 1.5707963267948966, 0.7853981633974483]",12.210791999997639,
watts_strogatz_n10_s12926194,watts_strogatz,10,TQA+coordinate,3,24,4,coordinate_refine,0.6438227489615347,0.6536694064359583,"[0.7853981633974483, 1.5707963267948966, 2.356194490192345, 2.356194490192345, 1.5707963267948966, 0.7853981633974483]",0,1,0.5,1.0,"[0.2853981633974483, 1.5707963267948966, 2.356194490192345, 2.356194490192345, 1.5707963267948966, 0.7853981633974483]",12.048540999998636,
watts_strogatz_n10_s12926194,watts_strogatz,10,TQA+coordinate,3,24,5,coordinate_refine,0.6335640162321289,0.6536694064359583,"[0.0, 1.5707963267948966, 2.356194490192345, 2.356194490192345, 1.5707963267948966, 0.7853981633974483]",0,-1,0.5,1.0,"[0.2853981633974483, 1.5707963267948966, 2.356194490192345, 2.356194490192345, 1.5707963267948966, 0.7853981633974483]",12.155958000001021,
watts_strogatz_n10_s12926194,watts_strogatz,10,TQA+coordinate,3,24,6,coordinate_refine,0.6250005040641677,0.6536694064359583,"[0.2853981633974483, 2.0707963267948966, 2.356194490192345, 2.356194490192345, 1.5707963267948966, 0.7853981633974483]",1,1,0.5,1.0,"[0.2853981633974483, 1.5707963267948966, 2.356194490192345, 2.356194490192345, 1.5707963267948966, 0.7853981633974483]",12.067083000001588,
watts_strogatz_n10_s12926194,watts_strogatz,10,TQA+coordinate,3,24,7,coordinate_refine,0.6291914515236693,0.6536694064359583,"[0.2853981633974483, 1.0707963267948966, 2.356194490192345, 2.356194490192345, 1.5707963267948966, 0.7853981633974483]",1,-1,0.5,1.0,"[0.2853981633974483, 1.5707963267948966, 2.356194490192345, 2.356194490192345, 1.5707963267948966, 0.7853981633974483]",12.211250000000007,
watts_strogatz_n10_s12926194,watts_strogatz,10,TQA+coordinate,3,24,8,coordinate_refine,0.6250005040641676,0.6536694064359583,"[0.2853981633974483, 1.5707963267948966, 2.856194490192345, 2.356194490192345, 1.5707963267948966, 0.7853981633974483]",2,1,0.5,1.0,"[0.2853981633974483, 1.5707963267948966, 2.356194490192345, 2.356194490192345, 1.5707963267948966, 0.7853981633974483]",12.179458999998616,
watts_strogatz_n10_s12926194,watts_strogatz,10,TQA+coordinate,3,24,9,coordinate_refine,0.6291914515236692,0.6536694064359583,"[0.2853981633974483, 1.5707963267948966, 1.8561944901923448, 2.356194490192345, 1.5707963267948966, 0.7853981633974483]",2,-1,0.5,1.0,"[0.2853981633974483, 1.5707963267948966, 2.356194490192345, 2.356194490192345, 1.5707963267948966, 0.7853981633974483]",12.06570900000159,
watts_strogatz_n10_s12926194,watts_strogatz,10,TQA+coordinate,3,24,10,coordinate_refine,0.6283793716624633,0.6536694064359583,"[0.2853981633974483, 1.5707963267948966, 2.356194490192345, 2.856194490192345, 1.5707963267948966, 0.7853981633974483]",3,1,0.5,1.0,"[0.2853981633974483, 1.5707963267948966, 2.356194490192345, 2.356194490192345, 1.5707963267948966, 0.7853981633974483]",13.099207999999862,
watts_strogatz_n10_s12926194,watts_strogatz,10,TQA+coordinate,3,24,11,coordinate_refine,0.6214740950689683,0.6536694064359583,"[0.2853981633974483, 1.5707963267948966, 2.356194490192345, 1.8561944901923448, 1.5707963267948966, 0.7853981633974483]",3,-1,0.5,1.0,"[0.2853981633974483, 1.5707963267948966, 2.356194490192345, 2.356194490192345, 1.5707963267948966, 0.7853981633974483]",12.728290999998393,
watts_strogatz_n10_s12926194,watts_strogatz,10,TQA+coordinate,3,24,12,coordinate_refine,0.6291732638289775,0.6536694064359583,"[0.2853981633974483, 1.5707963267948966, 2.356194490192345, 2.356194490192345, 2.0707963267948966, 0.7853981633974483]",4,1,0.5,1.0,"[0.2853981633974483, 1.5707963267948966, 2.356194490192345, 2.356194490192345, 1.5707963267948966, 0.7853981633974483]",27.13149999999942,
watts_strogatz_n10_s12926194,watts_strogatz,10,TQA+coordinate,3,24,13,coordinate_refine,0.6263813521124917,0.6536694064359583,"[0.2853981633974483, 1.5707963267948966, 2.356194490192345, 2.356194490192345, 1.0707963267948966, 0.7853981633974483]",4,-1,0.5,1.0,"[0.2853981633974483, 1.5707963267948966, 2.356194490192345, 2.356194490192345, 1.5707963267948966, 0.7853981633974483]",11.81587499999992,
watts_strogatz_n10_s12926194,watts_strogatz,10,TQA+coordinate,3,24,14,coordinate_refine,0.6369995389098245,0.6536694064359583,"[0.2853981633974483, 1.5707963267948966, 2.356194490192345, 2.356194490192345, 1.5707963267948966, 1.2853981633974483]",5,1,0.5,1.0,"[0.2853981633974483, 1.5707963267948966, 2.356194490192345, 2.356194490192345, 1.5707963267948966, 0.7853981633974483]",25.979124999999215,
watts_strogatz_n10_s12926194,watts_strogatz,10,TQA+coordinate,3,24,15,coordinate_refine,0.5696461983007761,0.6536694064359583,"[0.2853981633974483, 1.5707963267948966, 2.356194490192345, 2.356194490192345, 1.5707963267948966, 0.2853981633974483]",5,-1,0.5,1.0,"[0.2853981633974483, 1.5707963267948966, 2.356194490192345, 2.356194490192345, 1.5707963267948966, 0.7853981633974483]",22.392166999999574,
watts_strogatz_n10_s12926194,watts_strogatz,10,TQA+coordinate,3,24,16,coordinate_refine,0.6597814314938567,0.6597814314938567,"[0.5353981633974483, 1.5707963267948966, 2.356194490192345, 2.356194490192345, 1.5707963267948966, 0.7853981633974483]",0,1,0.25,0.5,"[0.5353981633974483, 1.5707963267948966, 2.356194490192345, 2.356194490192345, 1.5707963267948966, 0.7853981633974483]",19.406875000001378,
watts_strogatz_n10_s12926194,watts_strogatz,10,TQA+coordinate,3,24,17,coordinate_refine,0.6438227489615347,0.6597814314938567,"[0.7853981633974483, 1.5707963267948966, 2.356194490192345, 2.356194490192345, 1.5707963267948966, 0.7853981633974483]",0,1,0.25,0.5,"[0.5353981633974483, 1.5707963267948966, 2.356194490192345, 2.356194490192345, 1.5707963267948966, 0.7853981633974483]",16.872542000001545,
watts_strogatz_n10_s12926194,watts_strogatz,10,TQA+coordinate,3,24,18,coordinate_refine,0.6536694064359583,0.6597814314938567,"[0.2853981633974483, 1.5707963267948966, 2.356194490192345, 2.356194490192345, 1.5707963267948966, 0.7853981633974483]",0,-1,0.25,0.5,"[0.5353981633974483, 1.5707963267948966, 2.356194490192345, 2.356194490192345, 1.5707963267948966, 0.7853981633974483]",11.774374999998116,
watts_strogatz_n10_s12926194,watts_strogatz,10,TQA+coordinate,3,24,19,coordinate_refine,0.6471242601821303,0.6597814314938567,"[0.5353981633974483, 1.8207963267948966, 2.356194490192345, 2.356194490192345, 1.5707963267948966, 0.7853981633974483]",1,1,0.25,0.5,"[0.5353981633974483, 1.5707963267948966, 2.356194490192345, 2.356194490192345, 1.5707963267948966, 0.7853981633974483]",11.825417000000726,
watts_strogatz_n10_s12926194,watts_strogatz,10,TQA+coordinate,3,24,20,coordinate_refine,0.6508302262457696,0.6597814314938567,"[0.5353981633974483, 1.3207963267948966, 2.356194490192345, 2.356194490192345, 1.5707963267948966, 0.7853981633974483]",1,-1,0.25,0.5,"[0.5353981633974483, 1.5707963267948966, 2.356194490192345, 2.356194490192345, 1.5707963267948966, 0.7853981633974483]",11.732832999999943,
watts_strogatz_n10_s12926194,watts_strogatz,10,TQA+coordinate,3,24,21,coordinate_refine,0.6471242601821305,0.6597814314938567,"[0.5353981633974483, 1.5707963267948966, 2.606194490192345, 2.356194490192345, 1.5707963267948966, 0.7853981633974483]",2,1,0.25,0.5,"[0.5353981633974483, 1.5707963267948966, 2.356194490192345, 2.356194490192345, 1.5707963267948966, 0.7853981633974483]",11.830832999997654,
watts_strogatz_n10_s12926194,watts_strogatz,10,TQA+coordinate,3,24,22,coordinate_refine,0.6508302262457695,0.6597814314938567,"[0.5353981633974483, 1.5707963267948966, 2.106194490192345, 2.356194490192345, 1.5707963267948966, 0.7853981633974483]",2,-1,0.25,0.5,"[0.5353981633974483, 1.5707963267948966, 2.356194490192345, 2.356194490192345, 1.5707963267948966, 0.7853981633974483]",11.6601249999988,
watts_strogatz_n10_s12926194,watts_strogatz,10,TQA+coordinate,3,24,23,coordinate_refine,0.6409416733907981,0.6597814314938567,"[0.5353981633974483, 1.5707963267948966, 2.356194490192345, 2.606194490192345, 1.5707963267948966, 0.7853981633974483]",3,1,0.25,0.5,"[0.5353981633974483, 1.5707963267948966, 2.356194490192345, 2.356194490192345, 1.5707963267948966, 0.7853981633974483]",24.591499999999655,
watts_strogatz_n10_s12926194,watts_strogatz,10,TQA+coordinate,3,24,24,coordinate_refine,0.6253197799712917,0.6597814314938567,"[0.5353981633974483, 1.5707963267948966, 2.356194490192345, 2.106194490192345, 1.5707963267948966, 0.7853981633974483]",3,-1,0.25,0.5,"[0.5353981633974483, 1.5707963267948966, 2.356194490192345, 2.356194490192345, 1.5707963267948966, 0.7853981633974483]",12.034874999997669,
watts_strogatz_n10_s12926194,watts_strogatz,10,kNN+coordinate,3,24,1,anchor:tqa,0.6438227489615347,0.6438227489615347,,,,0.0,,,,-1.0
watts_strogatz_n10_s12926194,watts_strogatz,10,kNN+coordinate,3,24,2,anchor:knn_mean,0.6779420258668685,0.6779420258668685,,,,0.0,,,,-1.0
watts_strogatz_n10_s12926194,watts_strogatz,10,kNN+coordinate,3,24,3,anchor:global,0.6249999999999999,0.6779420258668685,,,,0.0,,,,-1.0
watts_strogatz_n10_s12926194,watts_strogatz,10,kNN+coordinate,3,24,4,operator_refine,0.7233829638926479,0.7233829638926479,,,,0.6059198270181508,,,,0.0
watts_strogatz_n10_s12926194,watts_strogatz,10,kNN+coordinate,3,24,5,operator_refine,0.4832942095003217,0.7233829638926479,,,,0.5633269016839736,,,,1.0
watts_strogatz_n10_s12926194,watts_strogatz,10,kNN+coordinate,3,24,6,operator_refine,0.6219220478780927,0.7233829638926479,,,,-0.5633269016839736,,,,1.0
watts_strogatz_n10_s12926194,watts_strogatz,10,kNN+coordinate,3,24,7,operator_refine,0.6638278273789529,0.7233829638926479,,,,0.5541947255583459,,,,2.0
watts_strogatz_n10_s12926194,watts_strogatz,10,kNN+coordinate,3,24,8,operator_refine,0.6320811941638851,0.7233829638926479,,,,-0.5541947255583459,,,,2.0
watts_strogatz_n10_s12926194,watts_strogatz,10,kNN+coordinate,3,24,9,operator_refine,0.6675651641932991,0.7233829638926479,,,,0.5157509957202975,,,,3.0
watts_strogatz_n10_s12926194,watts_strogatz,10,kNN+coordinate,3,24,10,operator_refine,0.7245999239100387,0.7245999239100387,,,,-0.5157509957202975,,,,3.0
watts_strogatz_n10_s12926194,watts_strogatz,10,kNN+coordinate,3,24,11,operator_refine,0.6722970357764706,0.7245999239100387,,,,0.48333775348893615,,,,4.0
watts_strogatz_n10_s12926194,watts_strogatz,10,kNN+coordinate,3,24,12,operator_refine,0.7113693516867774,0.7245999239100387,,,,-0.48333775348893615,,,,4.0
watts_strogatz_n10_s12926194,watts_strogatz,10,kNN+coordinate,3,24,13,operator_refine,0.6968677408426673,0.7245999239100387,,,,0.4569219820653508,,,,5.0
watts_strogatz_n10_s12926194,watts_strogatz,10,kNN+coordinate,3,24,14,operator_refine,0.6692224241527371,0.7245999239100387,,,,-0.4569219820653508,,,,5.0
watts_strogatz_n10_s12926194,watts_strogatz,10,kNN+coordinate,3,24,15,operator_refine,0.7431508430268373,0.7431508430268373,,,,0.33325590485998297,,,,0.0
watts_strogatz_n10_s12926194,watts_strogatz,10,kNN+coordinate,3,24,16,operator_refine,0.548562107297441,0.7431508430268373,,,,0.3098297959261855,,,,1.0
watts_strogatz_n10_s12926194,watts_strogatz,10,kNN+coordinate,3,24,17,operator_refine,0.7604789784473417,0.7604789784473417,,,,-0.3098297959261855,,,,1.0
watts_strogatz_n10_s12926194,watts_strogatz,10,kNN+coordinate,3,24,18,operator_refine,0.7399683911869992,0.7604789784473417,,,,0.3048070990570903,,,,2.0
watts_strogatz_n10_s12926194,watts_strogatz,10,kNN+coordinate,3,24,19,operator_refine,0.7092781335721194,0.7604789784473417,,,,-0.3048070990570903,,,,2.0
watts_strogatz_n10_s12926194,watts_strogatz,10,kNN+coordinate,3,24,20,operator_refine,0.7287401385217394,0.7604789784473417,,,,0.2836630476461636,,,,3.0
watts_strogatz_n10_s12926194,watts_strogatz,10,kNN+coordinate,3,24,21,operator_refine,0.752150880972748,0.7604789784473417,,,,-0.2836630476461636,,,,3.0
watts_strogatz_n10_s12926194,watts_strogatz,10,kNN+coordinate,3,24,22,operator_refine,0.7699403720647701,0.7699403720647701,,,,0.2658357644189149,,,,4.0
watts_strogatz_n10_s12926194,watts_strogatz,10,kNN+coordinate,3,24,23,operator_refine,0.7381342418665273,0.7699403720647701,,,,0.25130709013594293,,,,5.0
watts_strogatz_n10_s12926194,watts_strogatz,10,kNN+coordinate,3,24,24,operator_refine,0.7419193592381037,0.7699403720647701,,,,-0.25130709013594293,,,,5.0
watts_strogatz_n10_s12926194,watts_strogatz,10,OST diagonal,3,24,1,anchor:tqa,0.6438227489615347,0.6438227489615347,,,,0.0,,,,-1.0
watts_strogatz_n10_s12926194,watts_strogatz,10,OST diagonal,3,24,2,anchor:operator_mean,0.67201568760405,0.67201568760405,,,,0.0,,,,-1.0
watts_strogatz_n10_s12926194,watts_strogatz,10,OST diagonal,3,24,3,anchor:nearest_operator_neighbor,0.777166826572909,0.777166826572909,,,,0.0,,,,-1.0
watts_strogatz_n10_s12926194,watts_strogatz,10,OST diagonal,3,24,4,anchor:global,0.6249999999999999,0.777166826572909,,,,0.0,,,,-1.0
watts_strogatz_n10_s12926194,watts_strogatz,10,OST diagonal,3,24,5,operator_refine,0.6871527739354273,0.777166826572909,,,,0.5857046436252175,,,,0.0
watts_strogatz_n10_s12926194,watts_strogatz,10,OST diagonal,3,24,6,operator_refine,0.6556615294523191,0.777166826572909,,,,-0.5857046436252175,,,,0.0
watts_strogatz_n10_s12926194,watts_strogatz,10,OST diagonal,3,24,7,operator_refine,0.6062654046760729,0.777166826572909,,,,0.5380539202769105,,,,1.0
watts_strogatz_n10_s12926194,watts_strogatz,10,OST diagonal,3,24,8,operator_refine,0.474971971315292,0.777166826572909,,,,-0.5380539202769105,,,,1.0
watts_strogatz_n10_s12926194,watts_strogatz,10,OST diagonal,3,24,9,operator_refine,0.7139741131020456,0.777166826572909,,,,0.5341155261666498,,,,2.0
watts_strogatz_n10_s12926194,watts_strogatz,10,OST diagonal,3,24,10,operator_refine,0.7706022297090676,0.777166826572909,,,,-0.5341155261666498,,,,2.0
watts_strogatz_n10_s12926194,watts_strogatz,10,OST diagonal,3,24,11,operator_refine,0.6869843929102075,0.777166826572909,,,,0.4888836773160396,,,,3.0
watts_strogatz_n10_s12926194,watts_strogatz,10,OST diagonal,3,24,12,operator_refine,0.7597458941183803,0.777166826572909,,,,-0.4888836773160396,,,,3.0
watts_strogatz_n10_s12926194,watts_strogatz,10,OST diagonal,3,24,13,operator_refine,0.7700100840305077,0.777166826572909,,,,0.4586963255120222,,,,4.0
watts_strogatz_n10_s12926194,watts_strogatz,10,OST diagonal,3,24,14,operator_refine,0.7503986798937831,0.777166826572909,,,,-0.4586963255120222,,,,4.0
watts_strogatz_n10_s12926194,watts_strogatz,10,OST diagonal,3,24,15,operator_refine,0.734179592782813,0.777166826572909,,,,0.42750331581631446,,,,5.0
watts_strogatz_n10_s12926194,watts_strogatz,10,OST diagonal,3,24,16,operator_refine,0.7080688469219047,0.777166826572909,,,,-0.42750331581631446,,,,5.0
watts_strogatz_n10_s12926194,watts_strogatz,10,OST diagonal,3,24,17,operator_refine,0.7323482744312783,0.777166826572909,,,,0.3221375539938696,,,,0.0
watts_strogatz_n10_s12926194,watts_strogatz,10,OST diagonal,3,24,18,operator_refine,0.7220998347594052,0.777166826572909,,,,-0.3221375539938696,,,,0.0
watts_strogatz_n10_s12926194,watts_strogatz,10,OST diagonal,3,24,19,operator_refine,0.65317577143198,0.777166826572909,,,,0.29592965615230077,,,,1.0
watts_strogatz_n10_s12926194,watts_strogatz,10,OST diagonal,3,24,20,operator_refine,0.6569342804971361,0.777166826572909,,,,-0.29592965615230077,,,,1.0
watts_strogatz_n10_s12926194,watts_strogatz,10,OST diagonal,3,24,21,operator_refine,0.7532318590250082,0.777166826572909,,,,0.29376353939165745,,,,2.0
watts_strogatz_n10_s12926194,watts_strogatz,10,OST diagonal,3,24,22,operator_refine,0.7478269033663966,0.777166826572909,,,,0.2688860225238218,,,,3.0
watts_strogatz_n10_s12926194,watts_strogatz,10,OST diagonal,3,24,23,operator_refine,0.7799856469144304,0.7799856469144304,,,,0.25228297903161223,,,,4.0
watts_strogatz_n10_s12926194,watts_strogatz,10,OST diagonal,3,24,24,operator_refine,0.7445770948593881,0.7799856469144304,,,,0.23512682369897298,,,,5.0
watts_strogatz_n10_s12926194,watts_strogatz,10,OST-QAOA,3,24,1,anchor:tqa,0.6438227489615347,0.6438227489615347,,,,0.0,,,,-1.0
watts_strogatz_n10_s12926194,watts_strogatz,10,OST-QAOA,3,24,2,anchor:operator_mean,0.67201568760405,0.67201568760405,,,,0.0,,,,-1.0
watts_strogatz_n10_s12926194,watts_strogatz,10,OST-QAOA,3,24,3,anchor:nearest_operator_neighbor,0.777166826572909,0.777166826572909,,,,0.0,,,,-1.0
watts_strogatz_n10_s12926194,watts_strogatz,10,OST-QAOA,3,24,4,anchor:global,0.6249999999999999,0.777166826572909,,,,0.0,,,,-1.0
watts_strogatz_n10_s12926194,watts_strogatz,10,OST-QAOA,3,24,5,operator_refine,0.6141533882089834,0.777166826572909,,,,0.8039071524116281,,,,0.0
watts_strogatz_n10_s12926194,watts_strogatz,10,OST-QAOA,3,24,6,operator_refine,0.6468104869153175,0.777166826572909,,,,-0.8039071524116281,,,,0.0
watts_strogatz_n10_s12926194,watts_strogatz,10,OST-QAOA,3,24,7,operator_refine,0.5699860543021624,0.777166826572909,,,,0.6900401681052505,,,,1.0
watts_strogatz_n10_s12926194,watts_strogatz,10,OST-QAOA,3,24,8,operator_refine,0.6835949248169162,0.777166826572909,,,,-0.6900401681052505,,,,1.0
watts_strogatz_n10_s12926194,watts_strogatz,10,OST-QAOA,3,24,9,operator_refine,0.7011135501254089,0.777166826572909,,,,0.429481604936927,,,,2.0
watts_strogatz_n10_s12926194,watts_strogatz,10,OST-QAOA,3,24,10,operator_refine,0.7038102199260539,0.777166826572909,,,,-0.429481604936927,,,,2.0
watts_strogatz_n10_s12926194,watts_strogatz,10,OST-QAOA,3,24,11,operator_refine,0.7511548466159984,0.777166826572909,,,,0.3313144574301263,,,,3.0
watts_strogatz_n10_s12926194,watts_strogatz,10,OST-QAOA,3,24,12,operator_refine,0.7469480256061863,0.777166826572909,,,,-0.3313144574301263,,,,3.0
watts_strogatz_n10_s12926194,watts_strogatz,10,OST-QAOA,3,24,13,operator_refine,0.7533311862756282,0.777166826572909,,,,0.315247580093325,,,,4.0
watts_strogatz_n10_s12926194,watts_strogatz,10,OST-QAOA,3,24,14,operator_refine,0.712913720010562,0.777166826572909,,,,-0.315247580093325,,,,4.0
watts_strogatz_n10_s12926194,watts_strogatz,10,OST-QAOA,3,24,15,operator_refine,0.7661627533824678,0.777166826572909,,,,0.18431793528192147,,,,5.0
watts_strogatz_n10_s12926194,watts_strogatz,10,OST-QAOA,3,24,16,operator_refine,0.7548972175413472,0.777166826572909,,,,-0.18431793528192147,,,,5.0
watts_strogatz_n10_s12926194,watts_strogatz,10,OST-QAOA,3,24,17,operator_refine,0.6705079199053563,0.777166826572909,,,,0.44214893382639553,,,,0.0
watts_strogatz_n10_s12926194,watts_strogatz,10,OST-QAOA,3,24,18,operator_refine,0.6555098705795127,0.777166826572909,,,,-0.44214893382639553,,,,0.0
watts_strogatz_n10_s12926194,watts_strogatz,10,OST-QAOA,3,24,19,operator_refine,0.6763839195984181,0.777166826572909,,,,0.3795220924578878,,,,1.0
watts_strogatz_n10_s12926194,watts_strogatz,10,OST-QAOA,3,24,20,operator_refine,0.7391628822712315,0.777166826572909,,,,-0.3795220924578878,,,,1.0
watts_strogatz_n10_s12926194,watts_strogatz,10,OST-QAOA,3,24,21,operator_refine,0.7474393620571511,0.777166826572909,,,,0.23621488271530985,,,,2.0
watts_strogatz_n10_s12926194,watts_strogatz,10,OST-QAOA,3,24,22,operator_refine,0.7482082639963183,0.777166826572909,,,,-0.23621488271530985,,,,2.0
watts_strogatz_n10_s12926194,watts_strogatz,10,OST-QAOA,3,24,23,operator_refine,0.7690599080588392,0.777166826572909,,,,0.18222295158656945,,,,3.0
watts_strogatz_n10_s12926194,watts_strogatz,10,OST-QAOA,3,24,24,operator_refine,0.7667444520567721,0.777166826572909,,,,-0.18222295158656945,,,,3.0
watts_strogatz_n8_s1506645356,watts_strogatz,8,Random,3,24,1,random,0.6925595480166681,0.6925595480166681,,,,,,,,
watts_strogatz_n8_s1506645356,watts_strogatz,8,Random,3,24,2,random,0.6556250000750775,0.6925595480166681,,,,,,,,
watts_strogatz_n8_s1506645356,watts_strogatz,8,Random,3,24,3,random,0.5933673185031662,0.6925595480166681,,,,,,,,
watts_strogatz_n8_s1506645356,watts_strogatz,8,Random,3,24,4,random,0.48920589841593093,0.6925595480166681,,,,,,,,
watts_strogatz_n8_s1506645356,watts_strogatz,8,Random,3,24,5,random,0.6749194473634649,0.6925595480166681,,,,,,,,
watts_strogatz_n8_s1506645356,watts_strogatz,8,Random,3,24,6,random,0.7053193752932784,0.7053193752932784,,,,,,,,
watts_strogatz_n8_s1506645356,watts_strogatz,8,Random,3,24,7,random,0.6578934327725613,0.7053193752932784,,,,,,,,
watts_strogatz_n8_s1506645356,watts_strogatz,8,Random,3,24,8,random,0.5917877064491605,0.7053193752932784,,,,,,,,
watts_strogatz_n8_s1506645356,watts_strogatz,8,Random,3,24,9,random,0.626385589739136,0.7053193752932784,,,,,,,,
watts_strogatz_n8_s1506645356,watts_strogatz,8,Random,3,24,10,random,0.6733659123031831,0.7053193752932784,,,,,,,,
watts_strogatz_n8_s1506645356,watts_strogatz,8,Random,3,24,11,random,0.6482893559888577,0.7053193752932784,,,,,,,,
watts_strogatz_n8_s1506645356,watts_strogatz,8,Random,3,24,12,random,0.5660872580314952,0.7053193752932784,,,,,,,,
watts_strogatz_n8_s1506645356,watts_strogatz,8,Random,3,24,13,random,0.35520357486139026,0.7053193752932784,,,,,,,,
watts_strogatz_n8_s1506645356,watts_strogatz,8,Random,3,24,14,random,0.6564969303126654,0.7053193752932784,,,,,,,,
watts_strogatz_n8_s1506645356,watts_strogatz,8,Random,3,24,15,random,0.6686986778242985,0.7053193752932784,,,,,,,,
watts_strogatz_n8_s1506645356,watts_strogatz,8,Random,3,24,16,random,0.663758141439094,0.7053193752932784,,,,,,,,
watts_strogatz_n8_s1506645356,watts_strogatz,8,Random,3,24,17,random,0.5752504447730221,0.7053193752932784,,,,,,,,
watts_strogatz_n8_s1506645356,watts_strogatz,8,Random,3,24,18,random,0.6435423399535317,0.7053193752932784,,,,,,,,
watts_strogatz_n8_s1506645356,watts_strogatz,8,Random,3,24,19,random,0.751386765433681,0.751386765433681,,,,,,,,
watts_strogatz_n8_s1506645356,watts_strogatz,8,Random,3,24,20,random,0.6917791438025982,0.751386765433681,,,,,,,,
watts_strogatz_n8_s1506645356,watts_strogatz,8,Random,3,24,21,random,0.6243436680243457,0.751386765433681,,,,,,,,
watts_strogatz_n8_s1506645356,watts_strogatz,8,Random,3,24,22,random,0.6266020847394653,0.751386765433681,,,,,,,,
watts_strogatz_n8_s1506645356,watts_strogatz,8,Random,3,24,23,random,0.5878077874655615,0.751386765433681,,,,,,,,
watts_strogatz_n8_s1506645356,watts_strogatz,8,Random,3,24,24,random,0.5543848723091468,0.751386765433681,,,,,,,,
watts_strogatz_n8_s1506645356,watts_strogatz,8,TQA,3,24,1,anchor:tqa,0.6358961875212951,0.6358961875212951,"[0.7853981633974483, 1.5707963267948966, 2.356194490192345, 2.356194490192345, 1.5707963267948966, 0.7853981633974483]",,,,,"[0.7853981633974483, 1.5707963267948966, 2.356194490192345, 2.356194490192345, 1.5707963267948966, 0.7853981633974483]",4.825708000002038,
watts_strogatz_n8_s1506645356,watts_strogatz,8,TQA+coordinate,3,24,1,anchor:tqa,0.6358961875212951,0.6358961875212951,"[0.7853981633974483, 1.5707963267948966, 2.356194490192345, 2.356194490192345, 1.5707963267948966, 0.7853981633974483]",,,,,"[0.7853981633974483, 1.5707963267948966, 2.356194490192345, 2.356194490192345, 1.5707963267948966, 0.7853981633974483]",4.813541000000754,
watts_strogatz_n8_s1506645356,watts_strogatz,8,TQA+coordinate,3,24,2,coordinate_refine,0.6712343084639446,0.6712343084639446,"[1.2853981633974483, 1.5707963267948966, 2.356194490192345, 2.356194490192345, 1.5707963267948966, 0.7853981633974483]",0,1,0.5,1.0,"[1.2853981633974483, 1.5707963267948966, 2.356194490192345, 2.356194490192345, 1.5707963267948966, 0.7853981633974483]",4.421707999998858,
watts_strogatz_n8_s1506645356,watts_strogatz,8,TQA+coordinate,3,24,3,coordinate_refine,0.660204253312775,0.6712343084639446,"[1.7853981633974483, 1.5707963267948966, 2.356194490192345, 2.356194490192345, 1.5707963267948966, 0.7853981633974483]",0,1,0.5,1.0,"[1.2853981633974483, 1.5707963267948966, 2.356194490192345, 2.356194490192345, 1.5707963267948966, 0.7853981633974483]",4.159957999998909,
watts_strogatz_n8_s1506645356,watts_strogatz,8,TQA+coordinate,3,24,4,coordinate_refine,0.6358961875212951,0.6712343084639446,"[0.7853981633974483, 1.5707963267948966, 2.356194490192345, 2.356194490192345, 1.5707963267948966, 0.7853981633974483]",0,-1,0.5,1.0,"[1.2853981633974483, 1.5707963267948966, 2.356194490192345, 2.356194490192345, 1.5707963267948966, 0.7853981633974483]",4.060041999998987,
watts_strogatz_n8_s1506645356,watts_strogatz,8,TQA+coordinate,3,24,5,coordinate_refine,0.6463701954469764,0.6712343084639446,"[1.2853981633974483, 2.0707963267948966, 2.356194490192345, 2.356194490192345, 1.5707963267948966, 0.7853981633974483]",1,1,0.5,1.0,"[1.2853981633974483, 1.5707963267948966, 2.356194490192345, 2.356194490192345, 1.5707963267948966, 0.7853981633974483]",4.137249999999426,
watts_strogatz_n8_s1506645356,watts_strogatz,8,TQA+coordinate,3,24,6,coordinate_refine,0.6665152762133475,0.6712343084639446,"[1.2853981633974483, 1.0707963267948966, 2.356194490192345, 2.356194490192345, 1.5707963267948966, 0.7853981633974483]",1,-1,0.5,1.0,"[1.2853981633974483, 1.5707963267948966, 2.356194490192345, 2.356194490192345, 1.5707963267948966, 0.7853981633974483]",4.11795899999845,
watts_strogatz_n8_s1506645356,watts_strogatz,8,TQA+coordinate,3,24,7,coordinate_refine,0.6463701954469764,0.6712343084639446,"[1.2853981633974483, 1.5707963267948966, 2.856194490192345, 2.356194490192345, 1.5707963267948966, 0.7853981633974483]",2,1,0.5,1.0,"[1.2853981633974483, 1.5707963267948966, 2.356194490192345, 2.356194490192345, 1.5707963267948966, 0.7853981633974483]",4.132459000000921,
watts_strogatz_n8_s1506645356,watts_strogatz,8,TQA+coordinate,3,24,8,coordinate_refine,0.6665152762133472,0.6712343084639446,"[1.2853981633974483, 1.5707963267948966, 1.8561944901923448, 2.356194490192345, 1.5707963267948966, 0.7853981633974483]",2,-1,0.5,1.0,"[1.2853981633974483, 1.5707963267948966, 2.356194490192345, 2.356194490192345, 1.5707963267948966, 0.7853981633974483]",4.674249999997215,
watts_strogatz_n8_s1506645356,watts_strogatz,8,TQA+coordinate,3,24,9,coordinate_refine,0.6587286803009336,0.6712343084639446,"[1.2853981633974483, 1.5707963267948966, 2.356194490192345, 2.856194490192345, 1.5707963267948966, 0.7853981633974483]",3,1,0.5,1.0,"[1.2853981633974483, 1.5707963267948966, 2.356194490192345, 2.356194490192345, 1.5707963267948966, 0.7853981633974483]",4.6591669999997976,
watts_strogatz_n8_s1506645356,watts_strogatz,8,TQA+coordinate,3,24,10,coordinate_refine,0.669286925996985,0.6712343084639446,"[1.2853981633974483, 1.5707963267948966, 2.356194490192345, 1.8561944901923448, 1.5707963267948966, 0.7853981633974483]",3,-1,0.5,1.0,"[1.2853981633974483, 1.5707963267948966, 2.356194490192345, 2.356194490192345, 1.5707963267948966, 0.7853981633974483]",4.829958999998496,
watts_strogatz_n8_s1506645356,watts_strogatz,8,TQA+coordinate,3,24,11,coordinate_refine,0.6629095565460105,0.6712343084639446,"[1.2853981633974483, 1.5707963267948966, 2.356194490192345, 2.356194490192345, 2.0707963267948966, 0.7853981633974483]",4,1,0.5,1.0,"[1.2853981633974483, 1.5707963267948966, 2.356194490192345, 2.356194490192345, 1.5707963267948966, 0.7853981633974483]",4.763999999997992,
watts_strogatz_n8_s1506645356,watts_strogatz,8,TQA+coordinate,3,24,12,coordinate_refine,0.6692786706189624,0.6712343084639446,"[1.2853981633974483, 1.5707963267948966, 2.356194490192345, 2.356194490192345, 1.0707963267948966, 0.7853981633974483]",4,-1,0.5,1.0,"[1.2853981633974483, 1.5707963267948966, 2.356194490192345, 2.356194490192345, 1.5707963267948966, 0.7853981633974483]",4.826916000002512,
watts_strogatz_n8_s1506645356,watts_strogatz,8,TQA+coordinate,3,24,13,coordinate_refine,0.6656683581411306,0.6712343084639446,"[1.2853981633974483, 1.5707963267948966, 2.356194490192345, 2.356194490192345, 1.5707963267948966, 1.2853981633974483]",5,1,0.5,1.0,"[1.2853981633974483, 1.5707963267948966, 2.356194490192345, 2.356194490192345, 1.5707963267948966, 0.7853981633974483]",4.8740420000008555,
watts_strogatz_n8_s1506645356,watts_strogatz,8,TQA+coordinate,3,24,14,coordinate_refine,0.6628929336149646,0.6712343084639446,"[1.2853981633974483, 1.5707963267948966, 2.356194490192345, 2.356194490192345, 1.5707963267948966, 0.2853981633974483]",5,-1,0.5,1.0,"[1.2853981633974483, 1.5707963267948966, 2.356194490192345, 2.356194490192345, 1.5707963267948966, 0.7853981633974483]",4.661834000000198,
watts_strogatz_n8_s1506645356,watts_strogatz,8,TQA+coordinate,3,24,15,coordinate_refine,0.6572265214517344,0.6712343084639446,"[1.5353981633974483, 1.5707963267948966, 2.356194490192345, 2.356194490192345, 1.5707963267948966, 0.7853981633974483]",0,1,0.25,0.5,"[1.2853981633974483, 1.5707963267948966, 2.356194490192345, 2.356194490192345, 1.5707963267948966, 0.7853981633974483]",4.813542000000837,
watts_strogatz_n8_s1506645356,watts_strogatz,8,TQA+coordinate,3,24,16,coordinate_refine,0.6611465376007918,0.6712343084639446,"[1.0353981633974483, 1.5707963267948966, 2.356194490192345, 2.356194490192345, 1.5707963267948966, 0.7853981633974483]",0,-1,0.25,0.5,"[1.2853981633974483, 1.5707963267948966, 2.356194490192345, 2.356194490192345, 1.5707963267948966, 0.7853981633974483]",4.912541999999576,
watts_strogatz_n8_s1506645356,watts_strogatz,8,TQA+coordinate,3,24,17,coordinate_refine,0.6552203873334772,0.6712343084639446,"[1.2853981633974483, 1.8207963267948966, 2.356194490192345, 2.356194490192345, 1.5707963267948966, 0.7853981633974483]",1,1,0.25,0.5,"[1.2853981633974483, 1.5707963267948966, 2.356194490192345, 2.356194490192345, 1.5707963267948966, 0.7853981633974483]",4.904083000003112,
watts_strogatz_n8_s1506645356,watts_strogatz,8,TQA+coordinate,3,24,18,coordinate_refine,0.6729406912842514,0.6729406912842514,"[1.2853981633974483, 1.3207963267948966, 2.356194490192345, 2.356194490192345, 1.5707963267948966, 0.7853981633974483]",1,-1,0.25,0.5,"[1.2853981633974483, 1.3207963267948966, 2.356194490192345, 2.356194490192345, 1.5707963267948966, 0.7853981633974483]",4.757749999999561,
watts_strogatz_n8_s1506645356,watts_strogatz,8,TQA+coordinate,3,24,19,coordinate_refine,0.6619673931175504,0.6729406912842514,"[1.5353981633974483, 1.3207963267948966, 2.356194490192345, 2.356194490192345, 1.5707963267948966, 0.7853981633974483]",0,1,0.25,0.5,"[1.2853981633974483, 1.3207963267948966, 2.356194490192345, 2.356194490192345, 1.5707963267948966, 0.7853981633974483]",4.943291000000016,
watts_strogatz_n8_s1506645356,watts_strogatz,8,TQA+coordinate,3,24,20,coordinate_refine,0.6566155143466396,0.6729406912842514,"[1.0353981633974483, 1.3207963267948966, 2.356194490192345, 2.356194490192345, 1.5707963267948966, 0.7853981633974483]",0,-1,0.25,0.5,"[1.2853981633974483, 1.3207963267948966, 2.356194490192345, 2.356194490192345, 1.5707963267948966, 0.7853981633974483]",4.653457999999944,
watts_strogatz_n8_s1506645356,watts_strogatz,8,TQA+coordinate,3,24,21,coordinate_refine,0.6712343084639446,0.6729406912842514,"[1.2853981633974483, 1.5707963267948966, 2.356194490192345, 2.356194490192345, 1.5707963267948966, 0.7853981633974483]",1,1,0.25,0.5,"[1.2853981633974483, 1.3207963267948966, 2.356194490192345, 2.356194490192345, 1.5707963267948966, 0.7853981633974483]",4.800333999998685,
watts_strogatz_n8_s1506645356,watts_strogatz,8,TQA+coordinate,3,24,22,coordinate_refine,0.6665152762133475,0.6729406912842514,"[1.2853981633974483, 1.0707963267948966, 2.356194490192345, 2.356194490192345, 1.5707963267948966, 0.7853981633974483]",1,-1,0.25,0.5,"[1.2853981633974483, 1.3207963267948966, 2.356194490192345, 2.356194490192345, 1.5707963267948966, 0.7853981633974483]",4.7362500000005525,
watts_strogatz_n8_s1506645356,watts_strogatz,8,TQA+coordinate,3,24,23,coordinate_refine,0.6712343084639446,0.6729406912842514,"[1.2853981633974483, 1.3207963267948966, 2.606194490192345, 2.356194490192345, 1.5707963267948966, 0.7853981633974483]",2,1,0.25,0.5,"[1.2853981633974483, 1.3207963267948966, 2.356194490192345, 2.356194490192345, 1.5707963267948966, 0.7853981633974483]",4.769040999999419,
watts_strogatz_n8_s1506645356,watts_strogatz,8,TQA+coordinate,3,24,24,coordinate_refine,0.6665152762133474,0.6729406912842514,"[1.2853981633974483, 1.3207963267948966, 2.106194490192345, 2.356194490192345, 1.5707963267948966, 0.7853981633974483]",2,-1,0.25,0.5,"[1.2853981633974483, 1.3207963267948966, 2.356194490192345, 2.356194490192345, 1.5707963267948966, 0.7853981633974483]",4.738291999998978,
watts_strogatz_n8_s1506645356,watts_strogatz,8,kNN+coordinate,3,24,1,anchor:tqa,0.6358961875212951,0.6358961875212951,,,,0.0,,,,-1.0
watts_strogatz_n8_s1506645356,watts_strogatz,8,kNN+coordinate,3,24,2,anchor:knn_mean,0.7129602286551989,0.7129602286551989,,,,0.0,,,,-1.0
watts_strogatz_n8_s1506645356,watts_strogatz,8,kNN+coordinate,3,24,3,anchor:global,0.6666666666666666,0.7129602286551989,,,,0.0,,,,-1.0
watts_strogatz_n8_s1506645356,watts_strogatz,8,kNN+coordinate,3,24,4,operator_refine,0.6207361509330572,0.7129602286551989,,,,0.594404764207079,,,,0.0
watts_strogatz_n8_s1506645356,watts_strogatz,8,kNN+coordinate,3,24,5,operator_refine,0.7000624254769022,0.7129602286551989,,,,-0.594404764207079,,,,0.0
watts_strogatz_n8_s1506645356,watts_strogatz,8,kNN+coordinate,3,24,6,operator_refine,0.5787236443389164,0.7129602286551989,,,,0.5910994618195033,,,,1.0
watts_strogatz_n8_s1506645356,watts_strogatz,8,kNN+coordinate,3,24,7,operator_refine,0.7159105301706346,0.7159105301706346,,,,-0.5910994618195033,,,,1.0
watts_strogatz_n8_s1506645356,watts_strogatz,8,kNN+coordinate,3,24,8,operator_refine,0.6753987434891778,0.7159105301706346,,,,0.5288137504799238,,,,2.0
watts_strogatz_n8_s1506645356,watts_strogatz,8,kNN+coordinate,3,24,9,operator_refine,0.7046834436533379,0.7159105301706346,,,,-0.5288137504799238,,,,2.0
watts_strogatz_n8_s1506645356,watts_strogatz,8,kNN+coordinate,3,24,10,operator_refine,0.6819322589409372,0.7159105301706346,,,,0.5226553700990052,,,,3.0
watts_strogatz_n8_s1506645356,watts_strogatz,8,kNN+coordinate,3,24,11,operator_refine,0.6799356346973117,0.7159105301706346,,,,-0.5226553700990052,,,,3.0
watts_strogatz_n8_s1506645356,watts_strogatz,8,kNN+coordinate,3,24,12,operator_refine,0.6913918532391227,0.7159105301706346,,,,0.48805692227552144,,,,4.0
watts_strogatz_n8_s1506645356,watts_strogatz,8,kNN+coordinate,3,24,13,operator_refine,0.6641386985834167,0.7159105301706346,,,,-0.48805692227552144,,,,4.0
watts_strogatz_n8_s1506645356,watts_strogatz,8,kNN+coordinate,3,24,14,operator_refine,0.6798771690633872,0.7159105301706346,,,,0.45417202088371184,,,,5.0
watts_strogatz_n8_s1506645356,watts_strogatz,8,kNN+coordinate,3,24,15,operator_refine,0.6985349773713616,0.7159105301706346,,,,-0.45417202088371184,,,,5.0
watts_strogatz_n8_s1506645356,watts_strogatz,8,kNN+coordinate,3,24,16,operator_refine,0.6715976072070307,0.7159105301706346,,,,0.32692262031389346,,,,0.0
watts_strogatz_n8_s1506645356,watts_strogatz,8,kNN+coordinate,3,24,17,operator_refine,0.7122939361968638,0.7159105301706346,,,,-0.32692262031389346,,,,0.0
watts_strogatz_n8_s1506645356,watts_strogatz,8,kNN+coordinate,3,24,18,operator_refine,0.7787549477374981,0.7787549477374981,,,,0.3251047040007269,,,,1.0
watts_strogatz_n8_s1506645356,watts_strogatz,8,kNN+coordinate,3,24,19,operator_refine,0.7519156986265383,0.7787549477374981,,,,0.2908475627639581,,,,2.0
watts_strogatz_n8_s1506645356,watts_strogatz,8,kNN+coordinate,3,24,20,operator_refine,0.7640381522430731,0.7787549477374981,,,,-0.2908475627639581,,,,2.0
watts_strogatz_n8_s1506645356,watts_strogatz,8,kNN+coordinate,3,24,21,operator_refine,0.6976222225256223,0.7787549477374981,,,,0.2874604535544529,,,,3.0
watts_strogatz_n8_s1506645356,watts_strogatz,8,kNN+coordinate,3,24,22,operator_refine,0.8219185557629084,0.8219185557629084,,,,-0.2874604535544529,,,,3.0
watts_strogatz_n8_s1506645356,watts_strogatz,8,kNN+coordinate,3,24,23,operator_refine,0.8168006663954638,0.8219185557629084,,,,0.2684313072515368,,,,4.0
watts_strogatz_n8_s1506645356,watts_strogatz,8,kNN+coordinate,3,24,24,operator_refine,0.7511830525742272,0.8219185557629084,,,,-0.2684313072515368,,,,4.0
watts_strogatz_n8_s1506645356,watts_strogatz,8,OST diagonal,3,24,1,anchor:tqa,0.6358961875212951,0.6358961875212951,,,,0.0,,,,-1.0
watts_strogatz_n8_s1506645356,watts_strogatz,8,OST diagonal,3,24,2,anchor:operator_mean,0.7104435728398949,0.7104435728398949,,,,0.0,,,,-1.0
watts_strogatz_n8_s1506645356,watts_strogatz,8,OST diagonal,3,24,3,anchor:nearest_operator_neighbor,0.6679813744910534,0.7104435728398949,,,,0.0,,,,-1.0
watts_strogatz_n8_s1506645356,watts_strogatz,8,OST diagonal,3,24,4,anchor:global,0.6666666666666666,0.7104435728398949,,,,0.0,,,,-1.0
watts_strogatz_n8_s1506645356,watts_strogatz,8,OST diagonal,3,24,5,operator_refine,0.676731740399458,0.7104435728398949,,,,0.5742277422490233,,,,0.0
watts_strogatz_n8_s1506645356,watts_strogatz,8,OST diagonal,3,24,6,operator_refine,0.7023185698504394,0.7104435728398949,,,,-0.5742277422490233,,,,0.0
watts_strogatz_n8_s1506645356,watts_strogatz,8,OST diagonal,3,24,7,operator_refine,0.6475332611383736,0.7104435728398949,,,,0.5693737856508333,,,,1.0
watts_strogatz_n8_s1506645356,watts_strogatz,8,OST diagonal,3,24,8,operator_refine,0.6649479120575444,0.7104435728398949,,,,-0.5693737856508333,,,,1.0
watts_strogatz_n8_s1506645356,watts_strogatz,8,OST diagonal,3,24,9,operator_refine,0.6856790557956517,0.7104435728398949,,,,0.5020665689082684,,,,2.0
watts_strogatz_n8_s1506645356,watts_strogatz,8,OST diagonal,3,24,10,operator_refine,0.6926640349798662,0.7104435728398949,,,,-0.5020665689082684,,,,2.0
watts_strogatz_n8_s1506645356,watts_strogatz,8,OST diagonal,3,24,11,operator_refine,0.6649513722735643,0.7104435728398949,,,,0.49842360292149696,,,,3.0
watts_strogatz_n8_s1506645356,watts_strogatz,8,OST diagonal,3,24,12,operator_refine,0.7958802903203664,0.7958802903203664,,,,-0.49842360292149696,,,,3.0
watts_strogatz_n8_s1506645356,watts_strogatz,8,OST diagonal,3,24,13,operator_refine,0.6924679473260076,0.7958802903203664,,,,0.4636478788452396,,,,4.0
watts_strogatz_n8_s1506645356,watts_strogatz,8,OST diagonal,3,24,14,operator_refine,0.6760266556824662,0.7958802903203664,,,,-0.4636478788452396,,,,4.0
watts_strogatz_n8_s1506645356,watts_strogatz,8,OST diagonal,3,24,15,operator_refine,0.7779880549533337,0.7958802903203664,,,,0.42498201035216926,,,,5.0
watts_strogatz_n8_s1506645356,watts_strogatz,8,OST diagonal,3,24,16,operator_refine,0.74654847368832,0.7958802903203664,,,,-0.42498201035216926,,,,5.0
watts_strogatz_n8_s1506645356,watts_strogatz,8,OST diagonal,3,24,17,operator_refine,0.7892373455913596,0.7958802903203664,,,,0.31582525823696284,,,,0.0
watts_strogatz_n8_s1506645356,watts_strogatz,8,OST diagonal,3,24,18,operator_refine,0.7150653342669097,0.7958802903203664,,,,-0.31582525823696284,,,,0.0
watts_strogatz_n8_s1506645356,watts_strogatz,8,OST diagonal,3,24,19,operator_refine,0.6874837581353607,0.7958802903203664,,,,0.31315558210795835,,,,1.0
watts_strogatz_n8_s1506645356,watts_strogatz,8,OST diagonal,3,24,20,operator_refine,0.7610864532027654,0.7958802903203664,,,,-0.31315558210795835,,,,1.0
watts_strogatz_n8_s1506645356,watts_strogatz,8,OST diagonal,3,24,21,operator_refine,0.7858544618869736,0.7958802903203664,,,,0.27613661289954766,,,,2.0
watts_strogatz_n8_s1506645356,watts_strogatz,8,OST diagonal,3,24,22,operator_refine,0.7575668139685972,0.7958802903203664,,,,-0.27613661289954766,,,,2.0
watts_strogatz_n8_s1506645356,watts_strogatz,8,OST diagonal,3,24,23,operator_refine,0.7990612926509121,0.7990612926509121,,,,0.27413298160682337,,,,3.0
watts_strogatz_n8_s1506645356,watts_strogatz,8,OST diagonal,3,24,24,operator_refine,0.7718651369634921,0.7990612926509121,,,,0.2550063333648818,,,,4.0
watts_strogatz_n8_s1506645356,watts_strogatz,8,OST-QAOA,3,24,1,anchor:tqa,0.6358961875212951,0.6358961875212951,,,,0.0,,,,-1.0
watts_strogatz_n8_s1506645356,watts_strogatz,8,OST-QAOA,3,24,2,anchor:operator_mean,0.7104435728398949,0.7104435728398949,,,,0.0,,,,-1.0
watts_strogatz_n8_s1506645356,watts_strogatz,8,OST-QAOA,3,24,3,anchor:nearest_operator_neighbor,0.6679813744910534,0.7104435728398949,,,,0.0,,,,-1.0
watts_strogatz_n8_s1506645356,watts_strogatz,8,OST-QAOA,3,24,4,anchor:global,0.6666666666666666,0.7104435728398949,,,,0.0,,,,-1.0
watts_strogatz_n8_s1506645356,watts_strogatz,8,OST-QAOA,3,24,5,operator_refine,0.6666269450627134,0.7104435728398949,,,,0.8295611574564712,,,,0.0
watts_strogatz_n8_s1506645356,watts_strogatz,8,OST-QAOA,3,24,6,operator_refine,0.6724830992695212,0.7104435728398949,,,,-0.8295611574564712,,,,0.0
watts_strogatz_n8_s1506645356,watts_strogatz,8,OST-QAOA,3,24,7,operator_refine,0.6549658239675636,0.7104435728398949,,,,0.6096683229887709,,,,1.0
watts_strogatz_n8_s1506645356,watts_strogatz,8,OST-QAOA,3,24,8,operator_refine,0.6801258605179553,0.7104435728398949,,,,-0.6096683229887709,,,,1.0
watts_strogatz_n8_s1506645356,watts_strogatz,8,OST-QAOA,3,24,9,operator_refine,0.7339024789128944,0.7339024789128944,,,,0.45422181542054785,,,,2.0
watts_strogatz_n8_s1506645356,watts_strogatz,8,OST-QAOA,3,24,10,operator_refine,0.7841250550429913,0.7841250550429913,,,,0.35313304784025856,,,,3.0
watts_strogatz_n8_s1506645356,watts_strogatz,8,OST-QAOA,3,24,11,operator_refine,0.7793082887404426,0.7841250550429913,,,,0.3308865027731907,,,,4.0
watts_strogatz_n8_s1506645356,watts_strogatz,8,OST-QAOA,3,24,12,operator_refine,0.7110101438896154,0.7841250550429913,,,,-0.3308865027731907,,,,4.0
watts_strogatz_n8_s1506645356,watts_strogatz,8,OST-QAOA,3,24,13,operator_refine,0.6826432315252156,0.7841250550429913,,,,0.22277014428593853,,,,5.0
watts_strogatz_n8_s1506645356,watts_strogatz,8,OST-QAOA,3,24,14,operator_refine,0.8212849704757149,0.8212849704757149,,,,-0.22277014428593853,,,,5.0
watts_strogatz_n8_s1506645356,watts_strogatz,8,OST-QAOA,3,24,15,operator_refine,0.7477672649760553,0.8212849704757149,,,,0.4562586366010592,,,,0.0
watts_strogatz_n8_s1506645356,watts_strogatz,8,OST-QAOA,3,24,16,operator_refine,0.5802262981384,0.8212849704757149,,,,-0.4562586366010592,,,,0.0
watts_strogatz_n8_s1506645356,watts_strogatz,8,OST-QAOA,3,24,17,operator_refine,0.7633585753932927,0.8212849704757149,,,,0.335317577643824,,,,1.0
watts_strogatz_n8_s1506645356,watts_strogatz,8,OST-QAOA,3,24,18,operator_refine,0.7250453744250676,0.8212849704757149,,,,-0.335317577643824,,,,1.0
watts_strogatz_n8_s1506645356,watts_strogatz,8,OST-QAOA,3,24,19,operator_refine,0.7890712478246114,0.8212849704757149,,,,0.24982199848130135,,,,2.0
watts_strogatz_n8_s1506645356,watts_strogatz,8,OST-QAOA,3,24,20,operator_refine,0.8390961079988949,0.8390961079988949,,,,-0.24982199848130135,,,,2.0
watts_strogatz_n8_s1506645356,watts_strogatz,8,OST-QAOA,3,24,21,operator_refine,0.8151810512087522,0.8390961079988949,,,,0.19422317631214223,,,,3.0
watts_strogatz_n8_s1506645356,watts_strogatz,8,OST-QAOA,3,24,22,operator_refine,0.8071874650917547,0.8390961079988949,,,,-0.19422317631214223,,,,3.0
watts_strogatz_n8_s1506645356,watts_strogatz,8,OST-QAOA,3,24,23,operator_refine,0.8424889132089547,0.8424889132089547,,,,0.1819875765252549,,,,4.0
watts_strogatz_n8_s1506645356,watts_strogatz,8,OST-QAOA,3,24,24,operator_refine,0.8211392903309281,0.8424889132089547,,,,0.1225235793572662,,,,5.0
barabasi_albert_n10_s1613936353,barabasi_albert,10,Random,3,24,1,random,0.6224148263846276,0.6224148263846276,,,,,,,,
barabasi_albert_n10_s1613936353,barabasi_albert,10,Random,3,24,2,random,0.610720913697856,0.6224148263846276,,,,,,,,
barabasi_albert_n10_s1613936353,barabasi_albert,10,Random,3,24,3,random,0.6167026957193733,0.6224148263846276,,,,,,,,
barabasi_albert_n10_s1613936353,barabasi_albert,10,Random,3,24,4,random,0.566769078755695,0.6224148263846276,,,,,,,,
barabasi_albert_n10_s1613936353,barabasi_albert,10,Random,3,24,5,random,0.5438058655906786,0.6224148263846276,,,,,,,,
barabasi_albert_n10_s1613936353,barabasi_albert,10,Random,3,24,6,random,0.6435016320422837,0.6435016320422837,,,,,,,,
barabasi_albert_n10_s1613936353,barabasi_albert,10,Random,3,24,7,random,0.6193706337831054,0.6435016320422837,,,,,,,,
barabasi_albert_n10_s1613936353,barabasi_albert,10,Random,3,24,8,random,0.6374850856271354,0.6435016320422837,,,,,,,,
barabasi_albert_n10_s1613936353,barabasi_albert,10,Random,3,24,9,random,0.5947634385485863,0.6435016320422837,,,,,,,,
barabasi_albert_n10_s1613936353,barabasi_albert,10,Random,3,24,10,random,0.6364339618478494,0.6435016320422837,,,,,,,,
barabasi_albert_n10_s1613936353,barabasi_albert,10,Random,3,24,11,random,0.5716639660521771,0.6435016320422837,,,,,,,,
barabasi_albert_n10_s1613936353,barabasi_albert,10,Random,3,24,12,random,0.6008162970614068,0.6435016320422837,,,,,,,,
barabasi_albert_n10_s1613936353,barabasi_albert,10,Random,3,24,13,random,0.566523472224759,0.6435016320422837,,,,,,,,
barabasi_albert_n10_s1613936353,barabasi_albert,10,Random,3,24,14,random,0.6697700323295256,0.6697700323295256,,,,,,,,
barabasi_albert_n10_s1613936353,barabasi_albert,10,Random,3,24,15,random,0.5775990907893461,0.6697700323295256,,,,,,,,
barabasi_albert_n10_s1613936353,barabasi_albert,10,Random,3,24,16,random,0.5928756493026625,0.6697700323295256,,,,,,,,
barabasi_albert_n10_s1613936353,barabasi_albert,10,Random,3,24,17,random,0.607433444888665,0.6697700323295256,,,,,,,,
barabasi_albert_n10_s1613936353,barabasi_albert,10,Random,3,24,18,random,0.6573182300124862,0.6697700323295256,,,,,,,,
barabasi_albert_n10_s1613936353,barabasi_albert,10,Random,3,24,19,random,0.61661890269143,0.6697700323295256,,,,,,,,
barabasi_albert_n10_s1613936353,barabasi_albert,10,Random,3,24,20,random,0.6135585847245223,0.6697700323295256,,,,,,,,
barabasi_albert_n10_s1613936353,barabasi_albert,10,Random,3,24,21,random,0.5502769354789872,0.6697700323295256,,,,,,,,
barabasi_albert_n10_s1613936353,barabasi_albert,10,Random,3,24,22,random,0.5416419934373526,0.6697700323295256,,,,,,,,
barabasi_albert_n10_s1613936353,barabasi_albert,10,Random,3,24,23,random,0.5987192347731495,0.6697700323295256,,,,,,,,
barabasi_albert_n10_s1613936353,barabasi_albert,10,Random,3,24,24,random,0.6025614035000494,0.6697700323295256,,,,,,,,
barabasi_albert_n10_s1613936353,barabasi_albert,10,TQA,3,24,1,anchor:tqa,0.6264224815852663,0.6264224815852663,"[0.7853981633974483, 1.5707963267948966, 2.356194490192345, 2.356194490192345, 1.5707963267948966, 0.7853981633974483]",,,,,"[0.7853981633974483, 1.5707963267948966, 2.356194490192345, 2.356194490192345, 1.5707963267948966, 0.7853981633974483]",14.865415999999243,
barabasi_albert_n10_s1613936353,barabasi_albert,10,TQA+coordinate,3,24,1,anchor:tqa,0.6264224815852663,0.6264224815852663,"[0.7853981633974483, 1.5707963267948966, 2.356194490192345, 2.356194490192345, 1.5707963267948966, 0.7853981633974483]",,,,,"[0.7853981633974483, 1.5707963267948966, 2.356194490192345, 2.356194490192345, 1.5707963267948966, 0.7853981633974483]",14.63600000000298,
barabasi_albert_n10_s1613936353,barabasi_albert,10,TQA+coordinate,3,24,2,coordinate_refine,0.6201418008930311,0.6264224815852663,"[1.2853981633974483, 1.5707963267948966, 2.356194490192345, 2.356194490192345, 1.5707963267948966, 0.7853981633974483]",0,1,0.5,1.0,"[0.7853981633974483, 1.5707963267948966, 2.356194490192345, 2.356194490192345, 1.5707963267948966, 0.7853981633974483]",14.72991700000037,
barabasi_albert_n10_s1613936353,barabasi_albert,10,TQA+coordinate,3,24,3,coordinate_refine,0.6164321918564244,0.6264224815852663,"[0.2853981633974483, 1.5707963267948966, 2.356194490192345, 2.356194490192345, 1.5707963267948966, 0.7853981633974483]",0,-1,0.5,1.0,"[0.7853981633974483, 1.5707963267948966, 2.356194490192345, 2.356194490192345, 1.5707963267948966, 0.7853981633974483]",14.611292000001441,
barabasi_albert_n10_s1613936353,barabasi_albert,10,TQA+coordinate,3,24,4,coordinate_refine,0.6167790228587691,0.6264224815852663,"[0.7853981633974483, 2.0707963267948966, 2.356194490192345, 2.356194490192345, 1.5707963267948966, 0.7853981633974483]",1,1,0.5,1.0,"[0.7853981633974483, 1.5707963267948966, 2.356194490192345, 2.356194490192345, 1.5707963267948966, 0.7853981633974483]",14.748000000000872,
barabasi_albert_n10_s1613936353,barabasi_albert,10,TQA+coordinate,3,24,5,coordinate_refine,0.6314413491743491,0.6314413491743491,"[0.7853981633974483, 1.0707963267948966, 2.356194490192345, 2.356194490192345, 1.5707963267948966, 0.7853981633974483]",1,-1,0.5,1.0,"[0.7853981633974483, 1.0707963267948966, 2.356194490192345, 2.356194490192345, 1.5707963267948966, 0.7853981633974483]",14.504833000000161,
barabasi_albert_n10_s1613936353,barabasi_albert,10,TQA+coordinate,3,24,6,coordinate_refine,0.6222665344066173,0.6314413491743491,"[1.2853981633974483, 1.0707963267948966, 2.356194490192345, 2.356194490192345, 1.5707963267948966, 0.7853981633974483]",0,1,0.5,1.0,"[0.7853981633974483, 1.0707963267948966, 2.356194490192345, 2.356194490192345, 1.5707963267948966, 0.7853981633974483]",14.611957999999703,
barabasi_albert_n10_s1613936353,barabasi_albert,10,TQA+coordinate,3,24,7,coordinate_refine,0.6186148914628743,0.6314413491743491,"[0.2853981633974483, 1.0707963267948966, 2.356194490192345, 2.356194490192345, 1.5707963267948966, 0.7853981633974483]",0,-1,0.5,1.0,"[0.7853981633974483, 1.0707963267948966, 2.356194490192345, 2.356194490192345, 1.5707963267948966, 0.7853981633974483]",14.486291000000762,
barabasi_albert_n10_s1613936353,barabasi_albert,10,TQA+coordinate,3,24,8,coordinate_refine,0.6264224815852663,0.6314413491743491,"[0.7853981633974483, 1.5707963267948966, 2.356194490192345, 2.356194490192345, 1.5707963267948966, 0.7853981633974483]",1,1,0.5,1.0,"[0.7853981633974483, 1.0707963267948966, 2.356194490192345, 2.356194490192345, 1.5707963267948966, 0.7853981633974483]",14.582749999998867,
barabasi_albert_n10_s1613936353,barabasi_albert,10,TQA+coordinate,3,24,9,coordinate_refine,0.6002398284221749,0.6314413491743491,"[0.7853981633974483, 0.5707963267948966, 2.356194490192345, 2.356194490192345, 1.5707963267948966, 0.7853981633974483]",1,-1,0.5,1.0,"[0.7853981633974483, 1.0707963267948966, 2.356194490192345, 2.356194490192345, 1.5707963267948966, 0.7853981633974483]",14.560166000002539,
barabasi_albert_n10_s1613936353,barabasi_albert,10,TQA+coordinate,3,24,10,coordinate_refine,0.6264224815852659,0.6314413491743491,"[0.7853981633974483, 1.0707963267948966, 2.856194490192345, 2.356194490192345, 1.5707963267948966, 0.7853981633974483]",2,1,0.5,1.0,"[0.7853981633974483, 1.0707963267948966, 2.356194490192345, 2.356194490192345, 1.5707963267948966, 0.7853981633974483]",14.43545799999768,
barabasi_albert_n10_s1613936353,barabasi_albert,10,TQA+coordinate,3,24,11,coordinate_refine,0.6002398284221749,0.6314413491743491,"[0.7853981633974483, 1.0707963267948966, 1.8561944901923448, 2.356194490192345, 1.5707963267948966, 0.7853981633974483]",2,-1,0.5,1.0,"[0.7853981633974483, 1.0707963267948966, 2.356194490192345, 2.356194490192345, 1.5707963267948966, 0.7853981633974483]",16.210833999998897,
barabasi_albert_n10_s1613936353,barabasi_albert,10,TQA+coordinate,3,24,12,coordinate_refine,0.6181936715273226,0.6314413491743491,"[0.7853981633974483, 1.0707963267948966, 2.356194490192345, 2.856194490192345, 1.5707963267948966, 0.7853981633974483]",3,1,0.5,1.0,"[0.7853981633974483, 1.0707963267948966, 2.356194490192345, 2.356194490192345, 1.5707963267948966, 0.7853981633974483]",14.52145800000082,
barabasi_albert_n10_s1613936353,barabasi_albert,10,TQA+coordinate,3,24,13,coordinate_refine,0.6131424289077653,0.6314413491743491,"[0.7853981633974483, 1.0707963267948966, 2.356194490192345, 1.8561944901923448, 1.5707963267948966, 0.7853981633974483]",3,-1,0.5,1.0,"[0.7853981633974483, 1.0707963267948966, 2.356194490192345, 2.356194490192345, 1.5707963267948966, 0.7853981633974483]",14.640041999999909,
barabasi_albert_n10_s1613936353,barabasi_albert,10,TQA+coordinate,3,24,14,coordinate_refine,0.6136180192213322,0.6314413491743491,"[0.7853981633974483, 1.0707963267948966, 2.356194490192345, 2.356194490192345, 2.0707963267948966, 0.7853981633974483]",4,1,0.5,1.0,"[0.7853981633974483, 1.0707963267948966, 2.356194490192345, 2.356194490192345, 1.5707963267948966, 0.7853981633974483]",14.68208300000029,
barabasi_albert_n10_s1613936353,barabasi_albert,10,TQA+coordinate,3,24,15,coordinate_refine,0.6347994683276302,0.6347994683276302,"[0.7853981633974483, 1.0707963267948966, 2.356194490192345, 2.356194490192345, 1.0707963267948966, 0.7853981633974483]",4,-1,0.5,1.0,"[0.7853981633974483, 1.0707963267948966, 2.356194490192345, 2.356194490192345, 1.0707963267948966, 0.7853981633974483]",15.694666000001689,
barabasi_albert_n10_s1613936353,barabasi_albert,10,TQA+coordinate,3,24,16,coordinate_refine,0.6195163324222346,0.6347994683276302,"[1.2853981633974483, 1.0707963267948966, 2.356194490192345, 2.356194490192345, 1.0707963267948966, 0.7853981633974483]",0,1,0.5,1.0,"[0.7853981633974483, 1.0707963267948966, 2.356194490192345, 2.356194490192345, 1.0707963267948966, 0.7853981633974483]",14.70066599999953,
barabasi_albert_n10_s1613936353,barabasi_albert,10,TQA+coordinate,3,24,17,coordinate_refine,0.6204152382438716,0.6347994683276302,"[0.2853981633974483, 1.0707963267948966, 2.356194490192345, 2.356194490192345, 1.0707963267948966, 0.7853981633974483]",0,-1,0.5,1.0,"[0.7853981633974483, 1.0707963267948966, 2.356194490192345, 2.356194490192345, 1.0707963267948966, 0.7853981633974483]",14.594250000001807,
barabasi_albert_n10_s1613936353,barabasi_albert,10,TQA+coordinate,3,24,18,coordinate_refine,0.6064853350163353,0.6347994683276302,"[0.7853981633974483, 1.5707963267948966, 2.356194490192345, 2.356194490192345, 1.0707963267948966, 0.7853981633974483]",1,1,0.5,1.0,"[0.7853981633974483, 1.0707963267948966, 2.356194490192345, 2.356194490192345, 1.0707963267948966, 0.7853981633974483]",14.760959000000184,
barabasi_albert_n10_s1613936353,barabasi_albert,10,TQA+coordinate,3,24,19,coordinate_refine,0.6112560547012973,0.6347994683276302,"[0.7853981633974483, 0.5707963267948966, 2.356194490192345, 2.356194490192345, 1.0707963267948966, 0.7853981633974483]",1,-1,0.5,1.0,"[0.7853981633974483, 1.0707963267948966, 2.356194490192345, 2.356194490192345, 1.0707963267948966, 0.7853981633974483]",15.821875000000318,
barabasi_albert_n10_s1613936353,barabasi_albert,10,TQA+coordinate,3,24,20,coordinate_refine,0.6208507332544558,0.6347994683276302,"[0.7853981633974483, 1.0707963267948966, 2.856194490192345, 2.356194490192345, 1.0707963267948966, 0.7853981633974483]",2,1,0.5,1.0,"[0.7853981633974483, 1.0707963267948966, 2.356194490192345, 2.356194490192345, 1.0707963267948966, 0.7853981633974483]",14.688374999998643,
barabasi_albert_n10_s1613936353,barabasi_albert,10,TQA+coordinate,3,24,21,coordinate_refine,0.6056865071688132,0.6347994683276302,"[0.7853981633974483, 1.0707963267948966, 1.8561944901923448, 2.356194490192345, 1.0707963267948966, 0.7853981633974483]",2,-1,0.5,1.0,"[0.7853981633974483, 1.0707963267948966, 2.356194490192345, 2.356194490192345, 1.0707963267948966, 0.7853981633974483]",14.508542000001512,
barabasi_albert_n10_s1613936353,barabasi_albert,10,TQA+coordinate,3,24,22,coordinate_refine,0.6240817279453744,0.6347994683276302,"[0.7853981633974483, 1.0707963267948966, 2.356194490192345, 2.856194490192345, 1.0707963267948966, 0.7853981633974483]",3,1,0.5,1.0,"[0.7853981633974483, 1.0707963267948966, 2.356194490192345, 2.356194490192345, 1.0707963267948966, 0.7853981633974483]",14.477167000002567,
barabasi_albert_n10_s1613936353,barabasi_albert,10,TQA+coordinate,3,24,23,coordinate_refine,0.626553649419147,0.6347994683276302,"[0.7853981633974483, 1.0707963267948966, 2.356194490192345, 1.8561944901923448, 1.0707963267948966, 0.7853981633974483]",3,-1,0.5,1.0,"[0.7853981633974483, 1.0707963267948966, 2.356194490192345, 2.356194490192345, 1.0707963267948966, 0.7853981633974483]",14.508958000000405,
barabasi_albert_n10_s1613936353,barabasi_albert,10,TQA+coordinate,3,24,24,coordinate_refine,0.6314413491743491,0.6347994683276302,"[0.7853981633974483, 1.0707963267948966, 2.356194490192345, 2.356194490192345, 1.5707963267948966, 0.7853981633974483]",4,1,0.5,1.0,"[0.7853981633974483, 1.0707963267948966, 2.356194490192345, 2.356194490192345, 1.0707963267948966, 0.7853981633974483]",14.48491699999721,
barabasi_albert_n10_s1613936353,barabasi_albert,10,kNN+coordinate,3,24,1,anchor:tqa,0.6264224815852663,0.6264224815852663,,,,0.0,,,,-1.0
barabasi_albert_n10_s1613936353,barabasi_albert,10,kNN+coordinate,3,24,2,anchor:knn_mean,0.5960595172418374,0.6264224815852663,,,,0.0,,,,-1.0
barabasi_albert_n10_s1613936353,barabasi_albert,10,kNN+coordinate,3,24,3,anchor:global,0.6153846153846154,0.6264224815852663,,,,0.0,,,,-1.0
barabasi_albert_n10_s1613936353,barabasi_albert,10,kNN+coordinate,3,24,4,operator_refine,0.616579235019244,0.6264224815852663,,,,0.5860703206854851,,,,0.0
barabasi_albert_n10_s1613936353,barabasi_albert,10,kNN+coordinate,3,24,5,operator_refine,0.6237272805534645,0.6264224815852663,,,,-0.5860703206854851,,,,0.0
barabasi_albert_n10_s1613936353,barabasi_albert,10,kNN+coordinate,3,24,6,operator_refine,0.6195490778756925,0.6264224815852663,,,,0.5534028397971585,,,,1.0
barabasi_albert_n10_s1613936353,barabasi_albert,10,kNN+coordinate,3,24,7,operator_refine,0.6152245259532052,0.6264224815852663,,,,-0.5534028397971585,,,,1.0
barabasi_albert_n10_s1613936353,barabasi_albert,10,kNN+coordinate,3,24,8,operator_refine,0.6162371808047683,0.6264224815852663,,,,0.5367419694081264,,,,2.0
barabasi_albert_n10_s1613936353,barabasi_albert,10,kNN+coordinate,3,24,9,operator_refine,0.6302510432426871,0.6302510432426871,,,,-0.5367419694081264,,,,2.0
barabasi_albert_n10_s1613936353,barabasi_albert,10,kNN+coordinate,3,24,10,operator_refine,0.5589061653178958,0.6302510432426871,,,,0.5306477111757909,,,,3.0
barabasi_albert_n10_s1613936353,barabasi_albert,10,kNN+coordinate,3,24,11,operator_refine,0.5810056611939209,0.6302510432426871,,,,-0.5306477111757909,,,,3.0
barabasi_albert_n10_s1613936353,barabasi_albert,10,kNN+coordinate,3,24,12,operator_refine,0.6269829890733353,0.6302510432426871,,,,0.5101002387031052,,,,4.0
barabasi_albert_n10_s1613936353,barabasi_albert,10,kNN+coordinate,3,24,13,operator_refine,0.5977058803592223,0.6302510432426871,,,,-0.5101002387031052,,,,4.0
barabasi_albert_n10_s1613936353,barabasi_albert,10,kNN+coordinate,3,24,14,operator_refine,0.6153024837372842,0.6302510432426871,,,,0.46945254019002663,,,,5.0
barabasi_albert_n10_s1613936353,barabasi_albert,10,kNN+coordinate,3,24,15,operator_refine,0.6378760420403432,0.6378760420403432,,,,-0.46945254019002663,,,,5.0
barabasi_albert_n10_s1613936353,barabasi_albert,10,kNN+coordinate,3,24,16,operator_refine,0.6296138369326078,0.6378760420403432,,,,0.32233867637701685,,,,0.0
barabasi_albert_n10_s1613936353,barabasi_albert,10,kNN+coordinate,3,24,17,operator_refine,0.6345469208314802,0.6378760420403432,,,,-0.32233867637701685,,,,0.0
barabasi_albert_n10_s1613936353,barabasi_albert,10,kNN+coordinate,3,24,18,operator_refine,0.6278537275637931,0.6378760420403432,,,,0.3043715618884372,,,,1.0
barabasi_albert_n10_s1613936353,barabasi_albert,10,kNN+coordinate,3,24,19,operator_refine,0.634173742572716,0.6378760420403432,,,,-0.3043715618884372,,,,1.0
barabasi_albert_n10_s1613936353,barabasi_albert,10,kNN+coordinate,3,24,20,operator_refine,0.6208991319976926,0.6378760420403432,,,,0.2952080831744695,,,,2.0
barabasi_albert_n10_s1613936353,barabasi_albert,10,kNN+coordinate,3,24,21,operator_refine,0.626641906001452,0.6378760420403432,,,,-0.2952080831744695,,,,2.0
barabasi_albert_n10_s1613936353,barabasi_albert,10,kNN+coordinate,3,24,22,operator_refine,0.5779955564559133,0.6378760420403432,,,,0.291856241146685,,,,3.0
barabasi_albert_n10_s1613936353,barabasi_albert,10,kNN+coordinate,3,24,23,operator_refine,0.5643366923788006,0.6378760420403432,,,,-0.291856241146685,,,,3.0
barabasi_albert_n10_s1613936353,barabasi_albert,10,kNN+coordinate,3,24,24,operator_refine,0.6367360688998018,0.6378760420403432,,,,0.2805551312867079,,,,4.0
barabasi_albert_n10_s1613936353,barabasi_albert,10,OST diagonal,3,24,1,anchor:tqa,0.6264224815852663,0.6264224815852663,,,,0.0,,,,-1.0
barabasi_albert_n10_s1613936353,barabasi_albert,10,OST diagonal,3,24,2,anchor:operator_mean,0.6051998137189366,0.6264224815852663,,,,0.0,,,,-1.0
barabasi_albert_n10_s1613936353,barabasi_albert,10,OST diagonal,3,24,3,anchor:nearest_operator_neighbor,0.8163801481380657,0.8163801481380657,,,,0.0,,,,-1.0
barabasi_albert_n10_s1613936353,barabasi_albert,10,OST diagonal,3,24,4,anchor:global,0.6153846153846154,0.8163801481380657,,,,0.0,,,,-1.0
barabasi_albert_n10_s1613936353,barabasi_albert,10,OST diagonal,3,24,5,operator_refine,0.8163801481380655,0.8163801481380657,,,,0.5593208307156654,,,,0.0
barabasi_albert_n10_s1613936353,barabasi_albert,10,OST diagonal,3,24,6,operator_refine,0.8163801481380661,0.8163801481380661,,,,-0.5593208307156654,,,,0.0
barabasi_albert_n10_s1613936353,barabasi_albert,10,OST diagonal,3,24,7,operator_refine,0.7377503912305294,0.8163801481380661,,,,-0.5373852043480246,,,,1.0
barabasi_albert_n10_s1613936353,barabasi_albert,10,OST diagonal,3,24,8,operator_refine,0.5707134407090488,0.8163801481380661,,,,0.5086067975730852,,,,2.0
barabasi_albert_n10_s1613936353,barabasi_albert,10,OST diagonal,3,24,9,operator_refine,0.7336303822412067,0.8163801481380661,,,,-0.5086067975730852,,,,2.0
barabasi_albert_n10_s1613936353,barabasi_albert,10,OST diagonal,3,24,10,operator_refine,0.5082237862649538,0.8163801481380661,,,,0.5071293554174083,,,,3.0
barabasi_albert_n10_s1613936353,barabasi_albert,10,OST diagonal,3,24,11,operator_refine,0.5761152595094247,0.8163801481380661,,,,-0.5071293554174083,,,,3.0
barabasi_albert_n10_s1613936353,barabasi_albert,10,OST diagonal,3,24,12,operator_refine,0.6060029391260628,0.8163801481380661,,,,0.48474145291875,,,,4.0
barabasi_albert_n10_s1613936353,barabasi_albert,10,OST diagonal,3,24,13,operator_refine,0.7416680274281784,0.8163801481380661,,,,-0.48474145291875,,,,4.0
barabasi_albert_n10_s1613936353,barabasi_albert,10,OST diagonal,3,24,14,operator_refine,0.6465192188024564,0.8163801481380661,,,,0.444456990758345,,,,5.0
barabasi_albert_n10_s1613936353,barabasi_albert,10,OST diagonal,3,24,15,operator_refine,0.7954163174529516,0.8163801481380661,,,,-0.444456990758345,,,,5.0
barabasi_albert_n10_s1613936353,barabasi_albert,10,OST diagonal,3,24,16,operator_refine,0.8163801481380654,0.8163801481380661,,,,0.307626456893616,,,,0.0
barabasi_albert_n10_s1613936353,barabasi_albert,10,OST diagonal,3,24,17,operator_refine,0.8163801481380653,0.8163801481380661,,,,-0.307626456893616,,,,0.0
barabasi_albert_n10_s1613936353,barabasi_albert,10,OST diagonal,3,24,18,operator_refine,0.7944026512195101,0.8163801481380661,,,,-0.2955618623914136,,,,1.0
barabasi_albert_n10_s1613936353,barabasi_albert,10,OST diagonal,3,24,19,operator_refine,0.7289294189891719,0.8163801481380661,,,,0.2797337386651969,,,,2.0
barabasi_albert_n10_s1613936353,barabasi_albert,10,OST diagonal,3,24,20,operator_refine,0.7908022058252234,0.8163801481380661,,,,-0.2797337386651969,,,,2.0
barabasi_albert_n10_s1613936353,barabasi_albert,10,OST diagonal,3,24,21,operator_refine,0.6758111444538597,0.8163801481380661,,,,0.2789211454795746,,,,3.0
barabasi_albert_n10_s1613936353,barabasi_albert,10,OST diagonal,3,24,22,operator_refine,0.7437896542709168,0.8163801481380661,,,,-0.2789211454795746,,,,3.0
barabasi_albert_n10_s1613936353,barabasi_albert,10,OST diagonal,3,24,23,operator_refine,0.7335366306391585,0.8163801481380661,,,,0.2666077991053125,,,,4.0
barabasi_albert_n10_s1613936353,barabasi_albert,10,OST diagonal,3,24,24,operator_refine,0.8014306914736716,0.8163801481380661,,,,-0.2666077991053125,,,,4.0
barabasi_albert_n10_s1613936353,barabasi_albert,10,OST-QAOA,3,24,1,anchor:tqa,0.6264224815852663,0.6264224815852663,,,,0.0,,,,-1.0
barabasi_albert_n10_s1613936353,barabasi_albert,10,OST-QAOA,3,24,2,anchor:operator_mean,0.6051998137189366,0.6264224815852663,,,,0.0,,,,-1.0
barabasi_albert_n10_s1613936353,barabasi_albert,10,OST-QAOA,3,24,3,anchor:nearest_operator_neighbor,0.8163801481380657,0.8163801481380657,,,,0.0,,,,-1.0
barabasi_albert_n10_s1613936353,barabasi_albert,10,OST-QAOA,3,24,4,anchor:global,0.6153846153846154,0.8163801481380657,,,,0.0,,,,-1.0
barabasi_albert_n10_s1613936353,barabasi_albert,10,OST-QAOA,3,24,5,operator_refine,0.6192179362280694,0.8163801481380657,,,,0.808398903023397,,,,0.0
barabasi_albert_n10_s1613936353,barabasi_albert,10,OST-QAOA,3,24,6,operator_refine,0.40862059181272464,0.8163801481380657,,,,-0.808398903023397,,,,0.0
barabasi_albert_n10_s1613936353,barabasi_albert,10,OST-QAOA,3,24,7,operator_refine,0.6622267900956018,0.8163801481380657,,,,0.6383328065551417,,,,1.0
barabasi_albert_n10_s1613936353,barabasi_albert,10,OST-QAOA,3,24,8,operator_refine,0.6273387553895764,0.8163801481380657,,,,-0.6383328065551417,,,,1.0
barabasi_albert_n10_s1613936353,barabasi_albert,10,OST-QAOA,3,24,9,operator_refine,0.7583981852823128,0.8163801481380657,,,,0.5174922271304879,,,,2.0
barabasi_albert_n10_s1613936353,barabasi_albert,10,OST-QAOA,3,24,10,operator_refine,0.7623184572895413,0.8163801481380657,,,,-0.5174922271304879,,,,2.0
barabasi_albert_n10_s1613936353,barabasi_albert,10,OST-QAOA,3,24,11,operator_refine,0.7330009875463639,0.8163801481380657,,,,0.36439232815999906,,,,3.0
barabasi_albert_n10_s1613936353,barabasi_albert,10,OST-QAOA,3,24,12,operator_refine,0.7202868275576321,0.8163801481380657,,,,-0.36439232815999906,,,,3.0
barabasi_albert_n10_s1613936353,barabasi_albert,10,OST-QAOA,3,24,13,operator_refine,0.7945799972245204,0.8163801481380657,,,,0.21509736444404498,,,,4.0
barabasi_albert_n10_s1613936353,barabasi_albert,10,OST-QAOA,3,24,14,operator_refine,0.7899758550730632,0.8163801481380657,,,,-0.21509736444404498,,,,4.0
barabasi_albert_n10_s1613936353,barabasi_albert,10,OST-QAOA,3,24,15,operator_refine,0.8084204352047166,0.8163801481380657,,,,0.20536696792058107,,,,5.0
barabasi_albert_n10_s1613936353,barabasi_albert,10,OST-QAOA,3,24,16,operator_refine,0.8048414193656941,0.8163801481380657,,,,-0.20536696792058107,,,,5.0
barabasi_albert_n10_s1613936353,barabasi_albert,10,OST-QAOA,3,24,17,operator_refine,0.6810776244938742,0.8163801481380657,,,,0.44461939666286837,,,,0.0
barabasi_albert_n10_s1613936353,barabasi_albert,10,OST-QAOA,3,24,18,operator_refine,0.5270248441065378,0.8163801481380657,,,,-0.44461939666286837,,,,0.0
barabasi_albert_n10_s1613936353,barabasi_albert,10,OST-QAOA,3,24,19,operator_refine,0.729975035389373,0.8163801481380657,,,,0.35108304360532794,,,,1.0
barabasi_albert_n10_s1613936353,barabasi_albert,10,OST-QAOA,3,24,20,operator_refine,0.7332010011951317,0.8163801481380657,,,,-0.35108304360532794,,,,1.0
barabasi_albert_n10_s1613936353,barabasi_albert,10,OST-QAOA,3,24,21,operator_refine,0.8038102903724427,0.8163801481380657,,,,0.2846207249217684,,,,2.0
barabasi_albert_n10_s1613936353,barabasi_albert,10,OST-QAOA,3,24,22,operator_refine,0.7938226976418016,0.8163801481380657,,,,-0.2846207249217684,,,,2.0
barabasi_albert_n10_s1613936353,barabasi_albert,10,OST-QAOA,3,24,23,operator_refine,0.79061800212977,0.8163801481380657,,,,0.2004157804879995,,,,3.0
barabasi_albert_n10_s1613936353,barabasi_albert,10,OST-QAOA,3,24,24,operator_refine,0.7822559893647896,0.8163801481380657,,,,-0.2004157804879995,,,,3.0
barabasi_albert_n8_s1930664739,barabasi_albert,8,Random,3,24,1,random,0.5764212229547739,0.5764212229547739,,,,,,,,
barabasi_albert_n8_s1930664739,barabasi_albert,8,Random,3,24,2,random,0.5811011749239943,0.5811011749239943,,,,,,,,
barabasi_albert_n8_s1930664739,barabasi_albert,8,Random,3,24,3,random,0.6057555304973083,0.6057555304973083,,,,,,,,
barabasi_albert_n8_s1930664739,barabasi_albert,8,Random,3,24,4,random,0.6025841590419443,0.6057555304973083,,,,,,,,
barabasi_albert_n8_s1930664739,barabasi_albert,8,Random,3,24,5,random,0.5640221964238222,0.6057555304973083,,,,,,,,
barabasi_albert_n8_s1930664739,barabasi_albert,8,Random,3,24,6,random,0.5804428112177205,0.6057555304973083,,,,,,,,
barabasi_albert_n8_s1930664739,barabasi_albert,8,Random,3,24,7,random,0.5802873205160562,0.6057555304973083,,,,,,,,
barabasi_albert_n8_s1930664739,barabasi_albert,8,Random,3,24,8,random,0.48360553185727656,0.6057555304973083,,,,,,,,
barabasi_albert_n8_s1930664739,barabasi_albert,8,Random,3,24,9,random,0.46921316474588676,0.6057555304973083,,,,,,,,
barabasi_albert_n8_s1930664739,barabasi_albert,8,Random,3,24,10,random,0.5818164932842695,0.6057555304973083,,,,,,,,
barabasi_albert_n8_s1930664739,barabasi_albert,8,Random,3,24,11,random,0.6153256708445922,0.6153256708445922,,,,,,,,
barabasi_albert_n8_s1930664739,barabasi_albert,8,Random,3,24,12,random,0.6239060690466608,0.6239060690466608,,,,,,,,
barabasi_albert_n8_s1930664739,barabasi_albert,8,Random,3,24,13,random,0.629381096467153,0.629381096467153,,,,,,,,
barabasi_albert_n8_s1930664739,barabasi_albert,8,Random,3,24,14,random,0.6013166604208993,0.629381096467153,,,,,,,,
barabasi_albert_n8_s1930664739,barabasi_albert,8,Random,3,24,15,random,0.7811171644532172,0.7811171644532172,,,,,,,,
barabasi_albert_n8_s1930664739,barabasi_albert,8,Random,3,24,16,random,0.6265234505690331,0.7811171644532172,,,,,,,,
barabasi_albert_n8_s1930664739,barabasi_albert,8,Random,3,24,17,random,0.4064268089890681,0.7811171644532172,,,,,,,,
barabasi_albert_n8_s1930664739,barabasi_albert,8,Random,3,24,18,random,0.5762411359474895,0.7811171644532172,,,,,,,,
barabasi_albert_n8_s1930664739,barabasi_albert,8,Random,3,24,19,random,0.5992026266795397,0.7811171644532172,,,,,,,,
barabasi_albert_n8_s1930664739,barabasi_albert,8,Random,3,24,20,random,0.5497128334673623,0.7811171644532172,,,,,,,,
barabasi_albert_n8_s1930664739,barabasi_albert,8,Random,3,24,21,random,0.5847633448478278,0.7811171644532172,,,,,,,,
barabasi_albert_n8_s1930664739,barabasi_albert,8,Random,3,24,22,random,0.7310123649995292,0.7811171644532172,,,,,,,,
barabasi_albert_n8_s1930664739,barabasi_albert,8,Random,3,24,23,random,0.5893316513704593,0.7811171644532172,,,,,,,,
barabasi_albert_n8_s1930664739,barabasi_albert,8,Random,3,24,24,random,0.5829169016264416,0.7811171644532172,,,,,,,,
barabasi_albert_n8_s1930664739,barabasi_albert,8,TQA,3,24,1,anchor:tqa,0.6023437499999996,0.6023437499999996,"[0.7853981633974483, 1.5707963267948966, 2.356194490192345, 2.356194490192345, 1.5707963267948966, 0.7853981633974483]",,,,,"[0.7853981633974483, 1.5707963267948966, 2.356194490192345, 2.356194490192345, 1.5707963267948966, 0.7853981633974483]",3.2088749999985566,
barabasi_albert_n8_s1930664739,barabasi_albert,8,TQA+coordinate,3,24,1,anchor:tqa,0.6023437499999996,0.6023437499999996,"[0.7853981633974483, 1.5707963267948966, 2.356194490192345, 2.356194490192345, 1.5707963267948966, 0.7853981633974483]",,,,,"[0.7853981633974483, 1.5707963267948966, 2.356194490192345, 2.356194490192345, 1.5707963267948966, 0.7853981633974483]",3.2308340000000157,
barabasi_albert_n8_s1930664739,barabasi_albert,8,TQA+coordinate,3,24,2,coordinate_refine,0.5962855443899391,0.6023437499999996,"[1.2853981633974483, 1.5707963267948966, 2.356194490192345, 2.356194490192345, 1.5707963267948966, 0.7853981633974483]",0,1,0.5,1.0,"[0.7853981633974483, 1.5707963267948966, 2.356194490192345, 2.356194490192345, 1.5707963267948966, 0.7853981633974483]",3.2623749999984852,
barabasi_albert_n8_s1930664739,barabasi_albert,8,TQA+coordinate,3,24,3,coordinate_refine,0.6026490928088155,0.6026490928088155,"[0.2853981633974483, 1.5707963267948966, 2.356194490192345, 2.356194490192345, 1.5707963267948966, 0.7853981633974483]",0,-1,0.5,1.0,"[0.2853981633974483, 1.5707963267948966, 2.356194490192345, 2.356194490192345, 1.5707963267948966, 0.7853981633974483]",3.217375000001965,
barabasi_albert_n8_s1930664739,barabasi_albert,8,TQA+coordinate,3,24,4,coordinate_refine,0.6023437499999996,0.6026490928088155,"[0.7853981633974483, 1.5707963267948966, 2.356194490192345, 2.356194490192345, 1.5707963267948966, 0.7853981633974483]",0,1,0.5,1.0,"[0.2853981633974483, 1.5707963267948966, 2.356194490192345, 2.356194490192345, 1.5707963267948966, 0.7853981633974483]",3.2312500000024613,
barabasi_albert_n8_s1930664739,barabasi_albert,8,TQA+coordinate,3,24,5,coordinate_refine,0.6092830085889908,0.6092830085889908,"[0.0, 1.5707963267948966, 2.356194490192345, 2.356194490192345, 1.5707963267948966, 0.7853981633974483]",0,-1,0.5,1.0,"[0.0, 1.5707963267948966, 2.356194490192345, 2.356194490192345, 1.5707963267948966, 0.7853981633974483]",3.210249999998638,
barabasi_albert_n8_s1930664739,barabasi_albert,8,TQA+coordinate,3,24,6,coordinate_refine,0.6019209994169772,0.6092830085889908,"[0.5, 1.5707963267948966, 2.356194490192345, 2.356194490192345, 1.5707963267948966, 0.7853981633974483]",0,1,0.5,1.0,"[0.0, 1.5707963267948966, 2.356194490192345, 2.356194490192345, 1.5707963267948966, 0.7853981633974483]",3.2263750000005587,
barabasi_albert_n8_s1930664739,barabasi_albert,8,TQA+coordinate,3,24,7,coordinate_refine,0.6092830085889908,0.6092830085889908,"[0.0, 1.5707963267948966, 2.356194490192345, 2.356194490192345, 1.5707963267948966, 0.7853981633974483]",0,-1,0.5,1.0,"[0.0, 1.5707963267948966, 2.356194490192345, 2.356194490192345, 1.5707963267948966, 0.7853981633974483]",3.239084000000503,
barabasi_albert_n8_s1930664739,barabasi_albert,8,TQA+coordinate,3,24,8,coordinate_refine,0.6111108253722675,0.6111108253722675,"[0.0, 2.0707963267948966, 2.356194490192345, 2.356194490192345, 1.5707963267948966, 0.7853981633974483]",1,1,0.5,1.0,"[0.0, 2.0707963267948966, 2.356194490192345, 2.356194490192345, 1.5707963267948966, 0.7853981633974483]",3.200749999997754,
barabasi_albert_n8_s1930664739,barabasi_albert,8,TQA+coordinate,3,24,9,coordinate_refine,0.6005586347088037,0.6111108253722675,"[0.5, 2.0707963267948966, 2.356194490192345, 2.356194490192345, 1.5707963267948966, 0.7853981633974483]",0,1,0.5,1.0,"[0.0, 2.0707963267948966, 2.356194490192345, 2.356194490192345, 1.5707963267948966, 0.7853981633974483]",3.240000000001686,
barabasi_albert_n8_s1930664739,barabasi_albert,8,TQA+coordinate,3,24,10,coordinate_refine,0.6111108253722675,0.6111108253722675,"[0.0, 2.0707963267948966, 2.356194490192345, 2.356194490192345, 1.5707963267948966, 0.7853981633974483]",0,-1,0.5,1.0,"[0.0, 2.0707963267948966, 2.356194490192345, 2.356194490192345, 1.5707963267948966, 0.7853981633974483]",3.2345000000013613,
barabasi_albert_n8_s1930664739,barabasi_albert,8,TQA+coordinate,3,24,11,coordinate_refine,0.5857545785860758,0.6111108253722675,"[0.0, 2.5707963267948966, 2.356194490192345, 2.356194490192345, 1.5707963267948966, 0.7853981633974483]",1,1,0.5,1.0,"[0.0, 2.0707963267948966, 2.356194490192345, 2.356194490192345, 1.5707963267948966, 0.7853981633974483]",3.213166999998407,
barabasi_albert_n8_s1930664739,barabasi_albert,8,TQA+coordinate,3,24,12,coordinate_refine,0.6092830085889908,0.6111108253722675,"[0.0, 1.5707963267948966, 2.356194490192345, 2.356194490192345, 1.5707963267948966, 0.7853981633974483]",1,-1,0.5,1.0,"[0.0, 2.0707963267948966, 2.356194490192345, 2.356194490192345, 1.5707963267948966, 0.7853981633974483]",3.250417000000283,
barabasi_albert_n8_s1930664739,barabasi_albert,8,TQA+coordinate,3,24,13,coordinate_refine,0.5857545785860759,0.6111108253722675,"[0.0, 2.0707963267948966, 2.856194490192345, 2.356194490192345, 1.5707963267948966, 0.7853981633974483]",2,1,0.5,1.0,"[0.0, 2.0707963267948966, 2.356194490192345, 2.356194490192345, 1.5707963267948966, 0.7853981633974483]",3.2515420000009954,
barabasi_albert_n8_s1930664739,barabasi_albert,8,TQA+coordinate,3,24,14,coordinate_refine,0.6092830085889909,0.6111108253722675,"[0.0, 2.0707963267948966, 1.8561944901923448, 2.356194490192345, 1.5707963267948966, 0.7853981633974483]",2,-1,0.5,1.0,"[0.0, 2.0707963267948966, 2.356194490192345, 2.356194490192345, 1.5707963267948966, 0.7853981633974483]",3.2154169999998317,
barabasi_albert_n8_s1930664739,barabasi_albert,8,TQA+coordinate,3,24,15,coordinate_refine,0.6111108253722671,0.6111108253722675,"[0.0, 2.0707963267948966, 2.356194490192345, 2.856194490192345, 1.5707963267948966, 0.7853981633974483]",3,1,0.5,1.0,"[0.0, 2.0707963267948966, 2.356194490192345, 2.356194490192345, 1.5707963267948966, 0.7853981633974483]",3.2324169999995433,
barabasi_albert_n8_s1930664739,barabasi_albert,8,TQA+coordinate,3,24,16,coordinate_refine,0.6111108253722669,0.6111108253722675,"[0.0, 2.0707963267948966, 2.356194490192345, 1.8561944901923448, 1.5707963267948966, 0.7853981633974483]",3,-1,0.5,1.0,"[0.0, 2.0707963267948966, 2.356194490192345, 2.356194490192345, 1.5707963267948966, 0.7853981633974483]",3.182750000000567,
barabasi_albert_n8_s1930664739,barabasi_albert,8,TQA+coordinate,3,24,17,coordinate_refine,0.6147261283137709,0.6147261283137709,"[0.0, 2.0707963267948966, 2.356194490192345, 2.356194490192345, 2.0707963267948966, 0.7853981633974483]",4,1,0.5,1.0,"[0.0, 2.0707963267948966, 2.356194490192345, 2.356194490192345, 2.0707963267948966, 0.7853981633974483]",3.219624999999837,
barabasi_albert_n8_s1930664739,barabasi_albert,8,TQA+coordinate,3,24,18,coordinate_refine,0.6034843419312369,0.6147261283137709,"[0.5, 2.0707963267948966, 2.356194490192345, 2.356194490192345, 2.0707963267948966, 0.7853981633974483]",0,1,0.5,1.0,"[0.0, 2.0707963267948966, 2.356194490192345, 2.356194490192345, 2.0707963267948966, 0.7853981633974483]",3.2363749999966274,
barabasi_albert_n8_s1930664739,barabasi_albert,8,TQA+coordinate,3,24,19,coordinate_refine,0.6147261283137709,0.6147261283137709,"[0.0, 2.0707963267948966, 2.356194490192345, 2.356194490192345, 2.0707963267948966, 0.7853981633974483]",0,-1,0.5,1.0,"[0.0, 2.0707963267948966, 2.356194490192345, 2.356194490192345, 2.0707963267948966, 0.7853981633974483]",3.2131250000020373,
barabasi_albert_n8_s1930664739,barabasi_albert,8,TQA+coordinate,3,24,20,coordinate_refine,0.5623097943482049,0.6147261283137709,"[0.0, 2.5707963267948966, 2.356194490192345, 2.356194490192345, 2.0707963267948966, 0.7853981633974483]",1,1,0.5,1.0,"[0.0, 2.0707963267948966, 2.356194490192345, 2.356194490192345, 2.0707963267948966, 0.7853981633974483]",3.190665999998288,
barabasi_albert_n8_s1930664739,barabasi_albert,8,TQA+coordinate,3,24,21,coordinate_refine,0.6108558692055807,0.6147261283137709,"[0.0, 1.5707963267948966, 2.356194490192345, 2.356194490192345, 2.0707963267948966, 0.7853981633974483]",1,-1,0.5,1.0,"[0.0, 2.0707963267948966, 2.356194490192345, 2.356194490192345, 2.0707963267948966, 0.7853981633974483]",3.2097499999999,
barabasi_albert_n8_s1930664739,barabasi_albert,8,TQA+coordinate,3,24,22,coordinate_refine,0.6038821499626985,0.6147261283137709,"[0.0, 2.0707963267948966, 2.856194490192345, 2.356194490192345, 2.0707963267948966, 0.7853981633974483]",2,1,0.5,1.0,"[0.0, 2.0707963267948966, 2.356194490192345, 2.356194490192345, 2.0707963267948966, 0.7853981633974483]",3.1898750000003417,
barabasi_albert_n8_s1930664739,barabasi_albert,8,TQA+coordinate,3,24,23,coordinate_refine,0.61587857040179,0.61587857040179,"[0.0, 2.0707963267948966, 1.8561944901923448, 2.356194490192345, 2.0707963267948966, 0.7853981633974483]",2,-1,0.5,1.0,"[0.0, 2.0707963267948966, 1.8561944901923448, 2.356194490192345, 2.0707963267948966, 0.7853981633974483]",3.2179160000005425,
barabasi_albert_n8_s1930664739,barabasi_albert,8,TQA+coordinate,3,24,24,coordinate_refine,0.5875078840478163,0.61587857040179,"[0.5, 2.0707963267948966, 1.8561944901923448, 2.356194490192345, 2.0707963267948966, 0.7853981633974483]",0,1,0.5,1.0,"[0.0, 2.0707963267948966, 1.8561944901923448, 2.356194490192345, 2.0707963267948966, 0.7853981633974483]",3.206082999998472,
barabasi_albert_n8_s1930664739,barabasi_albert,8,kNN+coordinate,3,24,1,anchor:tqa,0.6023437499999996,0.6023437499999996,,,,0.0,,,,-1.0
barabasi_albert_n8_s1930664739,barabasi_albert,8,kNN+coordinate,3,24,2,anchor:knn_mean,0.43467664920130955,0.6023437499999996,,,,0.0,,,,-1.0
barabasi_albert_n8_s1930664739,barabasi_albert,8,kNN+coordinate,3,24,3,anchor:global,0.5999999999999999,0.6023437499999996,,,,0.0,,,,-1.0
barabasi_albert_n8_s1930664739,barabasi_albert,8,kNN+coordinate,3,24,4,operator_refine,0.6085161384101966,0.6085161384101966,,,,0.5703656647456795,,,,0.0
barabasi_albert_n8_s1930664739,barabasi_albert,8,kNN+coordinate,3,24,5,operator_refine,0.5483364433271787,0.6085161384101966,,,,0.5681874503603556,,,,1.0
barabasi_albert_n8_s1930664739,barabasi_albert,8,kNN+coordinate,3,24,6,operator_refine,0.6156807572271112,0.6156807572271112,,,,-0.5681874503603556,,,,1.0
barabasi_albert_n8_s1930664739,barabasi_albert,8,kNN+coordinate,3,24,7,operator_refine,0.5987520114247065,0.6156807572271112,,,,0.5302519657496491,,,,2.0
barabasi_albert_n8_s1930664739,barabasi_albert,8,kNN+coordinate,3,24,8,operator_refine,0.6019040623780217,0.6156807572271112,,,,-0.5302519657496491,,,,2.0
barabasi_albert_n8_s1930664739,barabasi_albert,8,kNN+coordinate,3,24,9,operator_refine,0.5168852212995579,0.6156807572271112,,,,0.5210238429833718,,,,3.0
barabasi_albert_n8_s1930664739,barabasi_albert,8,kNN+coordinate,3,24,10,operator_refine,0.546161718893002,0.6156807572271112,,,,-0.5210238429833718,,,,3.0
barabasi_albert_n8_s1930664739,barabasi_albert,8,kNN+coordinate,3,24,11,operator_refine,0.6096775058165187,0.6156807572271112,,,,0.5016293469520706,,,,4.0
barabasi_albert_n8_s1930664739,barabasi_albert,8,kNN+coordinate,3,24,12,operator_refine,0.6112128132980734,0.6156807572271112,,,,-0.5016293469520706,,,,4.0
barabasi_albert_n8_s1930664739,barabasi_albert,8,kNN+coordinate,3,24,13,operator_refine,0.6005726735405366,0.6156807572271112,,,,0.49757515600171237,,,,5.0
barabasi_albert_n8_s1930664739,barabasi_albert,8,kNN+coordinate,3,24,14,operator_refine,0.6024390150307763,0.6156807572271112,,,,-0.49757515600171237,,,,5.0
barabasi_albert_n8_s1930664739,barabasi_albert,8,kNN+coordinate,3,24,15,operator_refine,0.6137471018537115,0.6156807572271112,,,,0.31370111561012376,,,,0.0
barabasi_albert_n8_s1930664739,barabasi_albert,8,kNN+coordinate,3,24,16,operator_refine,0.6106911649039033,0.6156807572271112,,,,-0.31370111561012376,,,,0.0
barabasi_albert_n8_s1930664739,barabasi_albert,8,kNN+coordinate,3,24,17,operator_refine,0.6157872291759139,0.6157872291759139,,,,0.31250309769819556,,,,1.0
barabasi_albert_n8_s1930664739,barabasi_albert,8,kNN+coordinate,3,24,18,operator_refine,0.600349942049192,0.6157872291759139,,,,0.291638581162307,,,,2.0
barabasi_albert_n8_s1930664739,barabasi_albert,8,kNN+coordinate,3,24,19,operator_refine,0.6178377495278383,0.6178377495278383,,,,-0.291638581162307,,,,2.0
barabasi_albert_n8_s1930664739,barabasi_albert,8,kNN+coordinate,3,24,20,operator_refine,0.5439821181890067,0.6178377495278383,,,,0.2865631136408545,,,,3.0
barabasi_albert_n8_s1930664739,barabasi_albert,8,kNN+coordinate,3,24,21,operator_refine,0.5747452087986114,0.6178377495278383,,,,-0.2865631136408545,,,,3.0
barabasi_albert_n8_s1930664739,barabasi_albert,8,kNN+coordinate,3,24,22,operator_refine,0.6031735910981135,0.6178377495278383,,,,0.2758961408236389,,,,4.0
barabasi_albert_n8_s1930664739,barabasi_albert,8,kNN+coordinate,3,24,23,operator_refine,0.6165516835447697,0.6178377495278383,,,,-0.2758961408236389,,,,4.0
barabasi_albert_n8_s1930664739,barabasi_albert,8,kNN+coordinate,3,24,24,operator_refine,0.6163968874321828,0.6178377495278383,,,,0.27366633580094185,,,,5.0
barabasi_albert_n8_s1930664739,barabasi_albert,8,OST diagonal,3,24,1,anchor:tqa,0.6023437499999996,0.6023437499999996,,,,0.0,,,,-1.0
barabasi_albert_n8_s1930664739,barabasi_albert,8,OST diagonal,3,24,2,anchor:operator_mean,0.580941931447403,0.6023437499999996,,,,0.0,,,,-1.0
barabasi_albert_n8_s1930664739,barabasi_albert,8,OST diagonal,3,24,3,anchor:nearest_operator_neighbor,0.7755230631196552,0.7755230631196552,,,,0.0,,,,-1.0
barabasi_albert_n8_s1930664739,barabasi_albert,8,OST diagonal,3,24,4,anchor:global,0.5999999999999999,0.7755230631196552,,,,0.0,,,,-1.0
barabasi_albert_n8_s1930664739,barabasi_albert,8,OST diagonal,3,24,5,operator_refine,0.7470375606524163,0.7755230631196552,,,,0.548209742056125,,,,0.0
barabasi_albert_n8_s1930664739,barabasi_albert,8,OST diagonal,3,24,6,operator_refine,0.6958557195591414,0.7755230631196552,,,,-0.548209742056125,,,,0.0
barabasi_albert_n8_s1930664739,barabasi_albert,8,OST diagonal,3,24,7,operator_refine,0.7414200889985295,0.7755230631196552,,,,0.5468139496657165,,,,1.0
barabasi_albert_n8_s1930664739,barabasi_albert,8,OST diagonal,3,24,8,operator_refine,0.702006088720544,0.7755230631196552,,,,0.5036101176058536,,,,2.0
barabasi_albert_n8_s1930664739,barabasi_albert,8,OST diagonal,3,24,9,operator_refine,0.7063285678842675,0.7755230631196552,,,,-0.5036101176058536,,,,2.0
barabasi_albert_n8_s1930664739,barabasi_albert,8,OST diagonal,3,24,10,operator_refine,0.6747231197170706,0.7755230631196552,,,,-0.5007290646551524,,,,3.0
barabasi_albert_n8_s1930664739,barabasi_albert,8,OST diagonal,3,24,11,operator_refine,0.46229634225675154,0.7755230631196552,,,,0.47451862339216533,,,,4.0
barabasi_albert_n8_s1930664739,barabasi_albert,8,OST diagonal,3,24,12,operator_refine,0.5004435516272853,0.7755230631196552,,,,-0.47451862339216533,,,,4.0
barabasi_albert_n8_s1930664739,barabasi_albert,8,OST diagonal,3,24,13,operator_refine,0.775523063119655,0.7755230631196552,,,,0.4700424581613187,,,,5.0
barabasi_albert_n8_s1930664739,barabasi_albert,8,OST diagonal,3,24,14,operator_refine,0.775523063119655,0.7755230631196552,,,,-0.4700424581613187,,,,5.0
barabasi_albert_n8_s1930664739,barabasi_albert,8,OST diagonal,3,24,15,operator_refine,0.749125848113356,0.7755230631196552,,,,-0.3015153581308688,,,,0.0
barabasi_albert_n8_s1930664739,barabasi_albert,8,OST diagonal,3,24,16,operator_refine,0.758882108623254,0.7755230631196552,,,,0.3007476723161441,,,,1.0
barabasi_albert_n8_s1930664739,barabasi_albert,8,OST diagonal,3,24,17,operator_refine,0.724814348452432,0.7755230631196552,,,,0.2769855646832195,,,,2.0
barabasi_albert_n8_s1930664739,barabasi_albert,8,OST diagonal,3,24,18,operator_refine,0.7533984354121364,0.7755230631196552,,,,-0.2769855646832195,,,,2.0
barabasi_albert_n8_s1930664739,barabasi_albert,8,OST diagonal,3,24,19,operator_refine,0.7494763132091002,0.7755230631196552,,,,-0.2754009855603339,,,,3.0
barabasi_albert_n8_s1930664739,barabasi_albert,8,OST diagonal,3,24,20,operator_refine,0.6474410443691342,0.7755230631196552,,,,0.26098524286569097,,,,4.0
barabasi_albert_n8_s1930664739,barabasi_albert,8,OST diagonal,3,24,21,operator_refine,0.6822635570818589,0.7755230631196552,,,,-0.26098524286569097,,,,4.0
barabasi_albert_n8_s1930664739,barabasi_albert,8,OST diagonal,3,24,22,operator_refine,0.7755230631196551,0.7755230631196552,,,,-0.2585233519887253,,,,5.0
barabasi_albert_n8_s1930664739,barabasi_albert,8,OST diagonal,3,24,23,operator_refine,0.7582288052559398,0.7755230631196552,,,,0.15349872777571502,,,,0.0
barabasi_albert_n8_s1930664739,barabasi_albert,8,OST diagonal,3,24,24,operator_refine,0.7700452583525342,0.7755230631196552,,,,-0.15349872777571502,,,,0.0
barabasi_albert_n8_s1930664739,barabasi_albert,8,OST-QAOA,3,24,1,anchor:tqa,0.6023437499999996,0.6023437499999996,,,,0.0,,,,-1.0
barabasi_albert_n8_s1930664739,barabasi_albert,8,OST-QAOA,3,24,2,anchor:operator_mean,0.580941931447403,0.6023437499999996,,,,0.0,,,,-1.0
barabasi_albert_n8_s1930664739,barabasi_albert,8,OST-QAOA,3,24,3,anchor:nearest_operator_neighbor,0.7755230631196552,0.7755230631196552,,,,0.0,,,,-1.0
barabasi_albert_n8_s1930664739,barabasi_albert,8,OST-QAOA,3,24,4,anchor:global,0.5999999999999999,0.7755230631196552,,,,0.0,,,,-1.0
barabasi_albert_n8_s1930664739,barabasi_albert,8,OST-QAOA,3,24,5,operator_refine,0.6041645971920129,0.7755230631196552,,,,0.8029334009062402,,,,0.0
barabasi_albert_n8_s1930664739,barabasi_albert,8,OST-QAOA,3,24,6,operator_refine,0.6,0.7755230631196552,,,,-0.8029334009062402,,,,0.0
barabasi_albert_n8_s1930664739,barabasi_albert,8,OST-QAOA,3,24,7,operator_refine,0.6103428335338539,0.7755230631196552,,,,0.624539730597831,,,,1.0
barabasi_albert_n8_s1930664739,barabasi_albert,8,OST-QAOA,3,24,8,operator_refine,0.6277181219832494,0.7755230631196552,,,,-0.624539730597831,,,,1.0
barabasi_albert_n8_s1930664739,barabasi_albert,8,OST-QAOA,3,24,9,operator_refine,0.710178629268323,0.7755230631196552,,,,0.5094590879792855,,,,2.0
barabasi_albert_n8_s1930664739,barabasi_albert,8,OST-QAOA,3,24,10,operator_refine,0.7366402054188879,0.7755230631196552,,,,-0.5094590879792855,,,,2.0
barabasi_albert_n8_s1930664739,barabasi_albert,8,OST-QAOA,3,24,11,operator_refine,0.7188446082604756,0.7755230631196552,,,,0.38439455047225246,,,,3.0
barabasi_albert_n8_s1930664739,barabasi_albert,8,OST-QAOA,3,24,12,operator_refine,0.7721511406084804,0.7755230631196552,,,,-0.38439455047225246,,,,3.0
barabasi_albert_n8_s1930664739,barabasi_albert,8,OST-QAOA,3,24,13,operator_refine,0.7259522839958052,0.7755230631196552,,,,0.24875119870502232,,,,4.0
barabasi_albert_n8_s1930664739,barabasi_albert,8,OST-QAOA,3,24,14,operator_refine,0.7007562115194768,0.7755230631196552,,,,-0.24875119870502232,,,,4.0
barabasi_albert_n8_s1930664739,barabasi_albert,8,OST-QAOA,3,24,15,operator_refine,0.7725572759357842,0.7755230631196552,,,,0.2146233607958169,,,,5.0
barabasi_albert_n8_s1930664739,barabasi_albert,8,OST-QAOA,3,24,16,operator_refine,0.7798971796384232,0.7798971796384232,,,,-0.2146233607958169,,,,5.0
barabasi_albert_n8_s1930664739,barabasi_albert,8,OST-QAOA,3,24,17,operator_refine,0.692994754959361,0.7798971796384232,,,,0.44161337049843213,,,,0.0
barabasi_albert_n8_s1930664739,barabasi_albert,8,OST-QAOA,3,24,18,operator_refine,0.6840045171190062,0.7798971796384232,,,,-0.44161337049843213,,,,0.0
barabasi_albert_n8_s1930664739,barabasi_albert,8,OST-QAOA,3,24,19,operator_refine,0.707143022119659,0.7798971796384232,,,,0.34349685182880707,,,,1.0
barabasi_albert_n8_s1930664739,barabasi_albert,8,OST-QAOA,3,24,20,operator_refine,0.7260696935299393,0.7798971796384232,,,,-0.34349685182880707,,,,1.0
barabasi_albert_n8_s1930664739,barabasi_albert,8,OST-QAOA,3,24,21,operator_refine,0.7599432928916178,0.7798971796384232,,,,0.28020249838860706,,,,2.0
barabasi_albert_n8_s1930664739,barabasi_albert,8,OST-QAOA,3,24,22,operator_refine,0.7714686987317043,0.7798971796384232,,,,-0.28020249838860706,,,,2.0
barabasi_albert_n8_s1930664739,barabasi_albert,8,OST-QAOA,3,24,23,operator_refine,0.7526100050123924,0.7798971796384232,,,,0.21141700275973888,,,,3.0
barabasi_albert_n8_s1930664739,barabasi_albert,8,OST-QAOA,3,24,24,operator_refine,0.7749750775277653,0.7798971796384232,,,,-0.21141700275973888,,,,3.0
barabasi_albert_n10_s2050221738,barabasi_albert,10,Random,3,24,1,random,0.6010298928765021,0.6010298928765021,,,,,,,,
barabasi_albert_n10_s2050221738,barabasi_albert,10,Random,3,24,2,random,0.5118957758166892,0.6010298928765021,,,,,,,,
barabasi_albert_n10_s2050221738,barabasi_albert,10,Random,3,24,3,random,0.6190023398314198,0.6190023398314198,,,,,,,,
barabasi_albert_n10_s2050221738,barabasi_albert,10,Random,3,24,4,random,0.6203262950764835,0.6203262950764835,,,,,,,,
barabasi_albert_n10_s2050221738,barabasi_albert,10,Random,3,24,5,random,0.6154488926087224,0.6203262950764835,,,,,,,,
barabasi_albert_n10_s2050221738,barabasi_albert,10,Random,3,24,6,random,0.6837071662772559,0.6837071662772559,,,,,,,,
barabasi_albert_n10_s2050221738,barabasi_albert,10,Random,3,24,7,random,0.458694196544477,0.6837071662772559,,,,,,,,
barabasi_albert_n10_s2050221738,barabasi_albert,10,Random,3,24,8,random,0.658484012276875,0.6837071662772559,,,,,,,,
barabasi_albert_n10_s2050221738,barabasi_albert,10,Random,3,24,9,random,0.42567554354180603,0.6837071662772559,,,,,,,,
barabasi_albert_n10_s2050221738,barabasi_albert,10,Random,3,24,10,random,0.6008360545337564,0.6837071662772559,,,,,,,,
barabasi_albert_n10_s2050221738,barabasi_albert,10,Random,3,24,11,random,0.6293387229256336,0.6837071662772559,,,,,,,,
barabasi_albert_n10_s2050221738,barabasi_albert,10,Random,3,24,12,random,0.6843414356854599,0.6843414356854599,,,,,,,,
barabasi_albert_n10_s2050221738,barabasi_albert,10,Random,3,24,13,random,0.590605250629401,0.6843414356854599,,,,,,,,
barabasi_albert_n10_s2050221738,barabasi_albert,10,Random,3,24,14,random,0.5907048677657863,0.6843414356854599,,,,,,,,
barabasi_albert_n10_s2050221738,barabasi_albert,10,Random,3,24,15,random,0.6008024648954797,0.6843414356854599,,,,,,,,
barabasi_albert_n10_s2050221738,barabasi_albert,10,Random,3,24,16,random,0.4667095803540722,0.6843414356854599,,,,,,,,
barabasi_albert_n10_s2050221738,barabasi_albert,10,Random,3,24,17,random,0.5900086920387377,0.6843414356854599,,,,,,,,
barabasi_albert_n10_s2050221738,barabasi_albert,10,Random,3,24,18,random,0.6160933886075679,0.6843414356854599,,,,,,,,
barabasi_albert_n10_s2050221738,barabasi_albert,10,Random,3,24,19,random,0.6108371824129036,0.6843414356854599,,,,,,,,
barabasi_albert_n10_s2050221738,barabasi_albert,10,Random,3,24,20,random,0.6234518884498578,0.6843414356854599,,,,,,,,
barabasi_albert_n10_s2050221738,barabasi_albert,10,Random,3,24,21,random,0.7678650966710483,0.7678650966710483,,,,,,,,
barabasi_albert_n10_s2050221738,barabasi_albert,10,Random,3,24,22,random,0.6242003553583237,0.7678650966710483,,,,,,,,
barabasi_albert_n10_s2050221738,barabasi_albert,10,Random,3,24,23,random,0.5896020926744632,0.7678650966710483,,,,,,,,
barabasi_albert_n10_s2050221738,barabasi_albert,10,Random,3,24,24,random,0.6199559794893994,0.7678650966710483,,,,,,,,
barabasi_albert_n10_s2050221738,barabasi_albert,10,TQA,3,24,1,anchor:tqa,0.6116845827827567,0.6116845827827567,"[0.7853981633974483, 1.5707963267948966, 2.356194490192345, 2.356194490192345, 1.5707963267948966, 0.7853981633974483]",,,,,"[0.7853981633974483, 1.5707963267948966, 2.356194490192345, 2.356194490192345, 1.5707963267948966, 0.7853981633974483]",13.028499999997223,
barabasi_albert_n10_s2050221738,barabasi_albert,10,TQA+coordinate,3,24,1,anchor:tqa,0.6116845827827567,0.6116845827827567,"[0.7853981633974483, 1.5707963267948966, 2.356194490192345, 2.356194490192345, 1.5707963267948966, 0.7853981633974483]",,,,,"[0.7853981633974483, 1.5707963267948966, 2.356194490192345, 2.356194490192345, 1.5707963267948966, 0.7853981633974483]",12.970207999998706,
barabasi_albert_n10_s2050221738,barabasi_albert,10,TQA+coordinate,3,24,2,coordinate_refine,0.6129007252091173,0.6129007252091173,"[1.2853981633974483, 1.5707963267948966, 2.356194490192345, 2.356194490192345, 1.5707963267948966, 0.7853981633974483]",0,1,0.5,1.0,"[1.2853981633974483, 1.5707963267948966, 2.356194490192345, 2.356194490192345, 1.5707963267948966, 0.7853981633974483]",12.776333000001472,
barabasi_albert_n10_s2050221738,barabasi_albert,10,TQA+coordinate,3,24,3,coordinate_refine,0.6174364503791522,0.6174364503791522,"[1.7853981633974483, 1.5707963267948966, 2.356194490192345, 2.356194490192345, 1.5707963267948966, 0.7853981633974483]",0,1,0.5,1.0,"[1.7853981633974483, 1.5707963267948966, 2.356194490192345, 2.356194490192345, 1.5707963267948966, 0.7853981633974483]",11.703582999999185,
barabasi_albert_n10_s2050221738,barabasi_albert,10,TQA+coordinate,3,24,4,coordinate_refine,0.5932756937146083,0.6174364503791522,"[2.2853981633974483, 1.5707963267948966, 2.356194490192345, 2.356194490192345, 1.5707963267948966, 0.7853981633974483]",0,1,0.5,1.0,"[1.7853981633974483, 1.5707963267948966, 2.356194490192345, 2.356194490192345, 1.5707963267948966, 0.7853981633974483]",11.752208000000763,
barabasi_albert_n10_s2050221738,barabasi_albert,10,TQA+coordinate,3,24,5,coordinate_refine,0.6129007252091173,0.6174364503791522,"[1.2853981633974483, 1.5707963267948966, 2.356194490192345, 2.356194490192345, 1.5707963267948966, 0.7853981633974483]",0,-1,0.5,1.0,"[1.7853981633974483, 1.5707963267948966, 2.356194490192345, 2.356194490192345, 1.5707963267948966, 0.7853981633974483]",11.749042000001708,
barabasi_albert_n10_s2050221738,barabasi_albert,10,TQA+coordinate,3,24,6,coordinate_refine,0.6224391025692709,0.6224391025692709,"[1.7853981633974483, 2.0707963267948966, 2.356194490192345, 2.356194490192345, 1.5707963267948966, 0.7853981633974483]",1,1,0.5,1.0,"[1.7853981633974483, 2.0707963267948966, 2.356194490192345, 2.356194490192345, 1.5707963267948966, 0.7853981633974483]",11.838084000000748,
barabasi_albert_n10_s2050221738,barabasi_albert,10,TQA+coordinate,3,24,7,coordinate_refine,0.6349627850601388,0.6349627850601388,"[2.2853981633974483, 2.0707963267948966, 2.356194490192345, 2.356194490192345, 1.5707963267948966, 0.7853981633974483]",0,1,0.5,1.0,"[2.2853981633974483, 2.0707963267948966, 2.356194490192345, 2.356194490192345, 1.5707963267948966, 0.7853981633974483]",12.889334000000474,
barabasi_albert_n10_s2050221738,barabasi_albert,10,TQA+coordinate,3,24,8,coordinate_refine,0.6167762988551123,0.6349627850601388,"[2.7853981633974483, 2.0707963267948966, 2.356194490192345, 2.356194490192345, 1.5707963267948966, 0.7853981633974483]",0,1,0.5,1.0,"[2.2853981633974483, 2.0707963267948966, 2.356194490192345, 2.356194490192345, 1.5707963267948966, 0.7853981633974483]",11.94795800000037,
barabasi_albert_n10_s2050221738,barabasi_albert,10,TQA+coordinate,3,24,9,coordinate_refine,0.6224391025692709,0.6349627850601388,"[1.7853981633974483, 2.0707963267948966, 2.356194490192345, 2.356194490192345, 1.5707963267948966, 0.7853981633974483]",0,-1,0.5,1.0,"[2.2853981633974483, 2.0707963267948966, 2.356194490192345, 2.356194490192345, 1.5707963267948966, 0.7853981633974483]",13.537833000000887,
barabasi_albert_n10_s2050221738,barabasi_albert,10,TQA+coordinate,3,24,10,coordinate_refine,0.6336132710981318,0.6349627850601388,"[2.2853981633974483, 2.5707963267948966, 2.356194490192345, 2.356194490192345, 1.5707963267948966, 0.7853981633974483]",1,1,0.5,1.0,"[2.2853981633974483, 2.0707963267948966, 2.356194490192345, 2.356194490192345, 1.5707963267948966, 0.7853981633974483]",12.941791000002922,
barabasi_albert_n10_s2050221738,barabasi_albert,10,TQA+coordinate,3,24,11,coordinate_refine,0.5932756937146083,0.6349627850601388,"[2.2853981633974483, 1.5707963267948966, 2.356194490192345, 2.356194490192345, 1.5707963267948966, 0.7853981633974483]",1,-1,0.5,1.0,"[2.2853981633974483, 2.0707963267948966, 2.356194490192345, 2.356194490192345, 1.5707963267948966, 0.7853981633974483]",12.45379099999866,
barabasi_albert_n10_s2050221738,barabasi_albert,10,TQA+coordinate,3,24,12,coordinate_refine,0.633613271098132,0.6349627850601388,"[2.2853981633974483, 2.0707963267948966, 2.856194490192345, 2.356194490192345, 1.5707963267948966, 0.7853981633974483]",2,1,0.5,1.0,"[2.2853981633974483, 2.0707963267948966, 2.356194490192345, 2.356194490192345, 1.5707963267948966, 0.7853981633974483]",13.312333000001786,
barabasi_albert_n10_s2050221738,barabasi_albert,10,TQA+coordinate,3,24,13,coordinate_refine,0.5932756937146083,0.6349627850601388,"[2.2853981633974483, 2.0707963267948966, 1.8561944901923448, 2.356194490192345, 1.5707963267948966, 0.7853981633974483]",2,-1,0.5,1.0,"[2.2853981633974483, 2.0707963267948966, 2.356194490192345, 2.356194490192345, 1.5707963267948966, 0.7853981633974483]",12.67700000000005,
barabasi_albert_n10_s2050221738,barabasi_albert,10,TQA+coordinate,3,24,14,coordinate_refine,0.5800669630141395,0.6349627850601388,"[2.2853981633974483, 2.0707963267948966, 2.356194490192345, 2.856194490192345, 1.5707963267948966, 0.7853981633974483]",3,1,0.5,1.0,"[2.2853981633974483, 2.0707963267948966, 2.356194490192345, 2.356194490192345, 1.5707963267948966, 0.7853981633974483]",12.657209000000336,
barabasi_albert_n10_s2050221738,barabasi_albert,10,TQA+coordinate,3,24,15,coordinate_refine,0.5849048270358674,0.6349627850601388,"[2.2853981633974483, 2.0707963267948966, 2.356194490192345, 1.8561944901923448, 1.5707963267948966, 0.7853981633974483]",3,-1,0.5,1.0,"[2.2853981633974483, 2.0707963267948966, 2.356194490192345, 2.356194490192345, 1.5707963267948966, 0.7853981633974483]",13.16312500000194,
barabasi_albert_n10_s2050221738,barabasi_albert,10,TQA+coordinate,3,24,16,coordinate_refine,0.6296399808313855,0.6349627850601388,"[2.2853981633974483, 2.0707963267948966, 2.356194490192345, 2.356194490192345, 2.0707963267948966, 0.7853981633974483]",4,1,0.5,1.0,"[2.2853981633974483, 2.0707963267948966, 2.356194490192345, 2.356194490192345, 1.5707963267948966, 0.7853981633974483]",13.13779200000198,
barabasi_albert_n10_s2050221738,barabasi_albert,10,TQA+coordinate,3,24,17,coordinate_refine,0.6062496794428479,0.6349627850601388,"[2.2853981633974483, 2.0707963267948966, 2.356194490192345, 2.356194490192345, 1.0707963267948966, 0.7853981633974483]",4,-1,0.5,1.0,"[2.2853981633974483, 2.0707963267948966, 2.356194490192345, 2.356194490192345, 1.5707963267948966, 0.7853981633974483]",13.239625000000643,
barabasi_albert_n10_s2050221738,barabasi_albert,10,TQA+coordinate,3,24,18,coordinate_refine,0.5921522889392794,0.6349627850601388,"[2.2853981633974483, 2.0707963267948966, 2.356194490192345, 2.356194490192345, 1.5707963267948966, 1.2853981633974483]",5,1,0.5,1.0,"[2.2853981633974483, 2.0707963267948966, 2.356194490192345, 2.356194490192345, 1.5707963267948966, 0.7853981633974483]",13.130124999999992,
barabasi_albert_n10_s2050221738,barabasi_albert,10,TQA+coordinate,3,24,19,coordinate_refine,0.6335920293212554,0.6349627850601388,"[2.2853981633974483, 2.0707963267948966, 2.356194490192345, 2.356194490192345, 1.5707963267948966, 0.2853981633974483]",5,-1,0.5,1.0,"[2.2853981633974483, 2.0707963267948966, 2.356194490192345, 2.356194490192345, 1.5707963267948966, 0.7853981633974483]",12.113833000000795,
barabasi_albert_n10_s2050221738,barabasi_albert,10,TQA+coordinate,3,24,20,coordinate_refine,0.6316140106972497,0.6349627850601388,"[2.5353981633974483, 2.0707963267948966, 2.356194490192345, 2.356194490192345, 1.5707963267948966, 0.7853981633974483]",0,1,0.25,0.5,"[2.2853981633974483, 2.0707963267948966, 2.356194490192345, 2.356194490192345, 1.5707963267948966, 0.7853981633974483]",11.872250000003248,
barabasi_albert_n10_s2050221738,barabasi_albert,10,TQA+coordinate,3,24,21,coordinate_refine,0.6317423659268923,0.6349627850601388,"[2.0353981633974483, 2.0707963267948966, 2.356194490192345, 2.356194490192345, 1.5707963267948966, 0.7853981633974483]",0,-1,0.25,0.5,"[2.2853981633974483, 2.0707963267948966, 2.356194490192345, 2.356194490192345, 1.5707963267948966, 0.7853981633974483]",11.902666999997535,
barabasi_albert_n10_s2050221738,barabasi_albert,10,TQA+coordinate,3,24,22,coordinate_refine,0.6385199079863173,0.6385199079863173,"[2.2853981633974483, 2.3207963267948966, 2.356194490192345, 2.356194490192345, 1.5707963267948966, 0.7853981633974483]",1,1,0.25,0.5,"[2.2853981633974483, 2.3207963267948966, 2.356194490192345, 2.356194490192345, 1.5707963267948966, 0.7853981633974483]",11.89095799999862,
barabasi_albert_n10_s2050221738,barabasi_albert,10,TQA+coordinate,3,24,23,coordinate_refine,0.6380241019344358,0.6385199079863173,"[2.5353981633974483, 2.3207963267948966, 2.356194490192345, 2.356194490192345, 1.5707963267948966, 0.7853981633974483]",0,1,0.25,0.5,"[2.2853981633974483, 2.3207963267948966, 2.356194490192345, 2.356194490192345, 1.5707963267948966, 0.7853981633974483]",11.898291000001393,
barabasi_albert_n10_s2050221738,barabasi_albert,10,TQA+coordinate,3,24,24,coordinate_refine,0.6312383158577326,0.6385199079863173,"[2.0353981633974483, 2.3207963267948966, 2.356194490192345, 2.356194490192345, 1.5707963267948966, 0.7853981633974483]",0,-1,0.25,0.5,"[2.2853981633974483, 2.3207963267948966, 2.356194490192345, 2.356194490192345, 1.5707963267948966, 0.7853981633974483]",12.032333999997036,
barabasi_albert_n10_s2050221738,barabasi_albert,10,kNN+coordinate,3,24,1,anchor:tqa,0.6116845827827567,0.6116845827827567,,,,0.0,,,,-1.0
barabasi_albert_n10_s2050221738,barabasi_albert,10,kNN+coordinate,3,24,2,anchor:knn_mean,0.6118905966001251,0.6118905966001251,,,,0.0,,,,-1.0
barabasi_albert_n10_s2050221738,barabasi_albert,10,kNN+coordinate,3,24,3,anchor:global,0.6153846153846153,0.6153846153846153,,,,0.0,,,,-1.0
barabasi_albert_n10_s2050221738,barabasi_albert,10,kNN+coordinate,3,24,4,operator_refine,0.6153846153846154,0.6153846153846154,,,,0.5818395232387192,,,,0.0
barabasi_albert_n10_s2050221738,barabasi_albert,10,kNN+coordinate,3,24,5,operator_refine,0.6345129446097897,0.6345129446097897,,,,0.5452350312857175,,,,1.0
barabasi_albert_n10_s2050221738,barabasi_albert,10,kNN+coordinate,3,24,6,operator_refine,0.6254200238614029,0.6345129446097897,,,,0.543982687338772,,,,2.0
barabasi_albert_n10_s2050221738,barabasi_albert,10,kNN+coordinate,3,24,7,operator_refine,0.6199687849954217,0.6345129446097897,,,,-0.543982687338772,,,,2.0
barabasi_albert_n10_s2050221738,barabasi_albert,10,kNN+coordinate,3,24,8,operator_refine,0.6345129446097896,0.6345129446097897,,,,0.5177725349396939,,,,3.0
barabasi_albert_n10_s2050221738,barabasi_albert,10,kNN+coordinate,3,24,9,operator_refine,0.6345129446097894,0.6345129446097897,,,,-0.5177725349396939,,,,3.0
barabasi_albert_n10_s2050221738,barabasi_albert,10,kNN+coordinate,3,24,10,operator_refine,0.604136044618648,0.6345129446097897,,,,0.5031184951752375,,,,4.0
barabasi_albert_n10_s2050221738,barabasi_albert,10,kNN+coordinate,3,24,11,operator_refine,0.6436150947081611,0.6436150947081611,,,,-0.5031184951752375,,,,4.0
barabasi_albert_n10_s2050221738,barabasi_albert,10,kNN+coordinate,3,24,12,operator_refine,0.6317571931922968,0.6436150947081611,,,,0.4970389799669824,,,,5.0
barabasi_albert_n10_s2050221738,barabasi_albert,10,kNN+coordinate,3,24,13,operator_refine,0.6148284604021076,0.6436150947081611,,,,-0.4970389799669824,,,,5.0
barabasi_albert_n10_s2050221738,barabasi_albert,10,kNN+coordinate,3,24,14,operator_refine,0.6452454537337459,0.6452454537337459,,,,0.3200117377812956,,,,0.0
barabasi_albert_n10_s2050221738,barabasi_albert,10,kNN+coordinate,3,24,15,operator_refine,0.6262518104909724,0.6452454537337459,,,,0.29987926720714464,,,,1.0
barabasi_albert_n10_s2050221738,barabasi_albert,10,kNN+coordinate,3,24,16,operator_refine,0.7286296418137943,0.7286296418137943,,,,-0.29987926720714464,,,,1.0
barabasi_albert_n10_s2050221738,barabasi_albert,10,kNN+coordinate,3,24,17,operator_refine,0.7160024593147172,0.7286296418137943,,,,0.2991904780363246,,,,2.0
barabasi_albert_n10_s2050221738,barabasi_albert,10,kNN+coordinate,3,24,18,operator_refine,0.7125254154460179,0.7286296418137943,,,,-0.2991904780363246,,,,2.0
barabasi_albert_n10_s2050221738,barabasi_albert,10,kNN+coordinate,3,24,19,operator_refine,0.7163162875467581,0.7286296418137943,,,,0.28477489421683166,,,,3.0
barabasi_albert_n10_s2050221738,barabasi_albert,10,kNN+coordinate,3,24,20,operator_refine,0.7037760771203517,0.7286296418137943,,,,-0.28477489421683166,,,,3.0
barabasi_albert_n10_s2050221738,barabasi_albert,10,kNN+coordinate,3,24,21,operator_refine,0.739403543541571,0.739403543541571,,,,0.27671517234638066,,,,4.0
barabasi_albert_n10_s2050221738,barabasi_albert,10,kNN+coordinate,3,24,22,operator_refine,0.7023033943897882,0.739403543541571,,,,0.27337143898184035,,,,5.0
barabasi_albert_n10_s2050221738,barabasi_albert,10,kNN+coordinate,3,24,23,operator_refine,0.6948965298647715,0.739403543541571,,,,-0.27337143898184035,,,,5.0
barabasi_albert_n10_s2050221738,barabasi_albert,10,kNN+coordinate,3,24,24,operator_refine,0.7337703179690079,0.739403543541571,,,,0.1629150665068414,,,,0.0
barabasi_albert_n10_s2050221738,barabasi_albert,10,OST diagonal,3,24,1,anchor:tqa,0.6116845827827567,0.6116845827827567,,,,0.0,,,,-1.0
barabasi_albert_n10_s2050221738,barabasi_albert,10,OST diagonal,3,24,2,anchor:operator_mean,0.6034853693854685,0.6116845827827567,,,,0.0,,,,-1.0
barabasi_albert_n10_s2050221738,barabasi_albert,10,OST diagonal,3,24,3,anchor:nearest_operator_neighbor,0.8218424714014991,0.8218424714014991,,,,0.0,,,,-1.0
barabasi_albert_n10_s2050221738,barabasi_albert,10,OST diagonal,3,24,4,anchor:global,0.6153846153846153,0.8218424714014991,,,,0.0,,,,-1.0
barabasi_albert_n10_s2050221738,barabasi_albert,10,OST diagonal,3,24,5,operator_refine,0.7335210899320628,0.8218424714014991,,,,-0.5609254414870319,,,,0.0
barabasi_albert_n10_s2050221738,barabasi_albert,10,OST diagonal,3,24,6,operator_refine,0.6360755214366993,0.8218424714014991,,,,0.5201725447825066,,,,1.0
barabasi_albert_n10_s2050221738,barabasi_albert,10,OST diagonal,3,24,7,operator_refine,0.7990292950372998,0.8218424714014991,,,,-0.5201725447825066,,,,1.0
barabasi_albert_n10_s2050221738,barabasi_albert,10,OST diagonal,3,24,8,operator_refine,0.5658641749911933,0.8218424714014991,,,,0.5189093854465052,,,,2.0
barabasi_albert_n10_s2050221738,barabasi_albert,10,OST diagonal,3,24,9,operator_refine,0.7348062061056628,0.8218424714014991,,,,-0.5189093854465052,,,,2.0
barabasi_albert_n10_s2050221738,barabasi_albert,10,OST diagonal,3,24,10,operator_refine,0.6096035020663918,0.8218424714014991,,,,0.49555545193464395,,,,3.0
barabasi_albert_n10_s2050221738,barabasi_albert,10,OST diagonal,3,24,11,operator_refine,0.7421397279938581,0.8218424714014991,,,,-0.49555545193464395,,,,3.0
barabasi_albert_n10_s2050221738,barabasi_albert,10,OST diagonal,3,24,12,operator_refine,0.5290910113645717,0.8218424714014991,,,,0.47851208257645494,,,,4.0
barabasi_albert_n10_s2050221738,barabasi_albert,10,OST diagonal,3,24,13,operator_refine,0.612169708416178,0.8218424714014991,,,,-0.47851208257645494,,,,4.0
barabasi_albert_n10_s2050221738,barabasi_albert,10,OST diagonal,3,24,14,operator_refine,0.8218424714014992,0.8218424714014992,,,,0.47007148746631566,,,,5.0
barabasi_albert_n10_s2050221738,barabasi_albert,10,OST diagonal,3,24,15,operator_refine,0.8218424714014984,0.8218424714014992,,,,-0.47007148746631566,,,,5.0
barabasi_albert_n10_s2050221738,barabasi_albert,10,OST diagonal,3,24,16,operator_refine,0.7904255278349432,0.8218424714014992,,,,-0.3085089928178676,,,,0.0
barabasi_albert_n10_s2050221738,barabasi_albert,10,OST diagonal,3,24,17,operator_refine,0.7025637626721485,0.8218424714014992,,,,0.28609489963037865,,,,1.0
barabasi_albert_n10_s2050221738,barabasi_albert,10,OST diagonal,3,24,18,operator_refine,0.7990292950373001,0.8218424714014992,,,,-0.28609489963037865,,,,1.0
barabasi_albert_n10_s2050221738,barabasi_albert,10,OST diagonal,3,24,19,operator_refine,0.7305232295767302,0.8218424714014992,,,,0.2854001619955779,,,,2.0
barabasi_albert_n10_s2050221738,barabasi_albert,10,OST diagonal,3,24,20,operator_refine,0.79558340258714,0.8218424714014992,,,,-0.2854001619955779,,,,2.0
barabasi_albert_n10_s2050221738,barabasi_albert,10,OST diagonal,3,24,21,operator_refine,0.7389023113260684,0.8218424714014992,,,,0.2725554985640542,,,,3.0
barabasi_albert_n10_s2050221738,barabasi_albert,10,OST diagonal,3,24,22,operator_refine,0.8059882553927942,0.8218424714014992,,,,-0.2725554985640542,,,,3.0
barabasi_albert_n10_s2050221738,barabasi_albert,10,OST diagonal,3,24,23,operator_refine,0.6886392746118069,0.8218424714014992,,,,0.26318164541705025,,,,4.0
barabasi_albert_n10_s2050221738,barabasi_albert,10,OST diagonal,3,24,24,operator_refine,0.7652873603888389,0.8218424714014992,,,,-0.26318164541705025,,,,4.0
barabasi_albert_n10_s2050221738,barabasi_albert,10,OST-QAOA,3,24,1,anchor:tqa,0.6116845827827567,0.6116845827827567,,,,0.0,,,,-1.0
barabasi_albert_n10_s2050221738,barabasi_albert,10,OST-QAOA,3,24,2,anchor:operator_mean,0.6034853693854685,0.6116845827827567,,,,0.0,,,,-1.0
barabasi_albert_n10_s2050221738,barabasi_albert,10,OST-QAOA,3,24,3,anchor:nearest_operator_neighbor,0.8218424714014991,0.8218424714014991,,,,0.0,,,,-1.0
barabasi_albert_n10_s2050221738,barabasi_albert,10,OST-QAOA,3,24,4,anchor:global,0.6153846153846153,0.8218424714014991,,,,0.0,,,,-1.0
barabasi_albert_n10_s2050221738,barabasi_albert,10,OST-QAOA,3,24,5,operator_refine,0.6562254555046336,0.8218424714014991,,,,0.7888529279525837,,,,0.0
barabasi_albert_n10_s2050221738,barabasi_albert,10,OST-QAOA,3,24,6,operator_refine,0.41051858297359733,0.8218424714014991,,,,-0.7888529279525837,,,,0.0
barabasi_albert_n10_s2050221738,barabasi_albert,10,OST-QAOA,3,24,7,operator_refine,0.6043941994777687,0.8218424714014991,,,,0.7010226438046052,,,,1.0
barabasi_albert_n10_s2050221738,barabasi_albert,10,OST-QAOA,3,24,8,operator_refine,0.6194067302764785,0.8218424714014991,,,,-0.7010226438046052,,,,1.0
barabasi_albert_n10_s2050221738,barabasi_albert,10,OST-QAOA,3,24,9,operator_refine,0.6890621766820202,0.8218424714014991,,,,0.4427903830821677,,,,2.0
barabasi_albert_n10_s2050221738,barabasi_albert,10,OST-QAOA,3,24,10,operator_refine,0.6749458493511583,0.8218424714014991,,,,-0.4427903830821677,,,,2.0
barabasi_albert_n10_s2050221738,barabasi_albert,10,OST-QAOA,3,24,11,operator_refine,0.756094253606698,0.8218424714014991,,,,0.33722140685835494,,,,3.0
barabasi_albert_n10_s2050221738,barabasi_albert,10,OST-QAOA,3,24,12,operator_refine,0.7991794288299742,0.8218424714014991,,,,-0.33722140685835494,,,,3.0
barabasi_albert_n10_s2050221738,barabasi_albert,10,OST-QAOA,3,24,13,operator_refine,0.7952950571823956,0.8218424714014991,,,,0.2913367148967474,,,,4.0
barabasi_albert_n10_s2050221738,barabasi_albert,10,OST-QAOA,3,24,14,operator_refine,0.7880013048388281,0.8218424714014991,,,,-0.2913367148967474,,,,4.0
barabasi_albert_n10_s2050221738,barabasi_albert,10,OST-QAOA,3,24,15,operator_refine,0.8114672878862076,0.8218424714014991,,,,0.2040088941527474,,,,5.0
barabasi_albert_n10_s2050221738,barabasi_albert,10,OST-QAOA,3,24,16,operator_refine,0.8205085919716802,0.8218424714014991,,,,-0.2040088941527474,,,,5.0
barabasi_albert_n10_s2050221738,barabasi_albert,10,OST-QAOA,3,24,17,operator_refine,0.7473655051793944,0.8218424714014991,,,,0.43386911037392106,,,,0.0
barabasi_albert_n10_s2050221738,barabasi_albert,10,OST-QAOA,3,24,18,operator_refine,0.6347006286940482,0.8218424714014991,,,,-0.43386911037392106,,,,0.0
barabasi_albert_n10_s2050221738,barabasi_albert,10,OST-QAOA,3,24,19,operator_refine,0.7203213612802226,0.8218424714014991,,,,0.3855624540925329,,,,1.0
barabasi_albert_n10_s2050221738,barabasi_albert,10,OST-QAOA,3,24,20,operator_refine,0.6634957677071948,0.8218424714014991,,,,-0.3855624540925329,,,,1.0
barabasi_albert_n10_s2050221738,barabasi_albert,10,OST-QAOA,3,24,21,operator_refine,0.7696893156845055,0.8218424714014991,,,,0.24353471069519228,,,,2.0
barabasi_albert_n10_s2050221738,barabasi_albert,10,OST-QAOA,3,24,22,operator_refine,0.7705987698646981,0.8218424714014991,,,,-0.24353471069519228,,,,2.0
barabasi_albert_n10_s2050221738,barabasi_albert,10,OST-QAOA,3,24,23,operator_refine,0.7941573669452426,0.8218424714014991,,,,0.18547177377209523,,,,3.0
barabasi_albert_n10_s2050221738,barabasi_albert,10,OST-QAOA,3,24,24,operator_refine,0.823244159403613,0.823244159403613,,,,-0.18547177377209523,,,,3.0
barabasi_albert_n8_s695482502,barabasi_albert,8,Random,3,24,1,random,0.5864660379267701,0.5864660379267701,,,,,,,,
barabasi_albert_n8_s695482502,barabasi_albert,8,Random,3,24,2,random,0.5412939746346579,0.5864660379267701,,,,,,,,
barabasi_albert_n8_s695482502,barabasi_albert,8,Random,3,24,3,random,0.5708580942591212,0.5864660379267701,,,,,,,,
barabasi_albert_n8_s695482502,barabasi_albert,8,Random,3,24,4,random,0.5587229480003414,0.5864660379267701,,,,,,,,
barabasi_albert_n8_s695482502,barabasi_albert,8,Random,3,24,5,random,0.6427877545894376,0.6427877545894376,,,,,,,,
barabasi_albert_n8_s695482502,barabasi_albert,8,Random,3,24,6,random,0.3858115952713484,0.6427877545894376,,,,,,,,
barabasi_albert_n8_s695482502,barabasi_albert,8,Random,3,24,7,random,0.28000830126475257,0.6427877545894376,,,,,,,,
barabasi_albert_n8_s695482502,barabasi_albert,8,Random,3,24,8,random,0.6934365307079444,0.6934365307079444,,,,,,,,
barabasi_albert_n8_s695482502,barabasi_albert,8,Random,3,24,9,random,0.5914403641775428,0.6934365307079444,,,,,,,,
barabasi_albert_n8_s695482502,barabasi_albert,8,Random,3,24,10,random,0.604762225376513,0.6934365307079444,,,,,,,,
barabasi_albert_n8_s695482502,barabasi_albert,8,Random,3,24,11,random,0.6165946646047422,0.6934365307079444,,,,,,,,
barabasi_albert_n8_s695482502,barabasi_albert,8,Random,3,24,12,random,0.6053440950063946,0.6934365307079444,,,,,,,,
barabasi_albert_n8_s695482502,barabasi_albert,8,Random,3,24,13,random,0.5966769535076543,0.6934365307079444,,,,,,,,
barabasi_albert_n8_s695482502,barabasi_albert,8,Random,3,24,14,random,0.5769897603156936,0.6934365307079444,,,,,,,,
barabasi_albert_n8_s695482502,barabasi_albert,8,Random,3,24,15,random,0.5952256152950322,0.6934365307079444,,,,,,,,
barabasi_albert_n8_s695482502,barabasi_albert,8,Random,3,24,16,random,0.5875070743638431,0.6934365307079444,,,,,,,,
barabasi_albert_n8_s695482502,barabasi_albert,8,Random,3,24,17,random,0.6009712896280386,0.6934365307079444,,,,,,,,
barabasi_albert_n8_s695482502,barabasi_albert,8,Random,3,24,18,random,0.6234918996234207,0.6934365307079444,,,,,,,,
barabasi_albert_n8_s695482502,barabasi_albert,8,Random,3,24,19,random,0.5740944934156831,0.6934365307079444,,,,,,,,
barabasi_albert_n8_s695482502,barabasi_albert,8,Random,3,24,20,random,0.6339159741593143,0.6934365307079444,,,,,,,,
barabasi_albert_n8_s695482502,barabasi_albert,8,Random,3,24,21,random,0.597527877699634,0.6934365307079444,,,,,,,,
barabasi_albert_n8_s695482502,barabasi_albert,8,Random,3,24,22,random,0.6873108499552003,0.6934365307079444,,,,,,,,
barabasi_albert_n8_s695482502,barabasi_albert,8,Random,3,24,23,random,0.5777073545775613,0.6934365307079444,,,,,,,,
barabasi_albert_n8_s695482502,barabasi_albert,8,Random,3,24,24,random,0.6031704651876405,0.6934365307079444,,,,,,,,
barabasi_albert_n8_s695482502,barabasi_albert,8,TQA,3,24,1,anchor:tqa,0.6116727542944956,0.6116727542944956,"[0.7853981633974483, 1.5707963267948966, 2.356194490192345, 2.356194490192345, 1.5707963267948966, 0.7853981633974483]",,,,,"[0.7853981633974483, 1.5707963267948966, 2.356194490192345, 2.356194490192345, 1.5707963267948966, 0.7853981633974483]",3.2950420000013025,
barabasi_albert_n8_s695482502,barabasi_albert,8,TQA+coordinate,3,24,1,anchor:tqa,0.6116727542944956,0.6116727542944956,"[0.7853981633974483, 1.5707963267948966, 2.356194490192345, 2.356194490192345, 1.5707963267948966, 0.7853981633974483]",,,,,"[0.7853981633974483, 1.5707963267948966, 2.356194490192345, 2.356194490192345, 1.5707963267948966, 0.7853981633974483]",3.2849170000019967,
barabasi_albert_n8_s695482502,barabasi_albert,8,TQA+coordinate,3,24,2,coordinate_refine,0.62780729037295,0.62780729037295,"[1.2853981633974483, 1.5707963267948966, 2.356194490192345, 2.356194490192345, 1.5707963267948966, 0.7853981633974483]",0,1,0.5,1.0,"[1.2853981633974483, 1.5707963267948966, 2.356194490192345, 2.356194490192345, 1.5707963267948966, 0.7853981633974483]",3.394542000002332,
barabasi_albert_n8_s695482502,barabasi_albert,8,TQA+coordinate,3,24,3,coordinate_refine,0.6061271512424544,0.62780729037295,"[1.7853981633974483, 1.5707963267948966, 2.356194490192345, 2.356194490192345, 1.5707963267948966, 0.7853981633974483]",0,1,0.5,1.0,"[1.2853981633974483, 1.5707963267948966, 2.356194490192345, 2.356194490192345, 1.5707963267948966, 0.7853981633974483]",3.3514590000010003,
barabasi_albert_n8_s695482502,barabasi_albert,8,TQA+coordinate,3,24,4,coordinate_refine,0.6116727542944956,0.62780729037295,"[0.7853981633974483, 1.5707963267948966, 2.356194490192345, 2.356194490192345, 1.5707963267948966, 0.7853981633974483]",0,-1,0.5,1.0,"[1.2853981633974483, 1.5707963267948966, 2.356194490192345, 2.356194490192345, 1.5707963267948966, 0.7853981633974483]",3.6961670000010827,
barabasi_albert_n8_s695482502,barabasi_albert,8,TQA+coordinate,3,24,5,coordinate_refine,0.633638322835278,0.633638322835278,"[1.2853981633974483, 2.0707963267948966, 2.356194490192345, 2.356194490192345, 1.5707963267948966, 0.7853981633974483]",1,1,0.5,1.0,"[1.2853981633974483, 2.0707963267948966, 2.356194490192345, 2.356194490192345, 1.5707963267948966, 0.7853981633974483]",3.707874999999916,
barabasi_albert_n8_s695482502,barabasi_albert,8,TQA+coordinate,3,24,6,coordinate_refine,0.5778388387703423,0.633638322835278,"[1.7853981633974483, 2.0707963267948966, 2.356194490192345, 2.356194490192345, 1.5707963267948966, 0.7853981633974483]",0,1,0.5,1.0,"[1.2853981633974483, 2.0707963267948966, 2.356194490192345, 2.356194490192345, 1.5707963267948966, 0.7853981633974483]",3.729332999999002,
barabasi_albert_n8_s695482502,barabasi_albert,8,TQA+coordinate,3,24,7,coordinate_refine,0.6246164114284299,0.633638322835278,"[0.7853981633974483, 2.0707963267948966, 2.356194490192345, 2.356194490192345, 1.5707963267948966, 0.7853981633974483]",0,-1,0.5,1.0,"[1.2853981633974483, 2.0707963267948966, 2.356194490192345, 2.356194490192345, 1.5707963267948966, 0.7853981633974483]",3.7192079999996963,
barabasi_albert_n8_s695482502,barabasi_albert,8,TQA+coordinate,3,24,8,coordinate_refine,0.6307408177957781,0.633638322835278,"[1.2853981633974483, 2.5707963267948966, 2.356194490192345, 2.356194490192345, 1.5707963267948966, 0.7853981633974483]",1,1,0.5,1.0,"[1.2853981633974483, 2.0707963267948966, 2.356194490192345, 2.356194490192345, 1.5707963267948966, 0.7853981633974483]",3.7177919999997755,
barabasi_albert_n8_s695482502,barabasi_albert,8,TQA+coordinate,3,24,9,coordinate_refine,0.62780729037295,0.633638322835278,"[1.2853981633974483, 1.5707963267948966, 2.356194490192345, 2.356194490192345, 1.5707963267948966, 0.7853981633974483]",1,-1,0.5,1.0,"[1.2853981633974483, 2.0707963267948966, 2.356194490192345, 2.356194490192345, 1.5707963267948966, 0.7853981633974483]",3.7032080000010126,
barabasi_albert_n8_s695482502,barabasi_albert,8,TQA+coordinate,3,24,10,coordinate_refine,0.6307408177957778,0.633638322835278,"[1.2853981633974483, 2.0707963267948966, 2.856194490192345, 2.356194490192345, 1.5707963267948966, 0.7853981633974483]",2,1,0.5,1.0,"[1.2853981633974483, 2.0707963267948966, 2.356194490192345, 2.356194490192345, 1.5707963267948966, 0.7853981633974483]",3.7981249999994304,
barabasi_albert_n8_s695482502,barabasi_albert,8,TQA+coordinate,3,24,11,coordinate_refine,0.6278072903729499,0.633638322835278,"[1.2853981633974483, 2.0707963267948966, 1.8561944901923448, 2.356194490192345, 1.5707963267948966, 0.7853981633974483]",2,-1,0.5,1.0,"[1.2853981633974483, 2.0707963267948966, 2.356194490192345, 2.356194490192345, 1.5707963267948966, 0.7853981633974483]",3.7644159999992155,
barabasi_albert_n8_s695482502,barabasi_albert,8,TQA+coordinate,3,24,12,coordinate_refine,0.5321799832090767,0.633638322835278,"[1.2853981633974483, 2.0707963267948966, 2.356194490192345, 2.856194490192345, 1.5707963267948966, 0.7853981633974483]",3,1,0.5,1.0,"[1.2853981633974483, 2.0707963267948966, 2.356194490192345, 2.356194490192345, 1.5707963267948966, 0.7853981633974483]",3.744999999998555,
barabasi_albert_n8_s695482502,barabasi_albert,8,TQA+coordinate,3,24,13,coordinate_refine,0.6143824977581825,0.633638322835278,"[1.2853981633974483, 2.0707963267948966, 2.356194490192345, 1.8561944901923448, 1.5707963267948966, 0.7853981633974483]",3,-1,0.5,1.0,"[1.2853981633974483, 2.0707963267948966, 2.356194490192345, 2.356194490192345, 1.5707963267948966, 0.7853981633974483]",3.712416999999135,
barabasi_albert_n8_s695482502,barabasi_albert,8,TQA+coordinate,3,24,14,coordinate_refine,0.5983879804134961,0.633638322835278,"[1.2853981633974483, 2.0707963267948966, 2.356194490192345, 2.356194490192345, 2.0707963267948966, 0.7853981633974483]",4,1,0.5,1.0,"[1.2853981633974483, 2.0707963267948966, 2.356194490192345, 2.356194490192345, 1.5707963267948966, 0.7853981633974483]",3.7062080000005437,
barabasi_albert_n8_s695482502,barabasi_albert,8,TQA+coordinate,3,24,15,coordinate_refine,0.6027107805716335,0.633638322835278,"[1.2853981633974483, 2.0707963267948966, 2.356194490192345, 2.356194490192345, 1.0707963267948966, 0.7853981633974483]",4,-1,0.5,1.0,"[1.2853981633974483, 2.0707963267948966, 2.356194490192345, 2.356194490192345, 1.5707963267948966, 0.7853981633974483]",3.692666999999261,
barabasi_albert_n8_s695482502,barabasi_albert,8,TQA+coordinate,3,24,16,coordinate_refine,0.595728572542265,0.633638322835278,"[1.2853981633974483, 2.0707963267948966, 2.356194490192345, 2.356194490192345, 1.5707963267948966, 1.2853981633974483]",5,1,0.5,1.0,"[1.2853981633974483, 2.0707963267948966, 2.356194490192345, 2.356194490192345, 1.5707963267948966, 0.7853981633974483]",3.6890830000011476,
barabasi_albert_n8_s695482502,barabasi_albert,8,TQA+coordinate,3,24,17,coordinate_refine,0.5977049853505303,0.633638322835278,"[1.2853981633974483, 2.0707963267948966, 2.356194490192345, 2.356194490192345, 1.5707963267948966, 0.2853981633974483]",5,-1,0.5,1.0,"[1.2853981633974483, 2.0707963267948966, 2.356194490192345, 2.356194490192345, 1.5707963267948966, 0.7853981633974483]",3.650707999998559,
barabasi_albert_n8_s695482502,barabasi_albert,8,TQA+coordinate,3,24,18,coordinate_refine,0.6081979301174016,0.633638322835278,"[1.5353981633974483, 2.0707963267948966, 2.356194490192345, 2.356194490192345, 1.5707963267948966, 0.7853981633974483]",0,1,0.25,0.5,"[1.2853981633974483, 2.0707963267948966, 2.356194490192345, 2.356194490192345, 1.5707963267948966, 0.7853981633974483]",3.6743749999992303,
barabasi_albert_n8_s695482502,barabasi_albert,8,TQA+coordinate,3,24,19,coordinate_refine,0.6368804979929185,0.6368804979929185,"[1.0353981633974483, 2.0707963267948966, 2.356194490192345, 2.356194490192345, 1.5707963267948966, 0.7853981633974483]",0,-1,0.25,0.5,"[1.0353981633974483, 2.0707963267948966, 2.356194490192345, 2.356194490192345, 1.5707963267948966, 0.7853981633974483]",3.6387920000002794,
barabasi_albert_n8_s695482502,barabasi_albert,8,TQA+coordinate,3,24,20,coordinate_refine,0.633638322835278,0.6368804979929185,"[1.2853981633974483, 2.0707963267948966, 2.356194490192345, 2.356194490192345, 1.5707963267948966, 0.7853981633974483]",0,1,0.25,0.5,"[1.0353981633974483, 2.0707963267948966, 2.356194490192345, 2.356194490192345, 1.5707963267948966, 0.7853981633974483]",3.683666999997115,
barabasi_albert_n8_s695482502,barabasi_albert,8,TQA+coordinate,3,24,21,coordinate_refine,0.6246164114284299,0.6368804979929185,"[0.7853981633974483, 2.0707963267948966, 2.356194490192345, 2.356194490192345, 1.5707963267948966, 0.7853981633974483]",0,-1,0.25,0.5,"[1.0353981633974483, 2.0707963267948966, 2.356194490192345, 2.356194490192345, 1.5707963267948966, 0.7853981633974483]",3.7283749999978966,
barabasi_albert_n8_s695482502,barabasi_albert,8,TQA+coordinate,3,24,22,coordinate_refine,0.642324866968494,0.642324866968494,"[1.0353981633974483, 2.3207963267948966, 2.356194490192345, 2.356194490192345, 1.5707963267948966, 0.7853981633974483]",1,1,0.25,0.5,"[1.0353981633974483, 2.3207963267948966, 2.356194490192345, 2.356194490192345, 1.5707963267948966, 0.7853981633974483]",3.7684169999998574,
barabasi_albert_n8_s695482502,barabasi_albert,8,TQA+coordinate,3,24,23,coordinate_refine,0.6344564628119531,0.642324866968494,"[1.2853981633974483, 2.3207963267948966, 2.356194490192345, 2.356194490192345, 1.5707963267948966, 0.7853981633974483]",0,1,0.25,0.5,"[1.0353981633974483, 2.3207963267948966, 2.356194490192345, 2.356194490192345, 1.5707963267948966, 0.7853981633974483]",3.719208999999779,
barabasi_albert_n8_s695482502,barabasi_albert,8,TQA+coordinate,3,24,24,coordinate_refine,0.6314664919115717,0.642324866968494,"[0.7853981633974483, 2.3207963267948966, 2.356194490192345, 2.356194490192345, 1.5707963267948966, 0.7853981633974483]",0,-1,0.25,0.5,"[1.0353981633974483, 2.3207963267948966, 2.356194490192345, 2.356194490192345, 1.5707963267948966, 0.7853981633974483]",3.7306249999993213,
barabasi_albert_n8_s695482502,barabasi_albert,8,kNN+coordinate,3,24,1,anchor:tqa,0.6116727542944956,0.6116727542944956,,,,0.0,,,,-1.0
barabasi_albert_n8_s695482502,barabasi_albert,8,kNN+coordinate,3,24,2,anchor:knn_mean,0.5879162396721146,0.6116727542944956,,,,0.0,,,,-1.0
barabasi_albert_n8_s695482502,barabasi_albert,8,kNN+coordinate,3,24,3,anchor:global,0.5999999999999999,0.6116727542944956,,,,0.0,,,,-1.0
barabasi_albert_n8_s695482502,barabasi_albert,8,kNN+coordinate,3,24,4,operator_refine,0.6283969913391554,0.6283969913391554,,,,0.5749235301991791,,,,0.0
barabasi_albert_n8_s695482502,barabasi_albert,8,kNN+coordinate,3,24,5,operator_refine,0.5629018708635941,0.6283969913391554,,,,0.5521798314483237,,,,1.0
barabasi_albert_n8_s695482502,barabasi_albert,8,kNN+coordinate,3,24,6,operator_refine,0.6068323937856953,0.6283969913391554,,,,-0.5521798314483237,,,,1.0
barabasi_albert_n8_s695482502,barabasi_albert,8,kNN+coordinate,3,24,7,operator_refine,0.6302695551811344,0.6302695551811344,,,,0.5495286537657951,,,,2.0
barabasi_albert_n8_s695482502,barabasi_albert,8,kNN+coordinate,3,24,8,operator_refine,0.594533865133213,0.6302695551811344,,,,0.5342810299818483,,,,3.0
barabasi_albert_n8_s695482502,barabasi_albert,8,kNN+coordinate,3,24,9,operator_refine,0.5969787128927473,0.6302695551811344,,,,-0.5342810299818483,,,,3.0
barabasi_albert_n8_s695482502,barabasi_albert,8,kNN+coordinate,3,24,10,operator_refine,0.6260038799804117,0.6302695551811344,,,,0.5008214489197411,,,,4.0
barabasi_albert_n8_s695482502,barabasi_albert,8,kNN+coordinate,3,24,11,operator_refine,0.6271034883310367,0.6302695551811344,,,,-0.5008214489197411,,,,4.0
barabasi_albert_n8_s695482502,barabasi_albert,8,kNN+coordinate,3,24,12,operator_refine,0.5938903064305843,0.6302695551811344,,,,0.4757102943586924,,,,5.0
barabasi_albert_n8_s695482502,barabasi_albert,8,kNN+coordinate,3,24,13,operator_refine,0.6024073220129413,0.6302695551811344,,,,-0.4757102943586924,,,,5.0
barabasi_albert_n8_s695482502,barabasi_albert,8,kNN+coordinate,3,24,14,operator_refine,0.6291430445624132,0.6302695551811344,,,,0.3162079416095485,,,,0.0
barabasi_albert_n8_s695482502,barabasi_albert,8,kNN+coordinate,3,24,15,operator_refine,0.6287661641637365,0.6302695551811344,,,,-0.3162079416095485,,,,0.0
barabasi_albert_n8_s695482502,barabasi_albert,8,kNN+coordinate,3,24,16,operator_refine,0.5849876316613514,0.6302695551811344,,,,0.30369890729657806,,,,1.0
barabasi_albert_n8_s695482502,barabasi_albert,8,kNN+coordinate,3,24,17,operator_refine,0.611690997360491,0.6302695551811344,,,,-0.30369890729657806,,,,1.0
barabasi_albert_n8_s695482502,barabasi_albert,8,kNN+coordinate,3,24,18,operator_refine,0.5929259406043105,0.6302695551811344,,,,0.3022407595711873,,,,2.0
barabasi_albert_n8_s695482502,barabasi_albert,8,kNN+coordinate,3,24,19,operator_refine,0.6395819888834131,0.6395819888834131,,,,-0.3022407595711873,,,,2.0
barabasi_albert_n8_s695482502,barabasi_albert,8,kNN+coordinate,3,24,20,operator_refine,0.5981562471887439,0.6395819888834131,,,,0.2938545664900166,,,,3.0
barabasi_albert_n8_s695482502,barabasi_albert,8,kNN+coordinate,3,24,21,operator_refine,0.6313565328853077,0.6395819888834131,,,,-0.2938545664900166,,,,3.0
barabasi_albert_n8_s695482502,barabasi_albert,8,kNN+coordinate,3,24,22,operator_refine,0.6405142911534062,0.6405142911534062,,,,0.27545179690585764,,,,4.0
barabasi_albert_n8_s695482502,barabasi_albert,8,kNN+coordinate,3,24,23,operator_refine,0.6312392346003055,0.6405142911534062,,,,0.26164066189728086,,,,5.0
barabasi_albert_n8_s695482502,barabasi_albert,8,kNN+coordinate,3,24,24,operator_refine,0.6303774252391572,0.6405142911534062,,,,-0.26164066189728086,,,,5.0
barabasi_albert_n8_s695482502,barabasi_albert,8,OST diagonal,3,24,1,anchor:tqa,0.6116727542944956,0.6116727542944956,,,,0.0,,,,-1.0
barabasi_albert_n8_s695482502,barabasi_albert,8,OST diagonal,3,24,2,anchor:operator_mean,0.6484064533842008,0.6484064533842008,,,,0.0,,,,-1.0
barabasi_albert_n8_s695482502,barabasi_albert,8,OST diagonal,3,24,3,anchor:nearest_operator_neighbor,0.8485374539561924,0.8485374539561924,,,,0.0,,,,-1.0
barabasi_albert_n8_s695482502,barabasi_albert,8,OST diagonal,3,24,4,anchor:global,0.5999999999999999,0.8485374539561924,,,,0.0,,,,-1.0
barabasi_albert_n8_s695482502,barabasi_albert,8,OST diagonal,3,24,5,operator_refine,0.7478811967286733,0.8485374539561924,,,,0.5493697855207792,,,,0.0
barabasi_albert_n8_s695482502,barabasi_albert,8,OST diagonal,3,24,6,operator_refine,0.5911907901272093,0.8485374539561924,,,,-0.5493697855207792,,,,0.0
barabasi_albert_n8_s695482502,barabasi_albert,8,OST diagonal,3,24,7,operator_refine,0.5487028146713531,0.8485374539561924,,,,0.5305136132511494,,,,1.0
barabasi_albert_n8_s695482502,barabasi_albert,8,OST diagonal,3,24,8,operator_refine,0.6639904178616336,0.8485374539561924,,,,-0.5305136132511494,,,,1.0
barabasi_albert_n8_s695482502,barabasi_albert,8,OST diagonal,3,24,9,operator_refine,0.6995756348263086,0.8485374539561924,,,,0.5244691521768146,,,,2.0
barabasi_albert_n8_s695482502,barabasi_albert,8,OST diagonal,3,24,10,operator_refine,0.7920535000962255,0.8485374539561924,,,,-0.5244691521768146,,,,2.0
barabasi_albert_n8_s695482502,barabasi_albert,8,OST diagonal,3,24,11,operator_refine,0.6967838031777246,0.8485374539561924,,,,0.5173244239214732,,,,3.0
barabasi_albert_n8_s695482502,barabasi_albert,8,OST diagonal,3,24,12,operator_refine,0.6668689752299614,0.8485374539561924,,,,-0.5173244239214732,,,,3.0
barabasi_albert_n8_s695482502,barabasi_albert,8,OST diagonal,3,24,13,operator_refine,0.8500803643797354,0.8500803643797354,,,,0.47308907459780347,,,,4.0
barabasi_albert_n8_s695482502,barabasi_albert,8,OST diagonal,3,24,14,operator_refine,0.5910249465299626,0.8500803643797354,,,,0.4474845486019671,,,,5.0
barabasi_albert_n8_s695482502,barabasi_albert,8,OST diagonal,3,24,15,operator_refine,0.6069428882796746,0.8500803643797354,,,,-0.4474845486019671,,,,5.0
barabasi_albert_n8_s695482502,barabasi_albert,8,OST diagonal,3,24,16,operator_refine,0.8113763949149397,0.8500803643797354,,,,0.3021533820364286,,,,0.0
barabasi_albert_n8_s695482502,barabasi_albert,8,OST diagonal,3,24,17,operator_refine,0.7554296388268587,0.8500803643797354,,,,-0.3021533820364286,,,,0.0
barabasi_albert_n8_s695482502,barabasi_albert,8,OST diagonal,3,24,18,operator_refine,0.6865876578190517,0.8500803643797354,,,,0.2917824872881322,,,,1.0
barabasi_albert_n8_s695482502,barabasi_albert,8,OST diagonal,3,24,19,operator_refine,0.8065671285363816,0.8500803643797354,,,,-0.2917824872881322,,,,1.0
barabasi_albert_n8_s695482502,barabasi_albert,8,OST diagonal,3,24,20,operator_refine,0.7754341470687512,0.8500803643797354,,,,0.28845803369724804,,,,2.0
barabasi_albert_n8_s695482502,barabasi_albert,8,OST diagonal,3,24,21,operator_refine,0.8473774207133818,0.8500803643797354,,,,-0.28845803369724804,,,,2.0
barabasi_albert_n8_s695482502,barabasi_albert,8,OST diagonal,3,24,22,operator_refine,0.7923426440233999,0.8500803643797354,,,,0.28452843315681026,,,,3.0
barabasi_albert_n8_s695482502,barabasi_albert,8,OST diagonal,3,24,23,operator_refine,0.77563497532994,0.8500803643797354,,,,-0.28452843315681026,,,,3.0
barabasi_albert_n8_s695482502,barabasi_albert,8,OST diagonal,3,24,24,operator_refine,0.8500739007262229,0.8500803643797354,,,,0.2601989910287919,,,,4.0
barabasi_albert_n8_s695482502,barabasi_albert,8,OST-QAOA,3,24,1,anchor:tqa,0.6116727542944956,0.6116727542944956,,,,0.0,,,,-1.0
barabasi_albert_n8_s695482502,barabasi_albert,8,OST-QAOA,3,24,2,anchor:operator_mean,0.6484064533842008,0.6484064533842008,,,,0.0,,,,-1.0
barabasi_albert_n8_s695482502,barabasi_albert,8,OST-QAOA,3,24,3,anchor:nearest_operator_neighbor,0.8485374539561924,0.8485374539561924,,,,0.0,,,,-1.0
barabasi_albert_n8_s695482502,barabasi_albert,8,OST-QAOA,3,24,4,anchor:global,0.5999999999999999,0.8485374539561924,,,,0.0,,,,-1.0
barabasi_albert_n8_s695482502,barabasi_albert,8,OST-QAOA,3,24,5,operator_refine,0.669413172763172,0.8485374539561924,,,,0.8099232231818279,,,,0.0
barabasi_albert_n8_s695482502,barabasi_albert,8,OST-QAOA,3,24,6,operator_refine,0.635463227733214,0.8485374539561924,,,,-0.8099232231818279,,,,0.0
barabasi_albert_n8_s695482502,barabasi_albert,8,OST-QAOA,3,24,7,operator_refine,0.658276617401277,0.8485374539561924,,,,0.6360240190012393,,,,1.0
barabasi_albert_n8_s695482502,barabasi_albert,8,OST-QAOA,3,24,8,operator_refine,0.653920589238432,0.8485374539561924,,,,-0.6360240190012393,,,,1.0
barabasi_albert_n8_s695482502,barabasi_albert,8,OST-QAOA,3,24,9,operator_refine,0.7003408638624877,0.8485374539561924,,,,0.4393096553466042,,,,2.0
barabasi_albert_n8_s695482502,barabasi_albert,8,OST-QAOA,3,24,10,operator_refine,0.7816085280800426,0.8485374539561924,,,,-0.4393096553466042,,,,2.0
barabasi_albert_n8_s695482502,barabasi_albert,8,OST-QAOA,3,24,11,operator_refine,0.7325617454899838,0.8485374539561924,,,,0.37484361910845354,,,,3.0
barabasi_albert_n8_s695482502,barabasi_albert,8,OST-QAOA,3,24,12,operator_refine,0.8663039509703738,0.8663039509703738,,,,-0.37484361910845354,,,,3.0
barabasi_albert_n8_s695482502,barabasi_albert,8,OST-QAOA,3,24,13,operator_refine,0.6610579763254437,0.8663039509703738,,,,0.3495797646194068,,,,4.0
barabasi_albert_n8_s695482502,barabasi_albert,8,OST-QAOA,3,24,14,operator_refine,0.7267417903472376,0.8663039509703738,,,,-0.3495797646194068,,,,4.0
barabasi_albert_n8_s695482502,barabasi_albert,8,OST-QAOA,3,24,15,operator_refine,0.8571365843441029,0.8663039509703738,,,,0.18382354556975516,,,,5.0
barabasi_albert_n8_s695482502,barabasi_albert,8,OST-QAOA,3,24,16,operator_refine,0.8315335546754005,0.8663039509703738,,,,-0.18382354556975516,,,,5.0
barabasi_albert_n8_s695482502,barabasi_albert,8,OST-QAOA,3,24,17,operator_refine,0.7617904083026602,0.8663039509703738,,,,0.44545777275000537,,,,0.0
barabasi_albert_n8_s695482502,barabasi_albert,8,OST-QAOA,3,24,18,operator_refine,0.7881017734730502,0.8663039509703738,,,,-0.44545777275000537,,,,0.0
barabasi_albert_n8_s695482502,barabasi_albert,8,OST-QAOA,3,24,19,operator_refine,0.7620894364170088,0.8663039509703738,,,,0.34981321045068164,,,,1.0
barabasi_albert_n8_s695482502,barabasi_albert,8,OST-QAOA,3,24,20,operator_refine,0.7873092211995901,0.8663039509703738,,,,-0.34981321045068164,,,,1.0
barabasi_albert_n8_s695482502,barabasi_albert,8,OST-QAOA,3,24,21,operator_refine,0.8295817100151677,0.8663039509703738,,,,0.24162031044063234,,,,2.0
barabasi_albert_n8_s695482502,barabasi_albert,8,OST-QAOA,3,24,22,operator_refine,0.817022493179795,0.8663039509703738,,,,-0.24162031044063234,,,,2.0
barabasi_albert_n8_s695482502,barabasi_albert,8,OST-QAOA,3,24,23,operator_refine,0.8705990325891422,0.8705990325891422,,,,0.20616399050964945,,,,3.0
barabasi_albert_n8_s695482502,barabasi_albert,8,OST-QAOA,3,24,24,operator_refine,0.7896393704986029,0.8705990325891422,,,,0.19226887054067376,,,,4.0
